route_id,route_number,route_description,distance_dir_0_km,distance_dir_1_km,trip_time_0_min,trip_time_1_min,road_gradient_0_%,road_gradient_1_%,number_of_daily_roundtrips_0,number_of_daily_roundtrips_1,stop_coordinates_array_0,stop_coordinates_array_1,base_buses,passenger_daily_demand,reduction_CO2_kg,equity_score
1,1,Bronzeville/Union Station,23.53,24.99,34.5,41.5,,,28.0,24.0,"[[41.87445069, -87.64435123], [41.87461141, -87.64234476], [41.87691184, -87.64242129], [41.87800485, -87.63978175], [41.87801246, -87.63831201], [41.87805885, -87.63540675], [41.87808885, -87.63287375], [41.87812885, -87.62947275], [41.87814885, -87.62790475], [41.87821585, -87.62575775], [41.87627885, -87.62440175], [41.87456745, -87.62437947], [41.87329585, -87.62433475], [41.87201385, -87.62430975], [41.87029565, -87.62427657], [41.86909885, -87.62428375], [41.86712796, -87.62426473], [41.8656027, -87.62423267], [41.86389085, -87.62419075], [41.85995246, -87.62409992], [41.85765363, -87.62404682], [41.85534841, -87.62399841], [41.85400371, -87.62396845], [41.8525207, -87.6239148], [41.85128359, -87.62387116], [41.84939085, -87.62383012], [41.84716429, -87.62377257], [41.84547219, -87.62372217], [41.84313628, -87.62366253], [41.84174704, -87.6236298], [41.84048785, -87.62355074], [41.83819823, -87.62359705], [41.83622985, -87.62347074], [41.83450586, -87.62344105], [41.83276285, -87.62336274]]","[[41.83132429, -87.62168256], [41.83298285, -87.62171274], [41.83495645, -87.62175813], [41.83643785, -87.62176374], [41.83825585, -87.62183074], [41.84060985, -87.62312074], [41.84188985, -87.62324574], [41.84363785, -87.62325374], [41.8458955, -87.62332593], [41.84732085, -87.62350575], [41.84946926, -87.62360839], [41.85115718, -87.62359165], [41.8531941, -87.62371448], [41.8545283, -87.62374702], [41.85571821, -87.62377619], [41.85813463, -87.62383315], [41.8605098, -87.62388583], [41.86451556, -87.62396506], [41.86599158, -87.62400465], [41.86790056, -87.62396984], [41.86915256, -87.62397025], [41.87051049, -87.62401209], [41.87179469, -87.62403975], [41.87340285, -87.62408775], [41.87554805, -87.62413205], [41.87669785, -87.62416575], [41.87958285, -87.62588975], [41.87951659, -87.62811104], [41.87948005, -87.63111025], [41.87943385, -87.63402975], [41.87940785, -87.63654775], [41.87874885, -87.64117675], [41.87445069, -87.64435123]]",,,,
2,2,Hyde Park Express,57.71,56.59,60.5,56.0,,,33.0,30.0,"[[41.89266187, -87.61110415], [41.89201886, -87.61213075], [41.89195686, -87.61539675], [41.8919258, -87.61799011], [41.89186986, -87.62001475], [41.89345286, -87.62058375], [41.89340486, -87.62256375], [41.89269886, -87.62433375], [41.89104012, -87.62429915], [41.88990186, -87.62424975], [41.88836786, -87.62506075], [41.88590086, -87.62805875], [41.88337885, -87.62797775], [41.88086385, -87.62783975], [41.87832585, -87.62777575], [41.87700065, -87.62776972], [41.87500459, -87.62770176], [41.87305687, -87.6272907], [41.8731092, -87.62358528], [41.87315785, -87.62085775], [41.86936947, -87.62066164], [41.79122284, -87.58678073], [41.78806584, -87.58672073], [41.78618317, -87.58716503], [41.78611611, -87.59406311], [41.78608613, -87.59622006], [41.7860168, -87.59805812], [41.78597862, -87.60108509], [41.78593871, -87.60592066], [41.78636711, -87.60625913]]","[[41.78636711, -87.60625913], [41.7858486, -87.60556218], [41.78587188, -87.60383716], [41.78589605, -87.60089544], [41.78590627, -87.5995088], [41.78592946, -87.59772764], [41.78595865, -87.59645483], [41.7860584, -87.59324202], [41.78624299, -87.59140417], [41.78809199, -87.58653887], [41.78962784, -87.58658073], [41.79134784, -87.58663573], [41.86936738, -87.62036045], [41.87327185, -87.62100775], [41.87322885, -87.62394375], [41.87315849, -87.62737141], [41.87489071, -87.62745857], [41.87685552, -87.62754829], [41.87940926, -87.62761545], [41.88193285, -87.62768075], [41.88435886, -87.62779675], [41.88560886, -87.62782875], [41.88669686, -87.62783675], [41.88808386, -87.62443075], [41.89021286, -87.62397475], [41.89177686, -87.62403975], [41.89250686, -87.62285875], [41.89234786, -87.62038575], [41.89100986, -87.61786575], [41.89104986, -87.61538175], [41.89103297, -87.61315337], [41.89266187, -87.61110415]]",,,,
3,3,King Drive,74.28,69.87,96.0,91.3,,,111.0,107.0,"[[41.89408886, -87.62022975], [41.89569686, -87.62029075], [41.89684602, -87.62171442], [41.89583088, -87.62442823], [41.89429086, -87.62436975], [41.89269886, -87.62433375], [41.89104012, -87.62429915], [41.88990186, -87.62424975], [41.88691229, -87.62468635], [41.88511186, -87.62462075], [41.88342185, -87.62459375], [41.88063279, -87.62452219], [41.87843685, -87.62445175], [41.87627885, -87.62440175], [41.87456745, -87.62437947], [41.87329585, -87.62433475], [41.87201385, -87.62430975], [41.87029565, -87.62427657], [41.86909885, -87.62428375], [41.86712796, -87.62426473], [41.8656027, -87.62423267], [41.86389085, -87.62419075], [41.85995246, -87.62409992], [41.85765363, -87.62404682], [41.85534841, -87.62399841], [41.85400371, -87.62396845], [41.85277856, -87.62183513], [41.85108642, -87.61905895], [41.84732692, -87.61782217], [41.84546261, -87.61777385], [41.84337173, -87.6177213], [41.84187523, -87.61765288], [41.8402478, -87.61758666], [41.83855077, -87.61756196], [41.83631558, -87.61754592], [41.83494895, -87.61749686], [41.83085351, -87.61741932], [41.82927849, -87.61718231], [41.82741161, -87.61718383], [41.825547, -87.61714741], [41.82366387, -87.61711613], [41.82260792, -87.61704193], [41.82006765, -87.6170185], [41.81828404, -87.61695139], [41.81651616, -87.61691856], [41.8147141, -87.61685976], [41.81288909, -87.61680754], [41.81105484, -87.61675425], [41.80917191, -87.61668774], [41.80734462, -87.61663072], [41.80559494, -87.61659648], [41.8037241, -87.61656264], [41.80187612, -87.61623975], [41.80040278, -87.61621908], [41.79826554, -87.61614454], [41.79648065, -87.61610071], [41.79490332, -87.61605792], [41.79423447, -87.61604169], [41.79279484, -87.61598874], [41.7910012, -87.61596321], [41.78920667, -87.6158587], [41.78737967, -87.6158447], [41.78578179, -87.61583961], [41.78367464, -87.61579029], [41.78192484, -87.61573873], [41.78047308, -87.61569717], [41.77996631, -87.6156994], [41.77814584, -87.61567274], [41.77639584, -87.61562574], [41.77464084, -87.61556773], [41.77305699, -87.61555135], [41.77266164, -87.61554062], [41.77054151, -87.61547584], [41.7694337, -87.61544566], [41.76749707, -87.61536187], [41.76556984, -87.61532873], [41.76375771, -87.61533132], [41.76190519, -87.61529222], [41.76010493, -87.61526047], [41.75816483, -87.61521317], [41.75648007, -87.61518086], [41.75465561, -87.61511221], [41.7528097, -87.61509846], [41.75092864, -87.61504468], [41.74946083, -87.61496873], [41.74734132, -87.61494642], [41.74551253, -87.61488883], [41.74376707, -87.61477666], [41.74186923, -87.6147553], [41.74006455, -87.61473315], [41.73825466, -87.61468464], [41.73634958, -87.61459688], [41.73454908, -87.61453641], [41.73272108, -87.61450241], [41.73097408, -87.6144594], [41.72917078, -87.61437808], [41.72689581, -87.61434978], [41.72543581, -87.61428978], [41.72350781, -87.61423478], [41.72199609, -87.61445396], [41.72196371, -87.61646558], [41.72192477, -87.61882512], [41.7215306, -87.62067708], [41.72006167, -87.62064496], [41.71824945, -87.62060484], [41.71645683, -87.62055173], [41.72143838, -87.6236348]]","[[41.72143838, -87.6236348], [41.72168377, -87.62074179], [41.72171112, -87.61911729], [41.72175499, -87.61666962], [41.72224226, -87.61407243], [41.72377032, -87.61403302], [41.72566299, -87.61407517], [41.72697758, -87.61418906], [41.72926244, -87.61424775], [41.73111641, -87.61428351], [41.73267647, -87.61424941], [41.73469966, -87.61433614], [41.7366897, -87.61446816], [41.73837516, -87.61441135], [41.74021716, -87.61447735], [41.74210816, -87.61450635], [41.74388663, -87.61452047], [41.74575587, -87.61461639], [41.74763497, -87.61481003], [41.74938671, -87.61484079], [41.75131436, -87.61487724], [41.75308308, -87.61491116], [41.75484317, -87.61484233], [41.75668216, -87.61493395], [41.75860542, -87.61504075], [41.76040449, -87.61511504], [41.76194999, -87.61512512], [41.76403685, -87.61518112], [41.76583944, -87.61513734], [41.76766829, -87.61515906], [41.76948011, -87.61528297], [41.77046084, -87.61532074], [41.77265206, -87.61535675], [41.77314557, -87.61536909], [41.77497836, -87.61540794], [41.77671777, -87.61545891], [41.77831484, -87.61550273], [41.78044501, -87.61554363], [41.78223842, -87.61560474], [41.78405755, -87.61564619], [41.78563301, -87.61568785], [41.787665, -87.61571191], [41.78931441, -87.61577042], [41.7912915, -87.61582579], [41.79311884, -87.6158743], [41.79441006, -87.61590438], [41.7950306, -87.61592043], [41.79681253, -87.61596707], [41.79842454, -87.61598809], [41.80026221, -87.61605332], [41.80236658, -87.61601625], [41.80408606, -87.61632151], [41.80586244, -87.61638127], [41.80777905, -87.61643377], [41.80963513, -87.61650239], [41.811389, -87.61654932], [41.81318022, -87.61651444], [41.81497058, -87.61662441], [41.81688825, -87.61649064], [41.81861569, -87.61673212], [41.82042601, -87.61676294], [41.82258158, -87.6168457], [41.82394737, -87.61690411], [41.82574337, -87.61693552], [41.82764365, -87.61696315], [41.82920784, -87.61701365], [41.83147352, -87.61685908], [41.83349285, -87.61690774], [41.83495775, -87.61693928], [41.83679151, -87.61697183], [41.83830204, -87.61703392], [41.83973285, -87.61708274], [41.84229785, -87.61717574], [41.84335785, -87.61713574], [41.84551585, -87.61722574], [41.84766556, -87.61729773], [41.85154397, -87.61885453], [41.85303433, -87.62083918], [41.8531941, -87.62371448], [41.8545283, -87.62374702], [41.85571821, -87.62377619], [41.85813463, -87.62383315], [41.8605098, -87.62388583], [41.86451556, -87.62396506], [41.86599158, -87.62400465], [41.86790056, -87.62396984], [41.86915256, -87.62397025], [41.87051049, -87.62401209], [41.87179469, -87.62403975], [41.87340285, -87.62408775], [41.87554805, -87.62413205], [41.87814285, -87.62419875], [41.88067237, -87.62419229], [41.88237485, -87.62421075], [41.88469579, -87.6243233], [41.8867076, -87.62438975], [41.88808386, -87.62443075], [41.89021286, -87.62397475], [41.89177686, -87.62403975], [41.89320186, -87.62409475], [41.89480586, -87.62410975], [41.89654286, -87.62413875], [41.89667923, -87.6219641], [41.89672386, -87.62053575], [41.89513486, -87.62038075]]",,,,
4,4,Cottage Grove,83.72,88.33,106.0,102.0,,,103.0,112.0,"[[41.88478786, -87.62051875], [41.88809797, -87.6208499], [41.88833474, -87.62286036], [41.88691229, -87.62468635], [41.88511186, -87.62462075], [41.88342185, -87.62459375], [41.88063279, -87.62452219], [41.87843685, -87.62445175], [41.87627885, -87.62440175], [41.87456745, -87.62437947], [41.87329585, -87.62433475], [41.87201385, -87.62430975], [41.87029565, -87.62427657], [41.86909885, -87.62428375], [41.86712796, -87.62426473], [41.8656027, -87.62423267], [41.86389085, -87.62419075], [41.85995246, -87.62409992], [41.85765363, -87.62404682], [41.85534841, -87.62399841], [41.85400371, -87.62396845], [41.8525207, -87.6239148], [41.85128359, -87.62387116], [41.84939085, -87.62383012], [41.84716429, -87.62377257], [41.84547219, -87.62372217], [41.84313628, -87.62366253], [41.84174704, -87.6236298], [41.84048785, -87.62355074], [41.83819823, -87.62359705], [41.83622985, -87.62347074], [41.83450586, -87.62344105], [41.83276285, -87.62336274], [41.83100593, -87.62150853], [41.8310257, -87.6195256], [41.83103024, -87.61763027], [41.83105317, -87.61676479], [41.83109007, -87.61402834], [41.83108849, -87.61108227], [41.82920422, -87.60967624], [41.82783692, -87.60897146], [41.82612702, -87.60809767], [41.82412485, -87.60707374], [41.82295485, -87.60692874], [41.82167085, -87.60690274], [41.82043676, -87.60682509], [41.81877785, -87.60683574], [41.81658482, -87.60680602], [41.81514484, -87.60673874], [41.81297846, -87.6067692], [41.81148484, -87.60668074], [41.80965684, -87.60668309], [41.80785984, -87.60660074], [41.80563985, -87.60659809], [41.80420948, -87.6065572], [41.80234298, -87.6065358], [41.8015837, -87.60650184], [41.80042084, -87.60643073], [41.79850241, -87.60641348], [41.79677484, -87.60634573], [41.79509462, -87.60633606], [41.79314734, -87.60633454], [41.79145885, -87.60625543], [41.78968916, -87.6062439], [41.78806416, -87.6062069], [41.78579716, -87.6061749], [41.78414477, -87.60613567], [41.78239084, -87.60606773], [41.78053259, -87.60604548], [41.77835209, -87.60599871], [41.776879, -87.60596549], [41.77505654, -87.60592596], [41.77291338, -87.60589981], [41.77141763, -87.60584317], [41.76959351, -87.60580219], [41.76754626, -87.60575795], [41.76538076, -87.60507525], [41.76337284, -87.60228964], [41.76208336, -87.60049253], [41.76046729, -87.5982471], [41.75871171, -87.59814669], [41.7587149, -87.60041268], [41.75869157, -87.60280306], [41.75845049, -87.60544157], [41.75684808, -87.60547544], [41.75500762, -87.60542365], [41.75320693, -87.60538974], [41.75111232, -87.60536393], [41.74958376, -87.60532157], [41.74775983, -87.60523073], [41.74591983, -87.60518073], [41.74381869, -87.60515529], [41.74218085, -87.60508169], [41.74036285, -87.60502369], [41.73833469, -87.6049856], [41.7367825, -87.60496944], [41.73494983, -87.60487873], [41.73315083, -87.60483573], [41.73135083, -87.60480573], [41.72912788, -87.60477324], [41.72760186, -87.60470907], [41.72546449, -87.60468606], [41.72271838, -87.60462411], [41.72183548, -87.60331984], [41.72021293, -87.60372575], [41.71832793, -87.60413574], [41.71662865, -87.60454374], [41.71466121, -87.60498103], [41.71301105, -87.6053847], [41.7109716, -87.60581446], [41.70937309, -87.6061789], [41.70754669, -87.60661249], [41.70555096, -87.60702286], [41.70398883, -87.60741273], [41.70210082, -87.60781273], [41.70033182, -87.60823573], [41.69837282, -87.60866673], [41.69671782, -87.60907473], [41.69466318, -87.60948533], [41.6929052, -87.6099333], [41.69108082, -87.61037972], [41.68899189, -87.61080495], [41.68745682, -87.61119673], [41.68559582, -87.61150573], [41.68560486, -87.61233205]]","[[41.68560486, -87.61233205], [41.68903532, -87.61318556], [41.69087096, -87.61323073], [41.69264574, -87.61329559], [41.69267829, -87.61226865], [41.69310885, -87.60967137], [41.69464982, -87.60932273], [41.69651587, -87.60890511], [41.6980792, -87.60852408], [41.7002115, -87.6080585], [41.70188468, -87.60769246], [41.70369942, -87.60725366], [41.70553576, -87.60684395], [41.70782579, -87.60634234], [41.70920218, -87.60603149], [41.71118807, -87.60559179], [41.71275677, -87.60521748], [41.7146381, -87.60476529], [41.71655375, -87.60436418], [41.71835061, -87.60395933], [41.72020183, -87.60352166], [41.72152752, -87.60321745], [41.72240981, -87.604366], [41.72553156, -87.60443926], [41.72743095, -87.60449733], [41.72928276, -87.60452425], [41.73109712, -87.60456366], [41.73294481, -87.60460671], [41.73473267, -87.60465414], [41.73654552, -87.60469941], [41.73837221, -87.60474733], [41.74025865, -87.60480037], [41.74203665, -87.60485037], [41.74393536, -87.60485979], [41.74578736, -87.60493579], [41.74794459, -87.6050282], [41.74905804, -87.6050599], [41.75116653, -87.60511443], [41.75306161, -87.60510096], [41.75488533, -87.60544367], [41.75668861, -87.60521196], [41.75853846, -87.60521332], [41.75852882, -87.60305415], [41.75855882, -87.60065415], [41.75855484, -87.59823773], [41.75910781, -87.59592368], [41.76040044, -87.59774939], [41.76215207, -87.60017984], [41.76354283, -87.60212616], [41.76618084, -87.60547566], [41.76753872, -87.60553317], [41.76937649, -87.60555381], [41.77131048, -87.60562215], [41.77332199, -87.60564409], [41.77488056, -87.60569772], [41.77701987, -87.60575071], [41.778787, -87.60579406], [41.78057559, -87.60582442], [41.78216386, -87.60586397], [41.78398147, -87.60588367], [41.78574462, -87.60593984], [41.78763916, -87.60597797], [41.78940641, -87.60602907], [41.79163955, -87.6060732], [41.79309976, -87.60610984], [41.79523892, -87.606154], [41.79658484, -87.60620573], [41.79855723, -87.60622944], [41.80034084, -87.60627573], [41.8013111, -87.60627019], [41.80248531, -87.60630386], [41.80394584, -87.60634574], [41.80573584, -87.60639574], [41.80759584, -87.60643774], [41.80975571, -87.60646765], [41.81152956, -87.60650112], [41.81305284, -87.60656574], [41.81480584, -87.60659774], [41.81671471, -87.60661618], [41.81847084, -87.60669074], [41.82037085, -87.60675074], [41.82136485, -87.60677774], [41.82258323, -87.60679056], [41.8242926, -87.60698481], [41.82623431, -87.60797112], [41.82760085, -87.60868274], [41.82904394, -87.60942206], [41.83109384, -87.61048463], [41.83132956, -87.61183025], [41.83129085, -87.61498074], [41.83127543, -87.61665041], [41.83115549, -87.61924829], [41.83132429, -87.62168256], [41.83298285, -87.62171274], [41.83495645, -87.62175813], [41.83643785, -87.62176374], [41.83825585, -87.62183074], [41.84060985, -87.62312074], [41.84188985, -87.62324574], [41.84363785, -87.62325374], [41.8458955, -87.62332593], [41.84732085, -87.62350575], [41.84946926, -87.62360839], [41.85115718, -87.62359165], [41.8531941, -87.62371448], [41.8545283, -87.62374702], [41.85571821, -87.62377619], [41.85813463, -87.62383315], [41.8605098, -87.62388583], [41.86451556, -87.62396506], [41.86599158, -87.62400465], [41.86790056, -87.62396984], [41.86915256, -87.62397025], [41.87051049, -87.62401209], [41.87179469, -87.62403975], [41.87340285, -87.62408775], [41.87554805, -87.62413205], [41.87814285, -87.62419875], [41.88067237, -87.62419229], [41.88237485, -87.62421075], [41.88429339, -87.62362601], [41.88478786, -87.62051875], [41.88809797, -87.6208499], [41.88833474, -87.62286036], [41.88691229, -87.62468635], [41.88511186, -87.62462075], [41.88308401, -87.6277524]]",,,,
X4,X4,Cottage Grove Express,78.49,73.34,90.0,75.5,,,33.0,33.0,"[[41.88478786, -87.62051875], [41.88809797, -87.6208499], [41.88833474, -87.62286036], [41.88691229, -87.62468635], [41.88511186, -87.62462075], [41.88342185, -87.62459375], [41.88063279, -87.62452219], [41.87843685, -87.62445175], [41.87627885, -87.62440175], [41.87456745, -87.62437947], [41.87329585, -87.62433475], [41.87201385, -87.62430975], [41.87029565, -87.62427657], [41.86909885, -87.62428375], [41.86712796, -87.62426473], [41.85995246, -87.62409992], [41.8525207, -87.6239148], [41.84547219, -87.62372217], [41.83819823, -87.62359705], [41.83100593, -87.62150853], [41.83105317, -87.61676479], [41.83108849, -87.61108227], [41.82412485, -87.60707374], [41.81658482, -87.60680602], [41.80965684, -87.60668309], [41.80234298, -87.6065358], [41.79509462, -87.60633606], [41.78968916, -87.6062439], [41.78414477, -87.60613567], [41.78053259, -87.60604548], [41.77291338, -87.60589981], [41.76538076, -87.60507525], [41.75871171, -87.59814669], [41.75845049, -87.60544157], [41.75111232, -87.60536393], [41.74381869, -87.60515529], [41.7367825, -87.60496944], [41.72912788, -87.60477324], [41.72271838, -87.60462411], [41.72199609, -87.61445396], [41.7215306, -87.62067708], [41.71645683, -87.62055173], [41.72143838, -87.6236348]]","[[41.72143838, -87.6236348], [41.72180452, -87.6136745], [41.72240981, -87.604366], [41.72928276, -87.60452425], [41.73654552, -87.60469941], [41.74393536, -87.60485979], [41.75116653, -87.60511443], [41.75853846, -87.60521332], [41.75910781, -87.59592368], [41.76618084, -87.60547566], [41.77332199, -87.60564409], [41.78057559, -87.60582442], [41.78398147, -87.60588367], [41.78940641, -87.60602907], [41.79523892, -87.606154], [41.80248531, -87.60630386], [41.80975571, -87.60646765], [41.81671471, -87.60661618], [41.8242926, -87.60698481], [41.83132956, -87.61183025], [41.83127543, -87.61665041], [41.83132429, -87.62168256], [41.83825585, -87.62183074], [41.8458955, -87.62332593], [41.8531941, -87.62371448], [41.8605098, -87.62388583], [41.86790056, -87.62396984], [41.86915256, -87.62397025], [41.87051049, -87.62401209], [41.87179469, -87.62403975], [41.87340285, -87.62408775], [41.87554805, -87.62413205], [41.87814285, -87.62419875], [41.88067237, -87.62419229], [41.88237485, -87.62421075], [41.88429339, -87.62362601], [41.88478786, -87.62051875]]",,,,
N5,N5,South Shore Night Bus,64.26,64.41,49.0,49.0,,,7.0,8.0,"[[41.76910704, -87.62601851], [41.76911015, -87.62466673], [41.76911581, -87.62349443], [41.76915781, -87.62191142], [41.76917881, -87.62031142], [41.76920781, -87.61869442], [41.76923381, -87.61706841], [41.76928838, -87.61548827], [41.76936223, -87.61358591], [41.7704783, -87.61225425], [41.77101784, -87.61169673], [41.77293175, -87.61174869], [41.77300381, -87.61071418], [41.77304238, -87.60832882], [41.7730819, -87.60595047], [41.77311026, -87.60339222], [41.77312226, -87.60218122], [41.77314126, -87.60100722], [41.77314526, -87.59980722], [41.77315626, -87.59849522], [41.77317291, -87.59722612], [41.77318403, -87.59599614], [41.77320302, -87.59448114], [41.77321765, -87.59302821], [41.77322865, -87.59172621], [41.77326168, -87.58886129], [41.77327682, -87.58644474], [41.77329736, -87.58517981], [41.77331168, -87.5839802], [41.77334273, -87.5815175], [41.77337284, -87.57916572], [41.77339236, -87.57669883], [41.77151711, -87.57656173], [41.76973765, -87.57644122], [41.76790565, -87.57640122], [41.76634433, -87.57638842], [41.76425325, -87.576421], [41.76244952, -87.57629132], [41.76061252, -87.57623632], [41.75882584, -87.5738252], [41.75886901, -87.57134008], [41.75890584, -87.56893772], [41.75893084, -87.56644772], [41.75895484, -87.56523772], [41.75897155, -87.56284523], [41.75900038, -87.56131273], [41.75978178, -87.55866559], [41.76049622, -87.55724981], [41.75865613, -87.55529695], [41.7569033, -87.55340487], [41.75506764, -87.55142704], [41.75326557, -87.54949063], [41.75208692, -87.54830885], [41.7500469, -87.54808398], [41.74818766, -87.54804472], [41.74638774, -87.54800827], [41.74486596, -87.54797997], [41.74476071, -87.54904465], [41.7447292, -87.55134698], [41.74418643, -87.55227598], [41.74352964, -87.55181747], [41.74108089, -87.55158398], [41.73931548, -87.55154303], [41.72801178, -87.55266232], [41.72653168, -87.55389532], [41.72645378, -87.55664671], [41.72645378, -87.55794771], [41.72636885, -87.56071039], [41.7263696, -87.56322683], [41.72628658, -87.56562179], [41.72627137, -87.56691553], [41.72625297, -87.5705333], [41.72614997, -87.57283531], [41.72618428, -87.57531618], [41.72615195, -87.57773232], [41.72610438, -87.5802008], [41.72608725, -87.5825026], [41.72608498, -87.58483783], [41.72583883, -87.58549572], [41.7243073, -87.58541772], [41.72258683, -87.58530072], [41.7223816, -87.58785192], [41.72234119, -87.59058598], [41.72231042, -87.59242157], [41.72230065, -87.59468603], [41.72399198, -87.59467263], [41.72591064, -87.59513589], [41.72587762, -87.59723428], [41.72584745, -87.59954063], [41.72585896, -87.6008363], [41.72546449, -87.60468606], [41.72271838, -87.60462411], [41.72213204, -87.60680285], [41.7220855, -87.60922629], [41.72206083, -87.61154273], [41.72200483, -87.61397273], [41.72196371, -87.61646558], [41.72192477, -87.61882512], [41.72188457, -87.62103355], [41.72184183, -87.62438973]]","[[41.72154788, -87.62463637], [41.72168377, -87.62074179], [41.72171112, -87.61911729], [41.72175499, -87.61666962], [41.7217841, -87.61434771], [41.72186958, -87.61183614], [41.72189483, -87.60956873], [41.72191557, -87.60698075], [41.72240981, -87.604366], [41.72553156, -87.60443926], [41.72572383, -87.60118573], [41.72572759, -87.59971696], [41.72576883, -87.59751272], [41.72579488, -87.5949986], [41.72412083, -87.59494972], [41.72210883, -87.59445672], [41.72216473, -87.59240156], [41.7221979, -87.59077277], [41.72221183, -87.58795772], [41.72269083, -87.58501572], [41.72446227, -87.58485067], [41.72587944, -87.5848265], [41.72592183, -87.58271672], [41.72596083, -87.58040172], [41.72599883, -87.57797972], [41.72606398, -87.57559706], [41.72605483, -87.57308972], [41.72610383, -87.57068372], [41.72614783, -87.56700772], [41.72619783, -87.56578772], [41.72624083, -87.56336172], [41.72626983, -87.56093871], [41.72631583, -87.55826171], [41.72635248, -87.55672065], [41.72636583, -87.55413771], [41.72758364, -87.55264993], [41.72812565, -87.55251551], [41.73912618, -87.55139078], [41.74125142, -87.55143048], [41.74338825, -87.55165639], [41.74453165, -87.55256649], [41.74460966, -87.55151533], [41.74463656, -87.54913273], [41.74486175, -87.54784624], [41.74670505, -87.54789006], [41.74838526, -87.5479019], [41.7502771, -87.54796949], [41.75224187, -87.54823814], [41.75364026, -87.54974274], [41.75553407, -87.55177877], [41.75729657, -87.55367943], [41.75903283, -87.55554668], [41.76050316, -87.55750518], [41.75995544, -87.55857726], [41.75912042, -87.56148861], [41.75909159, -87.56302112], [41.75907357, -87.56462228], [41.75905291, -87.56626298], [41.75902401, -87.56872144], [41.75899869, -87.57114673], [41.75896996, -87.57353351], [41.75894258, -87.57602427], [41.76091084, -87.57612372], [41.76277284, -87.57615072], [41.76452484, -87.57619572], [41.76635602, -87.57622564], [41.76813084, -87.57628572], [41.77004484, -87.57633372], [41.77169084, -87.5762272], [41.77353178, -87.57680707], [41.77349784, -87.57906872], [41.7734534, -87.58141398], [41.77342626, -87.58383618], [41.7733994, -87.58564316], [41.77339328, -87.58662153], [41.7733717, -87.58873024], [41.77334773, -87.59147341], [41.77333424, -87.59279125], [41.77331901, -87.59435301], [41.77330295, -87.59590507], [41.77329312, -87.59716488], [41.77328073, -87.59838383], [41.77326879, -87.59960694], [41.77325958, -87.60083075], [41.7732465, -87.60205094], [41.77321982, -87.60324177], [41.77322022, -87.60560431], [41.77316381, -87.60804758], [41.77312381, -87.61039859], [41.77282399, -87.61188851], [41.77132266, -87.61181732], [41.77075305, -87.6121053], [41.76942133, -87.61374894], [41.76940749, -87.61523438], [41.76938864, -87.61674419], [41.76937464, -87.6183762], [41.76929279, -87.62009266], [41.76929079, -87.62159267], [41.76925387, -87.623294], [41.76882756, -87.62585833]]",,,,
6,6,Jackson Park Express,69.68,65.13,69.0,66.0,,,98.0,100.0,"[[41.88703386, -87.62084975], [41.88469586, -87.62080175], [41.88455586, -87.62214875], [41.88833474, -87.62286036], [41.88836786, -87.62506075], [41.88590086, -87.62805875], [41.88337885, -87.62797775], [41.88086385, -87.62783975], [41.87832585, -87.62777575], [41.87700065, -87.62776972], [41.87500459, -87.62770176], [41.87305687, -87.6272907], [41.8731092, -87.62358528], [41.87315785, -87.62085775], [41.86936947, -87.62066164], [41.80884687, -87.59159424], [41.80782784, -87.59057273], [41.80573232, -87.58932763], [41.80441784, -87.58869073], [41.80337784, -87.58829873], [41.80244857, -87.586263], [41.80224678, -87.58516177], [41.80104084, -87.58462373], [41.79940164, -87.58412239], [41.79792084, -87.58406373], [41.79677202, -87.58404943], [41.79499456, -87.58402604], [41.79350976, -87.58395419], [41.79122284, -87.58678073], [41.78806584, -87.58672073], [41.78584559, -87.58668221], [41.78279803, -87.58661398], [41.78040988, -87.58656697], [41.77890519, -87.58652305], [41.7770828, -87.58647549], [41.77329736, -87.58517981], [41.77331168, -87.5839802], [41.77334273, -87.5815175], [41.77337284, -87.57916572], [41.77339236, -87.57669883], [41.77341113, -87.57535032], [41.77343205, -87.57414813], [41.77344071, -87.5716975], [41.77349025, -87.57013742], [41.77349134, -87.56849148], [41.77350423, -87.56696431], [41.77152013, -87.56667359], [41.76973242, -87.56662564], [41.76781209, -87.56658276], [41.76622599, -87.56603586], [41.76628119, -87.56418207], [41.7656368, -87.56223666], [41.76387439, -87.56049676], [41.76216299, -87.55880743], [41.76039089, -87.55705934], [41.75865613, -87.55529695], [41.7569033, -87.55340487], [41.75506764, -87.55142704], [41.75326557, -87.54949063], [41.75208692, -87.54830885], [41.75188284, -87.54491571]]","[[41.75188284, -87.54491571], [41.75224187, -87.54823814], [41.75364026, -87.54974274], [41.75553407, -87.55177877], [41.75729657, -87.55367943], [41.75903283, -87.55554668], [41.76080014, -87.55731445], [41.76250472, -87.55899777], [41.76422274, -87.56069347], [41.76598121, -87.56243432], [41.76638002, -87.56487373], [41.76689477, -87.56635809], [41.76832219, -87.56643975], [41.77000821, -87.56643144], [41.77194525, -87.56653437], [41.77360405, -87.56820983], [41.77358457, -87.56996557], [41.77356143, -87.57185019], [41.77353731, -87.57399769], [41.77353178, -87.57680707], [41.77349784, -87.57906872], [41.7734534, -87.58141398], [41.77342626, -87.58383618], [41.7733994, -87.58564316], [41.77703584, -87.58620061], [41.77877187, -87.58633711], [41.78095784, -87.58637573], [41.78282681, -87.58643424], [41.78602617, -87.58649812], [41.78809199, -87.58653887], [41.78962784, -87.58658073], [41.79134784, -87.58663573], [41.79332371, -87.58380801], [41.79543727, -87.58388592], [41.79679583, -87.58390463], [41.7983581, -87.58395435], [41.79947596, -87.5839665], [41.80085439, -87.58443019], [41.80257334, -87.58571276], [41.80254484, -87.58671573], [41.80288084, -87.58789373], [41.80445587, -87.58852133], [41.80581284, -87.58913073], [41.80803084, -87.59050573], [41.80914284, -87.59164373], [41.86936738, -87.62036045], [41.87327185, -87.62100775], [41.87322885, -87.62394375], [41.87554805, -87.62413205], [41.87814285, -87.62419875], [41.88067237, -87.62419229], [41.88237485, -87.62421075], [41.88469579, -87.6243233], [41.8867076, -87.62438975], [41.88808386, -87.62443075], [41.88779986, -87.62097275], [41.88703386, -87.62084975]]",,,,
7,7,Harrison,45.2,44.55,64.0,63.5,,,58.0,53.0,"[[41.87486595, -87.62355688], [41.87584893, -87.62402984], [41.87669785, -87.62416575], [41.87958285, -87.62588975], [41.87951659, -87.62811104], [41.87948005, -87.63111025], [41.87943385, -87.63402975], [41.87940785, -87.63654775], [41.87814785, -87.64115675], [41.87559585, -87.64108575], [41.87443585, -87.64225175], [41.87444885, -87.64775575], [41.87448546, -87.64986857], [41.87447085, -87.65158876], [41.87433785, -87.65745276], [41.87433651, -87.6596553], [41.87426785, -87.66192607], [41.87427182, -87.66720788], [41.87394231, -87.66918891], [41.87164377, -87.66966974], [41.87163108, -87.67135173], [41.87419511, -87.67181114], [41.87411719, -87.67632629], [41.87404485, -87.67873476], [41.87401685, -87.68121076], [41.87399537, -87.68359471], [41.87395154, -87.68667859], [41.87392985, -87.68854877], [41.87392085, -87.69049877], [41.87385785, -87.69358477], [41.8738753, -87.69634549], [41.87381685, -87.69841077], [41.87386648, -87.70085674], [41.87383048, -87.70329775], [41.87376025, -87.70572473], [41.87497523, -87.70608926], [41.87460959, -87.70824509], [41.87460259, -87.71054309], [41.87438451, -87.71239605], [41.87455629, -87.71580256], [41.87453781, -87.71791086], [41.87451733, -87.71961994], [41.87450385, -87.72259378], [41.8744107, -87.72573558], [41.87440653, -87.72775279], [41.87439405, -87.73061987], [41.87435429, -87.73270879], [41.87378259, -87.7357051], [41.87335215, -87.73747524], [41.87331008, -87.73914453], [41.87325648, -87.74083009], [41.87320602, -87.74242219], [41.87320562, -87.74530927], [41.87308181, -87.74899335], [41.87306137, -87.75320701], [41.87302624, -87.75465645], [41.87296136, -87.75730902], [41.87296047, -87.75948602], [41.8729276, -87.76178137], [41.8729318, -87.76448301], [41.87269084, -87.76480578]]","[[41.87269084, -87.76480578], [41.87281085, -87.76165979], [41.87290785, -87.75937279], [41.87286285, -87.75752579], [41.87289038, -87.75449681], [41.87290094, -87.75319089], [41.8730097, -87.7492141], [41.87307247, -87.74515134], [41.87310685, -87.74266678], [41.87320585, -87.74089878], [41.87321285, -87.73949378], [41.87322127, -87.73795427], [41.87377219, -87.73550165], [41.87163685, -87.73522878], [41.8702706, -87.73495763], [41.87090772, -87.73270669], [41.87160785, -87.73010778], [41.87230485, -87.72760878], [41.87290333, -87.72557642], [41.87342685, -87.72309278], [41.87346485, -87.71957078], [41.87347685, -87.71822178], [41.87348221, -87.71556222], [41.87354885, -87.71333277], [41.87357385, -87.71088577], [41.87360985, -87.70846677], [41.87362054, -87.70579776], [41.87365961, -87.70351956], [41.8736976, -87.70105456], [41.87372385, -87.69866677], [41.87374113, -87.6958802], [41.87376285, -87.69378477], [41.87379285, -87.69071077], [41.87381185, -87.68880277], [41.87383119, -87.68641377], [41.87388985, -87.68391877], [41.87391885, -87.68145476], [41.87395785, -87.67899576], [41.87398411, -87.6762271], [41.8740081, -87.67454887], [41.87394308, -87.67163531], [41.87152996, -87.66971182], [41.8741009, -87.66880334], [41.87411343, -87.66679946], [41.87414943, -87.66159397], [41.87411301, -87.65943967], [41.87419885, -87.65717276], [41.87429085, -87.65194376], [41.87434885, -87.64913776], [41.87427985, -87.64748676], [41.87461141, -87.64234476], [41.87691184, -87.64242129], [41.87795898, -87.64115793], [41.87801246, -87.63831201], [41.87805885, -87.63540675], [41.87808885, -87.63287375], [41.87812885, -87.62947275], [41.87814885, -87.62790475], [41.87821585, -87.62575775], [41.87627885, -87.62440175], [41.87486595, -87.62355688]]",,,,
8,8,Halsted,82.13,80.0,99.0,106.5,,,102.0,92.0,"[[41.94983354, -87.64915545], [41.94919513, -87.64868994], [41.94714449, -87.64957792], [41.94554686, -87.64951276], [41.94370186, -87.64945576], [41.94189086, -87.64940076], [41.93974395, -87.6493573], [41.93797288, -87.64930407], [41.93657436, -87.64931223], [41.93462386, -87.64916676], [41.93255084, -87.64910865], [41.93153786, -87.64906576], [41.92915486, -87.64897676], [41.92735486, -87.64891276], [41.92507243, -87.64886547], [41.92370886, -87.64878276], [41.9219361, -87.6487269], [41.92008611, -87.64867672], [41.91809253, -87.64859722], [41.91602486, -87.64854076], [41.91390486, -87.64844876], [41.91182516, -87.64838495], [41.91076733, -87.64836685], [41.90866069, -87.64830974], [41.9064731, -87.64825969], [41.90358058, -87.64772427], [41.90363372, -87.64369557], [41.90364816, -87.63948429], [41.90376115, -87.63603612], [41.90379289, -87.63466561], [41.8916728, -87.63546687], [41.89158686, -87.63976275], [41.89133986, -87.64279475], [41.8913083, -87.64467603], [41.89083806, -87.64768433], [41.88691285, -87.64757776], [41.88552958, -87.64754019], [41.88380516, -87.647516], [41.88159334, -87.64746376], [41.88031947, -87.64740181], [41.87807685, -87.64731476], [41.87550785, -87.64725975], [41.87384316, -87.6472608], [41.87190785, -87.64719575], [41.86985885, -87.64713076], [41.86675847, -87.647084], [41.86485485, -87.64691475], [41.86249878, -87.64687332], [41.85972085, -87.64676975], [41.85748519, -87.64669922], [41.85542566, -87.64666603], [41.85246715, -87.64658276], [41.85089985, -87.64651575], [41.84688784, -87.64773856], [41.84525884, -87.64651093], [41.84351509, -87.64651632], [41.84143162, -87.64646005], [41.83990785, -87.64635275], [41.83790504, -87.64636375], [41.83625884, -87.64631291], [41.83447857, -87.64629421], [41.83270249, -87.6462481], [41.83084415, -87.64621554], [41.82875778, -87.64615753], [41.82748827, -87.64612971], [41.82566149, -87.64606269], [41.82314268, -87.64600936], [41.82029255, -87.6459339], [41.81841625, -87.64588915], [41.81759076, -87.64586125], [41.81601065, -87.64581883], [41.81471687, -87.64579353], [41.81229848, -87.64575499], [41.81063538, -87.64569208], [41.80869911, -87.64564911], [41.80708234, -87.64562287], [41.80565716, -87.64555797], [41.80347684, -87.64545275], [41.80134717, -87.64543518], [41.79984498, -87.64539913], [41.79772007, -87.64536379], [41.79613003, -87.64530482], [41.794415, -87.64526487], [41.79370597, -87.64524189], [41.79255477, -87.64522527], [41.79076222, -87.64516212], [41.78893106, -87.6451183], [41.78711905, -87.64508334], [41.78531014, -87.64502294], [41.78315867, -87.64495605], [41.7818696, -87.64496054], [41.77945952, -87.64487511], [41.77803622, -87.64487084], [41.77583884, -87.64479669], [41.77438992, -87.64476625], [41.77234534, -87.64471675], [41.77081484, -87.64461874], [41.76840774, -87.64459542], [41.76715083, -87.64452874], [41.76533983, -87.64447774], [41.76345743, -87.64446261], [41.76166583, -87.64437774], [41.75957754, -87.64436345], [41.75847798, -87.64430902], [41.75771262, -87.64435037], [41.75619876, -87.64428504], [41.75415386, -87.64422382], [41.75250691, -87.64412802], [41.75076203, -87.64415164], [41.74981196, -87.64370758]]","[[41.74970261, -87.6436867], [41.75083561, -87.64395362], [41.7523831, -87.64400903], [41.75438216, -87.64405711], [41.75638631, -87.64411211], [41.75772883, -87.64412074], [41.75965724, -87.64418977], [41.76150083, -87.64423274], [41.76331668, -87.64428535], [41.76511345, -87.64432936], [41.76692006, -87.64440133], [41.76903555, -87.6444279], [41.77049532, -87.64447297], [41.77233432, -87.64452158], [41.77421165, -87.64453728], [41.77641486, -87.64458741], [41.77871962, -87.64465384], [41.78009876, -87.64465148], [41.78189727, -87.64473313], [41.78320342, -87.64478102], [41.78493677, -87.64483085], [41.78723287, -87.64488314], [41.78877324, -87.64492539], [41.79081488, -87.64498867], [41.79236817, -87.64502285], [41.793857, -87.64505976], [41.79454461, -87.64507727], [41.79605961, -87.64509821], [41.79801506, -87.64514097], [41.79968287, -87.64520393], [41.80144984, -87.64526475], [41.80331084, -87.64530775], [41.80567736, -87.64536035], [41.80696063, -87.64539956], [41.80911684, -87.64543875], [41.81061802, -87.64547909], [41.81253456, -87.64551901], [41.81474397, -87.64560442], [41.81607384, -87.64563575], [41.81745084, -87.64566975], [41.81844077, -87.64570373], [41.82017384, -87.64573375], [41.82333058, -87.64583515], [41.82513462, -87.64588853], [41.82700951, -87.64592739], [41.82880584, -87.64599675], [41.83067363, -87.64601515], [41.83249882, -87.646058], [41.83427083, -87.64610639], [41.83631985, -87.64615175], [41.83822572, -87.64619498], [41.84009922, -87.6461946], [41.84188445, -87.64628656], [41.84340439, -87.64633167], [41.84524439, -87.64636767], [41.84688784, -87.64773856], [41.85081685, -87.64636975], [41.85296119, -87.64639826], [41.85530561, -87.64647935], [41.85742791, -87.64655058], [41.85981585, -87.64662175], [41.86221823, -87.64669696], [41.86468885, -87.64676975], [41.86765298, -87.64675089], [41.87010519, -87.64682433], [41.87178785, -87.64688475], [41.87551166, -87.64708245], [41.87816221, -87.64717194], [41.88038685, -87.64725076], [41.88200785, -87.64728576], [41.88473282, -87.64735865], [41.88582677, -87.64741702], [41.89039291, -87.64752596], [41.89112225, -87.6458926], [41.89117333, -87.64337122], [41.89143524, -87.63997323], [41.89386218, -87.63700822], [41.89464786, -87.63703675], [41.89640086, -87.63708075], [41.89807186, -87.63714875], [41.89885386, -87.63717475], [41.90072162, -87.63724585], [41.90386086, -87.63821375], [41.90383886, -87.64002276], [41.90379155, -87.64351086], [41.90385353, -87.64801541], [41.90627583, -87.64806044], [41.90905417, -87.64813448], [41.9108376, -87.64818568], [41.91246977, -87.64826155], [41.91373886, -87.64830376], [41.91604077, -87.64835854], [41.91831023, -87.64844107], [41.92017996, -87.64848148], [41.92173259, -87.64854218], [41.92354286, -87.64863776], [41.92572663, -87.6486827], [41.92727086, -87.64876676], [41.92898986, -87.64883176], [41.93145386, -87.64891976], [41.93292524, -87.64893076], [41.93453986, -87.64902076], [41.93661283, -87.64905755], [41.93831966, -87.64910461], [41.93990748, -87.64916951], [41.94172586, -87.64925576], [41.94353686, -87.64931076], [41.94540366, -87.64933047], [41.94720021, -87.64939379], [41.94924931, -87.64945474], [41.94983354, -87.64915545]]",,,,
8A,8A,South Halsted,37.99,37.95,38.0,37.0,,,60.0,61.0,"[[41.75108083, -87.62759874], [41.75093894, -87.6298359], [41.75088283, -87.63185374], [41.75085983, -87.63396074], [41.75081529, -87.63665144], [41.75076424, -87.6402895], [41.75075049, -87.64150687], [41.74970261, -87.6436867], [41.74891104, -87.64407946], [41.74707724, -87.64405739], [41.74526701, -87.64397427], [41.74352283, -87.64388874], [41.74160149, -87.64387743], [41.73995307, -87.64382404], [41.73738799, -87.64373245], [41.73558071, -87.64374012], [41.73446783, -87.64367374], [41.73263377, -87.64365895], [41.73085508, -87.64360541], [41.73003283, -87.64353874], [41.72892483, -87.64349774], [41.72707783, -87.64345774], [41.72504894, -87.6434483], [41.72323583, -87.64338374], [41.72100812, -87.64333287], [41.71940549, -87.64329647], [41.71775983, -87.64321774], [41.71607583, -87.64319874], [41.71376629, -87.64318752], [41.71252983, -87.64308074], [41.71071782, -87.64302874], [41.70890782, -87.64298574], [41.70674588, -87.64295744], [41.70525582, -87.64289574], [41.70344082, -87.64283774], [41.70157582, -87.64277574], [41.69936024, -87.64274882], [41.69798782, -87.64266374], [41.69612082, -87.64259573], [41.69433482, -87.64254073], [41.69245486, -87.64251041], [41.6906156, -87.64245928], [41.68885582, -87.64236573], [41.68703982, -87.64232273], [41.68520061, -87.64228502], [41.68300695, -87.64222031], [41.68157874, -87.64216929], [41.67979082, -87.64208773], [41.67761813, -87.64203008], [41.67565121, -87.64196687], [41.67423539, -87.64190748], [41.67243982, -87.64186532], [41.67061165, -87.64180649], [41.66885582, -87.64171273], [41.66695896, -87.64168388], [41.66502282, -87.64157873], [41.66342082, -87.64152873], [41.66204575, -87.64112168], [41.66257082, -87.63921873], [41.66315282, -87.63774273]]","[[41.66315282, -87.63774273], [41.66331482, -87.64001773], [41.66331183, -87.64134014], [41.66494282, -87.64139073], [41.66679065, -87.6414196], [41.66858582, -87.64149573], [41.67075796, -87.64155217], [41.67228255, -87.64160673], [41.67400797, -87.64163596], [41.67620639, -87.64175257], [41.67799935, -87.64179146], [41.67959754, -87.64183713], [41.68165082, -87.64192073], [41.68393723, -87.64200826], [41.68524248, -87.64203277], [41.68677782, -87.64209773], [41.68858082, -87.64214874], [41.69039082, -87.64219874], [41.69224074, -87.64225897], [41.69403582, -87.64231373], [41.69581482, -87.64236773], [41.69766282, -87.64243574], [41.69948782, -87.64248273], [41.70128782, -87.64254574], [41.70312482, -87.64259774], [41.70494282, -87.64265774], [41.70707977, -87.64271445], [41.70860082, -87.64278374], [41.71044582, -87.64282774], [41.71224582, -87.64287274], [41.71453782, -87.64288874], [41.71525239, -87.64288439], [41.71769583, -87.64299074], [41.71951483, -87.64303274], [41.72130752, -87.64308432], [41.72316983, -87.64313074], [41.72533826, -87.64319339], [41.72685783, -87.64324074], [41.72869783, -87.64329874], [41.72967583, -87.64332574], [41.73066583, -87.64334374], [41.73243983, -87.64340574], [41.73422283, -87.64346374], [41.73578083, -87.64349574], [41.73722255, -87.64352755], [41.73994396, -87.64364605], [41.74144587, -87.64370272], [41.74326283, -87.64375274], [41.74514249, -87.64379869], [41.74731333, -87.64385613], [41.74875356, -87.64381842], [41.74981196, -87.64370758], [41.75063402, -87.64141573], [41.75069007, -87.63693991], [41.75071728, -87.63446284], [41.75079083, -87.63205874], [41.75080783, -87.63009774], [41.75108083, -87.62759874]]",,,,
9,9,Ashland,103.57,103.03,127.0,118.0,,,111.0,43.0,"[[41.96756365, -87.67411645], [41.96880386, -87.66960938], [41.96500945, -87.66948527], [41.96119907, -87.66938228], [41.95761116, -87.66926322], [41.95409882, -87.66917809], [41.95074041, -87.66910456], [41.94682798, -87.66900526], [41.94313248, -87.66890298], [41.9393663, -87.66879706], [41.93596577, -87.66863545], [41.93218015, -87.66853283], [41.92885735, -87.66841178], [41.92526991, -87.66830329], [41.92113213, -87.66870701], [41.91905986, -87.66839258], [41.91631182, -87.66793824], [41.91074212, -87.66784719], [41.90693734, -87.66769058], [41.90351822, -87.66766329], [41.89954076, -87.66752242], [41.89591705, -87.66743444], [41.89323655, -87.66733631], [41.89073521, -87.66727294], [41.88699437, -87.66728081], [41.88510285, -87.66705476], [41.88132127, -87.66694556], [41.87897678, -87.66688528], [41.87736866, -87.66684301], [41.87396408, -87.66674615], [41.87148294, -87.66668088], [41.86900107, -87.66660483], [41.8671167, -87.66655755], [41.86312845, -87.66643266], [41.86154538, -87.66638776], [41.85760264, -87.66627313], [41.85515613, -87.66619475], [41.85249152, -87.66617869], [41.8475193, -87.66607992], [41.84311484, -87.6660208], [41.839043, -87.66539215], [41.83779212, -87.66590328], [41.83428954, -87.66579386], [41.83063964, -87.66571882], [41.82671171, -87.66561401], [41.8224284, -87.66559049], [41.81781718, -87.66527079], [41.81592907, -87.66523843], [41.81203439, -87.66519234], [41.81027968, -87.66513865], [41.8083993, -87.66510826], [41.80651959, -87.66504894], [41.8050484, -87.66500203], [41.80144988, -87.66492837], [41.79957976, -87.66486308], [41.79749163, -87.6648123], [41.79350883, -87.66472933], [41.79046337, -87.6646389], [41.78691975, -87.66455052], [41.78285964, -87.66443398], [41.77925711, -87.6643695], [41.77594006, -87.66425704], [41.77412637, -87.66420637], [41.77199001, -87.66416413], [41.76836488, -87.6640177], [41.76688148, -87.66397423], [41.76465647, -87.66393461], [41.76137383, -87.66375575], [41.75919889, -87.66376892], [41.75593531, -87.66370928], [41.75412123, -87.66361593], [41.75045294, -87.66358649], [41.74859863, -87.66350426], [41.74678788, -87.66348368], [41.74501462, -87.66343872], [41.74325441, -87.66340578], [41.73952444, -87.663293], [41.73549049, -87.66321007], [41.73223367, -87.66309588], [41.72854803, -87.66298216], [41.72495345, -87.66292714], [41.72310905, -87.66283408], [41.72112602, -87.66232084], [41.72114983, -87.66082874], [41.72116083, -87.65926874], [41.72122124, -87.65756957], [41.72120974, -87.65548553], [41.72124048, -87.65305365], [41.72125489, -87.65093904], [41.72131014, -87.64811853], [41.72132922, -87.6457488], [41.7213629, -87.64280691], [41.72139483, -87.64093774], [41.72142483, -87.63851274], [41.72146583, -87.63610374], [41.72149783, -87.63411073], [41.72152487, -87.63121677], [41.72155799, -87.62877741], [41.72159783, -87.62413073]]","[[41.72159783, -87.62413073], [41.72176327, -87.62918487], [41.72174583, -87.63120274], [41.72167783, -87.63322074], [41.72167245, -87.63585812], [41.72162583, -87.63819074], [41.72160083, -87.64057374], [41.72156727, -87.64355915], [41.72153783, -87.64544274], [41.72150483, -87.64787874], [41.72148283, -87.64993374], [41.72147669, -87.65111467], [41.72144283, -87.65278274], [41.72140983, -87.65518374], [41.72134483, -87.65757274], [41.72138283, -87.65883074], [41.72136083, -87.66007074], [41.7214905, -87.6625485], [41.72293183, -87.66254674], [41.72477522, -87.66263981], [41.72867678, -87.66272955], [41.73194022, -87.66282105], [41.73564625, -87.66292034], [41.73964803, -87.66304159], [41.74294014, -87.66310797], [41.74476422, -87.6631933], [41.74693258, -87.66322235], [41.74846193, -87.66326598], [41.75023996, -87.66328925], [41.75383283, -87.66345675], [41.75571024, -87.66345307], [41.75937146, -87.66351784], [41.76120883, -87.66357575], [41.76478668, -87.66364647], [41.76685058, -87.66372453], [41.76871193, -87.66379638], [41.77240733, -87.66389579], [41.77396177, -87.66396927], [41.77576377, -87.66401827], [41.77887301, -87.66405438], [41.78298475, -87.66418724], [41.78703374, -87.66426391], [41.79026083, -87.66434822], [41.79415671, -87.66443813], [41.79760674, -87.66455319], [41.79939884, -87.66460575], [41.8015747, -87.66464405], [41.80507918, -87.66475519], [41.8069386, -87.6648044], [41.80900898, -87.66484324], [41.81060612, -87.66488695], [41.81245167, -87.66494095], [41.81617101, -87.66498326], [41.8180086, -87.66499363], [41.82343406, -87.66527057], [41.8270409, -87.66535954], [41.83039426, -87.6654264], [41.83440617, -87.66552521], [41.83760221, -87.66560389], [41.83910954, -87.66543279], [41.84326127, -87.66570766], [41.84779948, -87.66581575], [41.85257542, -87.66587443], [41.85516297, -87.6659101], [41.85807394, -87.66600735], [41.86163916, -87.66612351], [41.86316533, -87.66616702], [41.86668798, -87.66624272], [41.86955203, -87.66632615], [41.8719224, -87.66639154], [41.87402183, -87.66644453], [41.87655943, -87.66652097], [41.87910802, -87.66658905], [41.88162116, -87.66667244], [41.88522775, -87.66677825], [41.88744861, -87.66688871], [41.89118427, -87.66703231], [41.89326836, -87.66708687], [41.89628703, -87.66715321], [41.89987845, -87.66727245], [41.90374186, -87.66737076], [41.90712143, -87.66748326], [41.91080054, -87.66754589], [41.91603186, -87.66770228], [41.91783586, -87.66779977], [41.92136829, -87.66847679], [41.92531647, -87.66801338], [41.92871796, -87.66814059], [41.93271079, -87.66826281], [41.93596786, -87.66845577], [41.94002983, -87.66855039], [41.94317678, -87.66862211], [41.94722721, -87.66872093], [41.95056186, -87.66888577], [41.9547264, -87.66891188], [41.95825532, -87.669034], [41.96191119, -87.66914105], [41.96529593, -87.66970398], [41.96528377, -87.67224362], [41.96756365, -87.67411645]]",,,,
X9,X9,Ashland Express,91.01,93.02,94.5,96.5,,,39.0,38.0,"[[41.9546071, -87.65200944], [41.95456767, -87.65434884], [41.95446084, -87.66207857], [41.95409882, -87.66917809], [41.94682798, -87.66900526], [41.9393663, -87.66879706], [41.93218015, -87.66853283], [41.92526991, -87.66830329], [41.91631182, -87.66793824], [41.91074212, -87.66784719], [41.90351822, -87.66766329], [41.89591705, -87.66743444], [41.89073521, -87.66727294], [41.88510285, -87.66705476], [41.88132127, -87.66694556], [41.87736866, -87.66684301], [41.87396408, -87.66674615], [41.86900107, -87.66660483], [41.8671167, -87.66655755], [41.85760264, -87.66627313], [41.85249152, -87.66617869], [41.839043, -87.66539215], [41.83063964, -87.66571882], [41.8224284, -87.66559049], [41.81592907, -87.66523843], [41.8083993, -87.66510826], [41.80144988, -87.66492837], [41.79350883, -87.66472933], [41.78691975, -87.66455052], [41.77925711, -87.6643695], [41.76836488, -87.6640177], [41.75919889, -87.66376892], [41.75045294, -87.66358649], [41.74325441, -87.66340578], [41.73549049, -87.66321007], [41.72854803, -87.66298216], [41.72138684, -87.66284598], [41.72059822, -87.66298609]]","[[41.72059822, -87.66298609], [41.7214905, -87.6625485], [41.72867678, -87.66272955], [41.73564625, -87.66292034], [41.74294014, -87.66310797], [41.75023996, -87.66328925], [41.75937146, -87.66351784], [41.76871193, -87.66379638], [41.77887301, -87.66405438], [41.78703374, -87.66426391], [41.79415671, -87.66443813], [41.8015747, -87.66464405], [41.80900898, -87.66484324], [41.81617101, -87.66498326], [41.82343406, -87.66527057], [41.83039426, -87.6654264], [41.83910954, -87.66543279], [41.85257542, -87.66587443], [41.85807394, -87.66600735], [41.86668798, -87.66624272], [41.86955203, -87.66632615], [41.87402183, -87.66644453], [41.87655943, -87.66652097], [41.88162116, -87.66667244], [41.88522775, -87.66677825], [41.89118427, -87.66703231], [41.89628703, -87.66715321], [41.90374186, -87.66737076], [41.91080054, -87.66754589], [41.91603186, -87.66770228], [41.92531647, -87.66801338], [41.93271079, -87.66826281], [41.94002983, -87.66855039], [41.94722721, -87.66872093], [41.95421013, -87.66826298], [41.95431732, -87.66240438], [41.95430598, -87.65461685], [41.9546071, -87.65200944]]",,,,
10,10,Museum of Science & Industry,46.01,46.44,41.5,58.5,,,15.0,18.0,"[[41.89846811, -87.62267882], [41.89773886, -87.62423975], [41.89583088, -87.62442823], [41.89429086, -87.62436975], [41.89269886, -87.62433375], [41.89104012, -87.62429915], [41.88990186, -87.62424975], [41.88836786, -87.62506075], [41.88590086, -87.62805875], [41.88337885, -87.62797775], [41.88086385, -87.62783975], [41.87832585, -87.62777575], [41.87700065, -87.62776972], [41.87500459, -87.62770176], [41.87305687, -87.6272907], [41.8731092, -87.62358528], [41.87315785, -87.62085775], [41.86936947, -87.62066164], [41.79167425, -87.58353817]]","[[41.79167425, -87.58353817], [41.86936738, -87.62036045], [41.87327185, -87.62100775], [41.87322885, -87.62394375], [41.87315849, -87.62737141], [41.87489071, -87.62745857], [41.87685552, -87.62754829], [41.87940926, -87.62761545], [41.88193285, -87.62768075], [41.88435886, -87.62779675], [41.88560886, -87.62782875], [41.88669686, -87.62783675], [41.88808386, -87.62443075], [41.89021286, -87.62397475], [41.89177686, -87.62403975], [41.89320186, -87.62409475], [41.89480586, -87.62410975], [41.89654286, -87.62413875], [41.8974886, -87.62178451], [41.89846811, -87.62267882]]",,,,
11,11,Lincoln,24.06,24.09,32.5,31.0,,,42.0,41.0,"[[42.01895587, -87.71102379], [42.01904222, -87.70898233], [42.01734871, -87.70881926], [42.01561653, -87.70883621], [42.0119801, -87.7091478], [42.01044319, -87.70929844], [42.00737922, -87.70928067], [42.00557065, -87.70932468], [42.00486561, -87.70944941], [42.00103556, -87.70939683], [41.99926936, -87.70944863], [41.99750774, -87.70944073], [41.99707714, -87.7118178], [41.99404496, -87.71352034], [41.99252235, -87.71104552], [41.99116786, -87.70884339], [41.99014329, -87.70716738], [41.98901587, -87.70526478], [41.98831787, -87.70406678], [41.98678587, -87.70149478], [41.98549602, -87.69935776], [41.98400757, -87.69683086], [41.9832555, -87.69553207], [41.98118121, -87.69292103], [41.97954887, -87.69274478], [41.97737018, -87.69260305], [41.97560575, -87.69243776], [41.97414144, -87.6921782], [41.97304787, -87.69149278], [41.97193287, -87.69074078], [41.97034101, -87.68917565], [41.9683641, -87.68907685], [41.96605973, -87.68855735]]","[[41.96605973, -87.68855735], [41.96886489, -87.68877468], [41.97046929, -87.68945477], [41.97192554, -87.69055162], [41.97293887, -87.69128378], [41.97395613, -87.69190256], [41.97618023, -87.6922702], [41.97766587, -87.69251078], [41.97949287, -87.69267178], [41.98124823, -87.69274252], [41.98305698, -87.69474187], [41.98434468, -87.69695601], [41.98590184, -87.69962109], [41.98693187, -87.70138378], [41.98796787, -87.70315578], [41.98870887, -87.70439078], [41.98938504, -87.70545694], [41.99024362, -87.70688443], [41.99142222, -87.70885572], [41.99307213, -87.71141835], [41.99449121, -87.71367345], [41.99521511, -87.71318936], [41.99716575, -87.71151103], [41.99758466, -87.70926262], [41.99914064, -87.70926855], [42.0012595, -87.70929493], [42.00458244, -87.70922347], [42.00545948, -87.70919557], [42.00735852, -87.7091427], [42.0106751, -87.70903603], [42.01205756, -87.7089743], [42.01544566, -87.7086443], [42.01724564, -87.70860391], [42.01919982, -87.70926273], [42.01895587, -87.71102379]]",,,,
12,12,Roosevelt,46.18,44.62,63.5,60.5,,,104.0,98.0,"[[41.86125821, -87.62254704], [41.86041389, -87.62253365], [41.8605098, -87.62388583], [41.86451556, -87.62396506], [41.86599158, -87.62400465], [41.86760108, -87.62450901], [41.86755947, -87.6266697], [41.86754348, -87.62783339], [41.86749762, -87.63084353], [41.86751019, -87.63288273], [41.86742411, -87.63554935], [41.86740804, -87.63906117], [41.86732985, -87.64253866], [41.86725853, -87.64746], [41.86722706, -87.6494372], [41.86719657, -87.65089924], [41.86717505, -87.65308541], [41.86712126, -87.65499687], [41.86711318, -87.65652081], [41.86707394, -87.65904044], [41.86702534, -87.6618901], [41.86696864, -87.66672821], [41.86703661, -87.66879849], [41.86701154, -87.67112898], [41.86696721, -87.67354398], [41.86694318, -87.67595854], [41.86916856, -87.67683859], [41.86913198, -87.67925413], [41.86868264, -87.68147465], [41.86703597, -87.68344724], [41.8667238, -87.68586026], [41.86669193, -87.68878149], [41.86660486, -87.69217277], [41.86664268, -87.69330786], [41.86661383, -87.69621523], [41.86657293, -87.69825689], [41.8665476, -87.70065175], [41.86651976, -87.70315054], [41.86650842, -87.70540846], [41.86645756, -87.70793171], [41.86642578, -87.71027553], [41.86641244, -87.7128794], [41.86637736, -87.7157809], [41.86635319, -87.71777095], [41.86633338, -87.71939103], [41.86629257, -87.72266503], [41.86626185, -87.72504652], [41.86621702, -87.72754883], [41.86619221, -87.72995813], [41.86613089, -87.73236299], [41.86611191, -87.73480342], [41.86607645, -87.73720821], [41.86602601, -87.74225929], [41.86598343, -87.74521941], [41.86594089, -87.74703541], [41.8659103, -87.74946854], [41.8658569, -87.7520362], [41.86582771, -87.75505283], [41.86582258, -87.75701849], [41.86577556, -87.75926685], [41.86572287, -87.76210458], [41.86567416, -87.7641751], [41.86733978, -87.76412138], [41.8725738, -87.76480751]]","[[41.8725738, -87.76480751], [41.86716778, -87.76448437], [41.86554475, -87.76400471], [41.86555861, -87.76277863], [41.86560082, -87.75946501], [41.86565722, -87.75705856], [41.86565643, -87.7546797], [41.86574288, -87.75214404], [41.86575762, -87.74976505], [41.86579576, -87.74733325], [41.86583351, -87.74440412], [41.86586623, -87.74241643], [41.86593515, -87.73750567], [41.86597857, -87.73466797], [41.8660058, -87.732603], [41.86604005, -87.72982512], [41.86608285, -87.72772678], [41.86608994, -87.72491618], [41.86612293, -87.72282704], [41.86615631, -87.72026823], [41.86618561, -87.71794769], [41.86621189, -87.71564039], [41.86626585, -87.71308677], [41.86628151, -87.71023167], [41.86630699, -87.70778518], [41.86633076, -87.70543603], [41.86635347, -87.70325277], [41.86637815, -87.70095927], [41.86642685, -87.69843277], [41.86641298, -87.69565105], [41.86648285, -87.69353277], [41.86649285, -87.69230777], [41.86646628, -87.68874095], [41.86652029, -87.68572045], [41.86700812, -87.68316723], [41.86893982, -87.68085007], [41.86901313, -87.67927101], [41.86904073, -87.67648676], [41.86666297, -87.67576411], [41.8666326, -87.67357317], [41.86665128, -87.67147397], [41.86669842, -87.6690135], [41.86674138, -87.66588465], [41.86677527, -87.66410565], [41.86681865, -87.66133918], [41.86685398, -87.65926234], [41.86689478, -87.6568219], [41.86698756, -87.65496906], [41.8669458, -87.65361104], [41.86703739, -87.65122947], [41.86701396, -87.6494113], [41.8670786, -87.64633057], [41.86712646, -87.64227639], [41.86714676, -87.63883173], [41.86727145, -87.63218404], [41.86724646, -87.63061186], [41.86729484, -87.6271163], [41.86734672, -87.62326307], [41.86566453, -87.62271009], [41.86434585, -87.62259375], [41.86266474, -87.62259624], [41.86125821, -87.62254704]]",,,,
J14,J14,Jeffery Jump,83.91,83.19,67.4,65.1,,,117.0,124.0,"[[41.88311785, -87.64285375], [41.88309185, -87.63998175], [41.88313585, -87.63552175], [41.88314485, -87.63263075], [41.88315492, -87.63020179], [41.88317743, -87.6275027], [41.88316685, -87.62597175], [41.88063279, -87.62452219], [41.87843685, -87.62445175], [41.87627885, -87.62440175], [41.87456745, -87.62437947], [41.8731092, -87.62358528], [41.87315785, -87.62085775], [41.86936947, -87.62066164], [41.77316207, -87.57658395], [41.76634433, -87.57638842], [41.75863491, -87.57622727], [41.75503784, -87.57612272], [41.75147782, -87.57607588], [41.7478438, -87.57595692], [41.74517493, -87.57607366], [41.73688118, -87.57581049], [41.73332613, -87.57572631], [41.72968062, -87.57560125], [41.72599144, -87.57552042], [41.72227119, -87.57542687], [41.71872055, -87.57536923], [41.71522812, -87.57411481], [41.7134032, -87.56963877], [41.71347442, -87.56471125], [41.71352607, -87.56074317], [41.70818783, -87.56311571], [41.70810155, -87.56804473], [41.70854102, -87.58117504]]","[[41.70854102, -87.58117504], [41.7079775, -87.56822099], [41.70807052, -87.5634301], [41.70831678, -87.55957282], [41.71365097, -87.56009382], [41.7135851, -87.56498534], [41.71352026, -87.56950023], [41.71538895, -87.57407145], [41.71888583, -87.57522072], [41.72235688, -87.57528059], [41.72629474, -87.5753846], [41.72986058, -87.57545574], [41.73351229, -87.57544795], [41.73696839, -87.57563137], [41.74451346, -87.57566439], [41.74806028, -87.57580234], [41.75180779, -87.57590776], [41.75515703, -87.57598505], [41.75908084, -87.57608072], [41.76635602, -87.57622564], [41.77333389, -87.57638893], [41.86936738, -87.62036045], [41.87327185, -87.62100775], [41.87322885, -87.62394375], [41.87554805, -87.62413205], [41.87814285, -87.62419875], [41.88067237, -87.62419229], [41.88214785, -87.62597875], [41.8820588, -87.62856462], [41.88201942, -87.63265794], [41.88200766, -87.63564298], [41.8819552, -87.64104917], [41.88307296, -87.64261549]]",,,,
15,15,Jeffery Local,60.2,59.16,70.0,64.0,,,74.0,74.0,"[[41.80922651, -87.6321876], [41.80879484, -87.63267374], [41.80620784, -87.63260574], [41.80387484, -87.63237074], [41.80172985, -87.63035902], [41.80191131, -87.62784863], [41.8018801, -87.62612004], [41.80194704, -87.62430257], [41.80197202, -87.62253713], [41.80197222, -87.62116022], [41.80194995, -87.61856773], [41.80204661, -87.61574705], [41.80208084, -87.61252374], [41.80211584, -87.61145074], [41.80215141, -87.61001359], [41.80216584, -87.60791373], [41.8021984, -87.60658511], [41.80223128, -87.60438518], [41.80223917, -87.60355559], [41.8022703, -87.60110052], [41.80232135, -87.59645458], [41.80234687, -87.59488193], [41.80236487, -87.59324493], [41.80237562, -87.59164021], [41.8023947, -87.59017165], [41.80242084, -87.58808873], [41.80113593, -87.58764517], [41.79926881, -87.5874083], [41.79819098, -87.58737065], [41.79533261, -87.58763557], [41.79348071, -87.58804566], [41.79308166, -87.58674501], [41.79122284, -87.58678073], [41.78806584, -87.58672073], [41.78584559, -87.58668221], [41.78279803, -87.58661398], [41.78040988, -87.58656697], [41.77890519, -87.58652305], [41.7770828, -87.58647549], [41.77329736, -87.58517981], [41.77331168, -87.5839802], [41.77334273, -87.5815175], [41.77337284, -87.57916572], [41.77316207, -87.57658395], [41.77151711, -87.57656173], [41.76973765, -87.57644122], [41.76790565, -87.57640122], [41.76634433, -87.57638842], [41.76425325, -87.576421], [41.76244952, -87.57629132], [41.76061252, -87.57623632], [41.75863491, -87.57622727], [41.75688604, -87.57618], [41.75503784, -87.57612272], [41.75322484, -87.57607272], [41.75147782, -87.57607588], [41.74969981, -87.57599452], [41.7478438, -87.57595692], [41.74603681, -87.57594752], [41.74517493, -87.57607366], [41.74226477, -87.57590772], [41.74062179, -87.57584352], [41.73883479, -87.57580852], [41.73688118, -87.57581049], [41.73516635, -87.57578924], [41.73332613, -87.57572631], [41.73151584, -87.57563539], [41.72968062, -87.57560125], [41.72782869, -87.57554548], [41.72599144, -87.57552042], [41.72227119, -87.57542687], [41.72057754, -87.5754018], [41.71872055, -87.57536923], [41.71705287, -87.57528089], [41.71522812, -87.57411481], [41.71338126, -87.57153212], [41.7134032, -87.56963877], [41.71343795, -87.56809848], [41.71345295, -87.56688848], [41.71347442, -87.56471125], [41.71183684, -87.56460132], [41.71006783, -87.56456371], [41.70822564, -87.56458024], [41.70815599, -87.56562553], [41.70810155, -87.56804473], [41.70854102, -87.58117504]]","[[41.70854102, -87.58117504], [41.7079775, -87.56822099], [41.70803203, -87.56588958], [41.708307, -87.5644573], [41.70980083, -87.56449071], [41.71160283, -87.56451772], [41.7135851, -87.56498534], [41.7135747, -87.56585795], [41.71355071, -87.56707595], [41.71353571, -87.56829095], [41.71352026, -87.56950023], [41.71350287, -87.57176648], [41.71538895, -87.57407145], [41.71720886, -87.57517232], [41.71888583, -87.57522072], [41.72072712, -87.57514129], [41.72235688, -87.57528059], [41.72629474, -87.5753846], [41.72808382, -87.5753019], [41.72986058, -87.57545574], [41.73172047, -87.57546214], [41.73351229, -87.57544795], [41.73531983, -87.57562772], [41.73696839, -87.57563137], [41.73894987, -87.57568772], [41.74077758, -87.57568553], [41.74214079, -87.57572672], [41.74451346, -87.57566439], [41.74625565, -87.5758055], [41.74806028, -87.57580234], [41.74991742, -87.57583943], [41.75180779, -87.57590776], [41.75362784, -87.57595272], [41.75515703, -87.57598505], [41.75735784, -87.57604772], [41.75908084, -87.57608072], [41.76091084, -87.57612372], [41.76277284, -87.57615072], [41.76452484, -87.57619572], [41.76635602, -87.57622564], [41.76813084, -87.57628572], [41.77004484, -87.57633372], [41.77169084, -87.5762272], [41.77353178, -87.57680707], [41.77349784, -87.57906872], [41.7734534, -87.58141398], [41.77342626, -87.58383618], [41.7733994, -87.58564316], [41.77703584, -87.58620061], [41.77877187, -87.58633711], [41.78095784, -87.58637573], [41.78282681, -87.58643424], [41.78602617, -87.58649812], [41.78809199, -87.58653887], [41.78962784, -87.58658073], [41.79134784, -87.58663573], [41.79324892, -87.58653804], [41.79363089, -87.58774498], [41.79504738, -87.58745792], [41.79826523, -87.58713399], [41.79943837, -87.5871782], [41.80094191, -87.58736834], [41.80253484, -87.58826773], [41.80250294, -87.59034241], [41.8024764, -87.59214461], [41.80245984, -87.59358273], [41.80244507, -87.59533282], [41.80242326, -87.59705476], [41.80237102, -87.60195017], [41.80234123, -87.60454914], [41.80230105, -87.60671898], [41.80229598, -87.60785676], [41.80224984, -87.60989074], [41.8022137, -87.61116902], [41.8021839, -87.61259035], [41.80218784, -87.61548574], [41.80217144, -87.61682905], [41.80209049, -87.61856488], [41.80211132, -87.62093869], [41.80211256, -87.62245967], [41.80211456, -87.62406268], [41.80202395, -87.62570451], [41.8019947, -87.62794671], [41.80224895, -87.63067175], [41.80922651, -87.6321876]]",,,,
18,18,16th/18th,38.38,41.12,53.0,57.5,,,54.0,52.0,"[[41.86755947, -87.6266697], [41.86754348, -87.62783339], [41.86749762, -87.63084353], [41.86751019, -87.63288273], [41.86742411, -87.63554935], [41.86740804, -87.63906117], [41.86732985, -87.64253866], [41.86675847, -87.647084], [41.86485485, -87.64691475], [41.86249878, -87.64687332], [41.85972085, -87.64676975], [41.85816745, -87.64677423], [41.85809101, -87.64857935], [41.85811788, -87.64975546], [41.85805634, -87.65294353], [41.85801078, -87.6566664], [41.85801274, -87.65862493], [41.85795336, -87.66090623], [41.85792823, -87.66354347], [41.85787637, -87.66596489], [41.85781796, -87.66910278], [41.85779439, -87.67093664], [41.85775891, -87.67377463], [41.85772741, -87.67587451], [41.85770029, -87.67833582], [41.85766927, -87.68080691], [41.85761092, -87.68332109], [41.85733706, -87.6856885], [41.85982542, -87.68572938], [41.86291985, -87.68586176], [41.8632965, -87.69070026], [41.86216968, -87.69348765], [41.86139336, -87.69607527], [41.85944572, -87.70161835], [41.85921328, -87.70307659], [41.85914291, -87.70533632], [41.85915377, -87.70773296], [41.85913592, -87.71049977], [41.85908814, -87.71260166], [41.85905594, -87.71506019], [41.85901841, -87.7175402], [41.85899357, -87.72036674], [41.85896939, -87.72230502], [41.85893337, -87.7248163], [41.85891236, -87.72731091], [41.85886205, -87.73010702], [41.8588352, -87.73217586], [41.8588174, -87.73461403], [41.85881639, -87.73711303], [41.85871962, -87.74058401], [41.85826844, -87.74342826]]","[[41.85826844, -87.74342826], [41.85860784, -87.74060778], [41.85861743, -87.73734635], [41.85865243, -87.73490136], [41.85865249, -87.73227579], [41.85874866, -87.72994273], [41.85878803, -87.727498], [41.85881333, -87.72509823], [41.85883885, -87.72259277], [41.85887382, -87.71992127], [41.85889385, -87.71776777], [41.858911, -87.71538854], [41.85894985, -87.71287877], [41.85897785, -87.71044277], [41.85900485, -87.70800577], [41.8590503, -87.7052467], [41.85906285, -87.70305777], [41.8592191, -87.70113692], [41.86108819, -87.69591517], [41.86208557, -87.69311772], [41.86281904, -87.69099882], [41.86451551, -87.68623133], [41.86281131, -87.68609124], [41.85921424, -87.68597827], [41.85727443, -87.68538155], [41.85747285, -87.68343576], [41.85750885, -87.68099276], [41.85754485, -87.67851076], [41.85761386, -87.67564573], [41.85764097, -87.67367216], [41.85766685, -87.67121376], [41.85771185, -87.66875676], [41.85772103, -87.66633488], [41.85779385, -87.66387976], [41.85781075, -87.66150785], [41.85786185, -87.65900476], [41.85788438, -87.65616754], [41.85794285, -87.65341075], [41.85799285, -87.65004175], [41.85799001, -87.64840851], [41.85981585, -87.64662175], [41.86221823, -87.64669696], [41.86468885, -87.64676975], [41.8670786, -87.64633057], [41.86712646, -87.64227639], [41.86714676, -87.63883173], [41.86727145, -87.63218404], [41.86724646, -87.63061186], [41.86729484, -87.6271163], [41.86790056, -87.62396984], [41.86755947, -87.6266697]]",,,,
20,20,Madison,43.25,45.45,63.0,62.0,,,150.0,131.0,"[[41.88469586, -87.62080175], [41.88455586, -87.62214875], [41.88342185, -87.62459375], [41.88214785, -87.62597875], [41.8820588, -87.62856462], [41.88201942, -87.63265794], [41.88200766, -87.63564298], [41.8819552, -87.64104917], [41.88192248, -87.64284114], [41.88186075, -87.6475641], [41.88180785, -87.64948276], [41.88177485, -87.65183876], [41.88172985, -87.65420076], [41.88166233, -87.65733803], [41.88164785, -87.65948876], [41.88159485, -87.66204576], [41.88155585, -87.66449576], [41.88153085, -87.66657276], [41.88149785, -87.66911876], [41.8814699, -87.67192851], [41.88142657, -87.67424314], [41.88140585, -87.67645376], [41.88134485, -87.67892876], [41.88130345, -87.68187629], [41.88126918, -87.68425539], [41.88124285, -87.68619877], [41.88122184, -87.68874669], [41.8811818, -87.69231444], [41.88117317, -87.69417183], [41.88114929, -87.69662647], [41.88111085, -87.69855777], [41.88109585, -87.70106777], [41.88105985, -87.70346277], [41.88103154, -87.70638116], [41.88099985, -87.70857777], [41.88100147, -87.71124348], [41.88095085, -87.71377777], [41.88093349, -87.71582539], [41.88087339, -87.72098393], [41.88081346, -87.72310928], [41.88084079, -87.72595905], [41.88081339, -87.72841865], [41.88078936, -87.73094797], [41.88075584, -87.73333912], [41.88072838, -87.73574431], [41.8807002, -87.73823325], [41.88065785, -87.74060378], [41.88063985, -87.74259578], [41.88061719, -87.7451286], [41.88057844, -87.74752428], [41.88055987, -87.75004459], [41.88050135, -87.75246815], [41.8804754, -87.75533989], [41.88044894, -87.75784207], [41.88041895, -87.75996977], [41.88040399, -87.761771], [41.88036488, -87.76469751], [41.88031841, -87.76639465], [41.88029141, -87.76804165], [41.88027341, -87.76966665], [41.88023441, -87.7716668], [41.88020586, -87.77449408], [41.88032085, -87.77404879]]","[[41.88032085, -87.77404879], [41.880017, -87.77147809], [41.88009561, -87.7699277], [41.88011261, -87.7682207], [41.88015461, -87.7666227], [41.88014884, -87.76461767], [41.8802106, -87.7619247], [41.88020766, -87.75997294], [41.88025972, -87.75779544], [41.88027785, -87.75526579], [41.88030469, -87.75222118], [41.88034299, -87.74914248], [41.88040022, -87.74497359], [41.88045085, -87.74300378], [41.88048285, -87.74071078], [41.88049285, -87.7376863], [41.88051183, -87.73522208], [41.88053848, -87.73312988], [41.88057633, -87.73046588], [41.88059843, -87.72786579], [41.88062207, -87.72582924], [41.88071113, -87.72286655], [41.88075138, -87.72046437], [41.88081505, -87.71598028], [41.88082173, -87.71382541], [41.88084848, -87.71073627], [41.88089485, -87.70872777], [41.88090985, -87.70633877], [41.88095985, -87.70315277], [41.88096188, -87.70088661], [41.88100673, -87.6985678], [41.88101643, -87.69601342], [41.8810403, -87.69405377], [41.88104087, -87.69229941], [41.88107037, -87.68898223], [41.88110678, -87.68608228], [41.88113582, -87.68411573], [41.88118188, -87.68122825], [41.88123985, -87.67929877], [41.88126985, -87.67685576], [41.88130459, -87.6742524], [41.88133626, -87.67186882], [41.88137785, -87.66951876], [41.88139285, -87.66850876], [41.88140246, -87.66700553], [41.88144143, -87.66419447], [41.88147666, -87.6620206], [41.88153285, -87.65977076], [41.88155285, -87.65733876], [41.88161585, -87.65490276], [41.88165954, -87.6519181], [41.8816856, -87.64984351], [41.88200785, -87.64728576], [41.88307865, -87.6467007], [41.88311785, -87.64285375], [41.88309185, -87.63998175], [41.88313585, -87.63552175], [41.88314485, -87.63263075], [41.88315492, -87.63020179], [41.88317743, -87.6275027], [41.88469579, -87.6243233], [41.8867076, -87.62438975], [41.88808386, -87.62443075], [41.88779986, -87.62097275], [41.88469586, -87.62080175]]",,,,
21,21,Cermak,56.7,57.81,80.0,78.0,,,68.0,73.0,"[[41.84742694, -87.62198799], [41.84766556, -87.61729773], [41.85154397, -87.61885453], [41.85303433, -87.62083918], [41.8529963, -87.62410854], [41.85292581, -87.62637364], [41.85301645, -87.6299301], [41.85298608, -87.63118096], [41.85294864, -87.63427925], [41.85286716, -87.63875632], [41.85279349, -87.64230045], [41.85274755, -87.6446078], [41.85271015, -87.64729427], [41.85265302, -87.65167132], [41.8526178, -87.65340802], [41.85257766, -87.65611014], [41.85251394, -87.65859733], [41.8525014, -87.66139157], [41.85245918, -87.66350675], [41.8524373, -87.66576962], [41.852366, -87.66836777], [41.85232899, -87.6711622], [41.85227275, -87.67315419], [41.85226971, -87.67609124], [41.85222236, -87.67808552], [41.85216759, -87.68115923], [41.85214271, -87.68312623], [41.8521121, -87.68616674], [41.85206017, -87.69037882], [41.85201817, -87.69323745], [41.85197085, -87.6956885], [41.85193262, -87.69916382], [41.85187708, -87.70263707], [41.85184622, -87.70550652], [41.85180882, -87.70757513], [41.8517835, -87.7102626], [41.85182996, -87.71223167], [41.85175439, -87.71526006], [41.85172728, -87.71728105], [41.85168976, -87.7197692], [41.8516566, -87.72219148], [41.8517075, -87.72527781], [41.85163449, -87.72707868], [41.85166209, -87.72989591], [41.8516165, -87.73112063], [41.85158772, -87.73431896], [41.85155481, -87.7367619], [41.85145007, -87.74162062], [41.85141146, -87.74454396], [41.85134599, -87.74650299], [41.85132488, -87.74895667], [41.8512369, -87.75383751], [41.85170314, -87.75767231], [41.85111262, -87.76375211], [41.851033, -87.76866127], [41.85092389, -87.77354963], [41.85086384, -87.77833079], [41.85084301, -87.78383989], [41.85073501, -87.78871114], [41.85064084, -87.79063479], [41.85061403, -87.79355744], [41.85056584, -87.7981618], [41.85056085, -87.80076622], [41.85046381, -87.80461959], [41.84807629, -87.80931676]]","[[41.84807629, -87.80931676], [41.85011402, -87.80831293], [41.85022704, -87.80601789], [41.85026549, -87.80317628], [41.85028646, -87.80115114], [41.85039525, -87.79865669], [41.85047252, -87.79300457], [41.85053184, -87.79083179], [41.85052501, -87.78867306], [41.85062476, -87.78372173], [41.85066292, -87.77877764], [41.8507778, -87.77392372], [41.85084498, -87.76902098], [41.85088928, -87.76409265], [41.85096477, -87.75921076], [41.85102933, -87.75434062], [41.85104176, -87.74952195], [41.85116277, -87.74695139], [41.85116052, -87.74397168], [41.85122944, -87.74026992], [41.85119414, -87.73704349], [41.85126198, -87.73472468], [41.85128872, -87.73244353], [41.8513352, -87.72974939], [41.85135803, -87.72718352], [41.85140951, -87.72491142], [41.85151597, -87.72203834], [41.85153824, -87.71996885], [41.85157145, -87.71750113], [41.85159665, -87.71479518], [41.85165182, -87.71237278], [41.85164421, -87.71025165], [41.85166031, -87.70785343], [41.85170634, -87.70503182], [41.8518088, -87.70288267], [41.85179291, -87.69876901], [41.85183722, -87.69561104], [41.85186938, -87.69266622], [41.8519043, -87.69019411], [41.85196364, -87.68552686], [41.85200885, -87.68328576], [41.85204699, -87.68044301], [41.85208385, -87.67838076], [41.85211598, -87.67558411], [41.85215885, -87.67350876], [41.85219463, -87.67066844], [41.85223385, -87.66859476], [41.85225199, -87.66648982], [41.85231434, -87.6637929], [41.85234347, -87.66090633], [41.85237821, -87.6584773], [41.85240626, -87.65646131], [41.85250985, -87.65149675], [41.85257616, -87.64667482], [41.85260487, -87.64485589], [41.85265185, -87.64201975], [41.85272685, -87.63868706], [41.85281741, -87.63531831], [41.85273809, -87.6321679], [41.85275206, -87.62997953], [41.85280346, -87.62637317], [41.85277856, -87.62183513], [41.85108642, -87.61905895], [41.84732692, -87.61782217], [41.84579223, -87.61787525], [41.84575524, -87.62037946], [41.8457244, -87.62213824], [41.8458955, -87.62332593], [41.84732085, -87.62350575], [41.84742694, -87.62198799]]",,,,
22,22,Clark,56.69,58.58,99.0,100.0,,,104.0,108.0,"[[42.01897342, -87.67316822], [42.01919304, -87.67633105], [42.01799279, -87.67581244], [42.0161249, -87.67533411], [42.01245123, -87.6747024], [42.01027987, -87.67431078], [42.00908769, -87.67407894], [42.00787446, -87.67379738], [42.00514619, -87.67313462], [42.00332203, -87.67248237], [42.00179291, -87.67198642], [41.9999567, -87.67132908], [41.99818895, -87.67077837], [41.99620887, -87.67030677], [41.99452687, -87.67030077], [41.99244272, -87.67025687], [41.99053941, -87.67020901], [41.98832034, -87.67002216], [41.98604933, -87.66945539], [41.98334676, -87.66881799], [41.98175187, -87.66850777], [41.9796899, -87.66836678], [41.97807287, -87.66840677], [41.97628325, -87.66852062], [41.97321908, -87.6681305], [41.97166195, -87.66788951], [41.96872737, -87.66756919], [41.96716287, -87.66719377], [41.96503652, -87.66677939], [41.96354387, -87.66641577], [41.96175205, -87.66608601], [41.9599204, -87.66538864], [41.95720239, -87.66408775], [41.95424739, -87.66219737], [41.95353233, -87.66168264], [41.95267034, -87.66101441], [41.95091678, -87.6596071], [41.94910559, -87.65813264], [41.94736181, -87.65675563], [41.94566228, -87.65536142], [41.94361728, -87.65372542], [41.94189653, -87.65231664], [41.94008829, -87.65090882], [41.93761034, -87.64892418], [41.93652262, -87.64802742], [41.93464433, -87.64646005], [41.93256809, -87.64496192], [41.93073245, -87.64402605], [41.92871974, -87.64242531], [41.92701948, -87.64151263], [41.92565023, -87.64066447], [41.92381723, -87.63952446], [41.92205417, -87.63842047], [41.9202256, -87.63734206], [41.9185452, -87.63630153], [41.9167207, -87.63516946], [41.91490086, -87.63404808], [41.91322594, -87.63305944], [41.91131909, -87.63187467], [41.90950486, -87.63172475], [41.90794486, -87.63167075], [41.90589086, -87.63158375], [41.90403086, -87.63153975], [41.90325186, -87.63150775], [41.90194886, -87.63147075], [41.90066486, -87.63143175], [41.89936886, -87.63139175], [41.89809286, -87.63136575], [41.89679986, -87.63132475], [41.89473689, -87.63129354], [41.89175786, -87.63120275], [41.88870164, -87.6311423], [41.88428526, -87.63103435], [41.87907585, -87.63087275], [41.87665236, -87.63084914], [41.87430296, -87.63075961]]","[[41.87430296, -87.63075961], [41.87251296, -87.62905673], [41.87475085, -87.62913675], [41.87593485, -87.62915975], [41.87804332, -87.629207], [41.87956864, -87.62925341], [41.88095585, -87.62929075], [41.88207815, -87.62929962], [41.88313992, -87.62875331], [41.88471585, -87.62939275], [41.88619143, -87.6294021], [41.88809986, -87.62945975], [41.88994544, -87.62950604], [41.89183481, -87.62956083], [41.89312986, -87.62960575], [41.89474786, -87.62964275], [41.89702836, -87.62967852], [41.89904586, -87.62979075], [41.89987463, -87.63100838], [41.90090172, -87.63125799], [41.90175186, -87.63131675], [41.90378986, -87.63136875], [41.90570586, -87.63143475], [41.90774886, -87.63149375], [41.90935048, -87.63146407], [41.9114542, -87.63167277], [41.91341686, -87.63286275], [41.915538, -87.63419314], [41.91655608, -87.63480236], [41.91839066, -87.63593082], [41.92008329, -87.63703664], [41.92186611, -87.63813451], [41.9236572, -87.63921544], [41.92550739, -87.64027154], [41.92698048, -87.64121788], [41.92863926, -87.64214729], [41.93083824, -87.64388281], [41.93321322, -87.64510093], [41.93475987, -87.64630763], [41.93660899, -87.64787107], [41.93866789, -87.64951162], [41.93986685, -87.65049529], [41.94168908, -87.65191964], [41.94437595, -87.65411834], [41.94707328, -87.65630719], [41.94939278, -87.65818715], [41.95127148, -87.65967721], [41.95256349, -87.66072189], [41.95465243, -87.6623323], [41.95671999, -87.66365855], [41.9597359, -87.6651516], [41.96183032, -87.66591446], [41.96337887, -87.66626977], [41.96518338, -87.66663072], [41.96699734, -87.66695668], [41.96910854, -87.66743173], [41.97178487, -87.66776177], [41.97353467, -87.6680315], [41.97610539, -87.66832546], [41.97795134, -87.66814558], [41.98002404, -87.66820573], [41.98160447, -87.66823317], [41.98370205, -87.66871601], [41.98536509, -87.66908572], [41.98812937, -87.66965553], [41.98941751, -87.66979979], [41.99100071, -87.66987149], [41.99308441, -87.66995311], [41.99469006, -87.67000295], [41.99630387, -87.67015877], [41.99792858, -87.67039663], [42.00070303, -87.67143102], [42.00163356, -87.67173911], [42.00343162, -87.67238082], [42.00549105, -87.67306322], [42.00801426, -87.67364964], [42.00893291, -87.67386275], [42.01048673, -87.67421331], [42.01277266, -87.67456698], [42.01595787, -87.67514378], [42.01666146, -87.67381561], [42.01851339, -87.6728196]]",,,,
24,24,Wentworth,65.51,62.45,67.5,65.4,,,24.0,26.0,"[[41.88428526, -87.63103435], [41.87907585, -87.63087275], [41.87665236, -87.63084914], [41.87464685, -87.63074975], [41.87201408, -87.63069732], [41.86866324, -87.63058533], [41.86756371, -87.630537], [41.86184285, -87.63031075], [41.85952791, -87.63034718], [41.85761272, -87.63033335], [41.85522957, -87.63026385], [41.85400146, -87.63189273], [41.85264943, -87.63209373], [41.85109485, -87.63202775], [41.84930485, -87.63201075], [41.84522387, -87.63191889], [41.84413859, -87.63194771], [41.84281585, -87.63183575], [41.84134085, -87.63180375], [41.83988085, -87.63175275], [41.83789041, -87.63173749], [41.83648585, -87.63168275], [41.83474985, -87.63164075], [41.83110125, -87.63158848], [41.82874484, -87.63148074], [41.82744484, -87.63146875], [41.82563285, -87.63143075], [41.82384159, -87.63140503], [41.81934784, -87.63131574], [41.81623743, -87.63125602], [41.81379348, -87.63119611], [41.8126677, -87.63115629], [41.81114784, -87.63150974], [41.80879484, -87.63267374], [41.80620784, -87.63260574], [41.80387484, -87.63237074], [41.80162011, -87.63206362], [41.80019284, -87.63201774], [41.79834284, -87.63195374], [41.79412329, -87.63105016], [41.79538084, -87.62926074], [41.79641584, -87.62938074], [41.79398057, -87.63188806], [41.79257084, -87.63181874], [41.79103284, -87.63178774], [41.78901584, -87.63178574], [41.78743584, -87.63198574], [41.78559084, -87.63194374], [41.78378784, -87.63196574], [41.78010873, -87.63186071], [41.7782168, -87.63133577], [41.7767069, -87.63025884], [41.77470084, -87.63008574], [41.77244677, -87.63007286], [41.76928784, -87.62999874], [41.76742783, -87.62987574], [41.76559083, -87.62982574], [41.76378283, -87.62978374], [41.76198083, -87.62975874], [41.75973154, -87.63077126], [41.75619158, -87.63245461], [41.75427117, -87.63335268], [41.75287583, -87.63377574], [41.75059865, -87.6345015], [41.74910083, -87.63476074], [41.74689236, -87.63536761], [41.74544983, -87.63567074], [41.74399526, -87.63567613], [41.74348552, -87.632345], [41.74144987, -87.63212433], [41.73910639, -87.63208124], [41.73604736, -87.6328306], [41.73623188, -87.63611994], [41.73620585, -87.6386459], [41.73619367, -87.6411036], [41.73617708, -87.64406985], [41.73615263, -87.6455516], [41.73610866, -87.64884351], [41.73607506, -87.65078407], [41.73658637, -87.65312311]]","[[41.73658637, -87.65312311], [41.73585195, -87.65305159], [41.73590115, -87.65105242], [41.73589233, -87.64809086], [41.73595465, -87.64545077], [41.73598431, -87.64313687], [41.73599634, -87.64129619], [41.73600988, -87.63886627], [41.73602024, -87.63651475], [41.73934805, -87.63183582], [41.74149925, -87.63190324], [41.74361075, -87.63251781], [41.74426083, -87.63583274], [41.74545983, -87.63550874], [41.74699283, -87.63510074], [41.75098609, -87.63402873], [41.75252083, -87.63364574], [41.75430483, -87.63308874], [41.75616283, -87.63220274], [41.75836143, -87.6311386], [41.75981083, -87.63046774], [41.76248583, -87.62961374], [41.76349483, -87.62966374], [41.76530283, -87.62969574], [41.76714783, -87.62974774], [41.76893983, -87.62977874], [41.77259135, -87.62987456], [41.77442584, -87.62994374], [41.77648187, -87.63002523], [41.77973584, -87.63010274], [41.78152084, -87.63017074], [41.78299084, -87.63018274], [41.78530284, -87.63023074], [41.78710784, -87.63026874], [41.78984737, -87.63026104], [41.79108691, -87.6303597], [41.79244784, -87.63042874], [41.79482103, -87.6304429], [41.79625484, -87.63051574], [41.80224895, -87.63067175], [41.80896984, -87.63083874], [41.81064984, -87.62990874], [41.81627284, -87.62937574], [41.81900284, -87.62943874], [41.82395993, -87.62957394], [41.8311953, -87.6297726], [41.83444485, -87.62986075], [41.83851985, -87.62998575], [41.84532285, -87.63175075], [41.84900085, -87.63184575], [41.85096785, -87.63188775], [41.85319163, -87.63172129], [41.85445789, -87.6313061], [41.85551075, -87.63006322], [41.85767992, -87.63011752], [41.85952262, -87.63015709], [41.86179285, -87.63020575], [41.86717697, -87.63035976], [41.87209885, -87.63053075], [41.87441185, -87.63059575], [41.87475085, -87.62913675], [41.87593485, -87.62915975], [41.87804332, -87.629207], [41.87956864, -87.62925341], [41.88095585, -87.62929075], [41.88207815, -87.62929962], [41.88471585, -87.62939275]]",,,,
26,26,South Shore Express,100.86,100.17,94.0,85.0,,,38.0,46.0,"[[41.89684602, -87.62171442], [41.89583088, -87.62442823], [41.89429086, -87.62436975], [41.89269886, -87.62433375], [41.89104012, -87.62429915], [41.88990186, -87.62424975], [41.88691229, -87.62468635], [41.88511186, -87.62462075], [41.88342185, -87.62459375], [41.88063279, -87.62452219], [41.87843685, -87.62445175], [41.87627885, -87.62440175], [41.87456745, -87.62437947], [41.8731092, -87.62358528], [41.87315785, -87.62085775], [41.86936947, -87.62066164], [41.77341113, -87.57535032], [41.77343205, -87.57414813], [41.77344071, -87.5716975], [41.77349025, -87.57013742], [41.77349134, -87.56849148], [41.77350423, -87.56696431], [41.77152013, -87.56667359], [41.76973242, -87.56662564], [41.76781209, -87.56658276], [41.76622599, -87.56603586], [41.76628119, -87.56418207], [41.7656368, -87.56223666], [41.76387439, -87.56049676], [41.76216299, -87.55880743], [41.76039089, -87.55705934], [41.75865613, -87.55529695], [41.7569033, -87.55340487], [41.75506764, -87.55142704], [41.75326557, -87.54949063], [41.75208692, -87.54830885], [41.7500469, -87.54808398], [41.74818766, -87.54804472], [41.74638774, -87.54800827], [41.74486596, -87.54797997], [41.74476071, -87.54904465], [41.7447292, -87.55134698], [41.74418643, -87.55227598], [41.74352964, -87.55181747], [41.74108089, -87.55158398], [41.73931548, -87.55154303], [41.73003963, -87.54699499], [41.73009799, -87.54445844], [41.72849509, -87.54298412], [41.72665243, -87.54005623], [41.72480586, -87.53819564], [41.72308032, -87.53676461], [41.72143745, -87.53544169], [41.71968683, -87.53544171], [41.71787683, -87.53541371], [41.71600683, -87.53542771], [41.71258096, -87.53537251], [41.71023183, -87.53538971], [41.70844683, -87.5353947], [41.70659583, -87.53538971], [41.70478783, -87.5354007], [41.70285339, -87.53538693], [41.70281812, -87.53757662], [41.70282329, -87.53999669], [41.70285842, -87.54242767], [41.70285044, -87.54856031], [41.70285271, -87.55466971], [41.7028567, -87.5561377], [41.7028547, -87.5593677], [41.70451018, -87.55952926], [41.70621717, -87.55955085], [41.70818783, -87.56311571], [41.70815599, -87.56562553], [41.70810155, -87.56804473], [41.70836067, -87.58092616]]","[[41.70836067, -87.58092616], [41.7079775, -87.56822099], [41.70803203, -87.56588958], [41.70807052, -87.5634301], [41.70651808, -87.55974512], [41.70471508, -87.55972313], [41.70270076, -87.55907545], [41.70269042, -87.55755821], [41.70269692, -87.55496151], [41.70268702, -87.54937809], [41.70269855, -87.54266901], [41.70268703, -87.54025427], [41.7026874, -87.53782478], [41.7045114, -87.53519126], [41.7063184, -87.53518026], [41.7081694, -87.53518626], [41.70999116, -87.53514689], [41.71191316, -87.53515288], [41.71577815, -87.53513536], [41.71788851, -87.53513792], [41.71945915, -87.53515035], [41.72127559, -87.53519103], [41.72277359, -87.5362482], [41.72484329, -87.53797562], [41.72673119, -87.5398765], [41.73023536, -87.54417784], [41.73018889, -87.54685509], [41.73016205, -87.54976079], [41.73912618, -87.55139078], [41.74125142, -87.55143048], [41.74338825, -87.55165639], [41.74453165, -87.55256649], [41.74460966, -87.55151533], [41.74463656, -87.54913273], [41.74486175, -87.54784624], [41.74670505, -87.54789006], [41.74838526, -87.5479019], [41.7502771, -87.54796949], [41.75224187, -87.54823814], [41.75364026, -87.54974274], [41.75553407, -87.55177877], [41.75729657, -87.55367943], [41.75903283, -87.55554668], [41.76080014, -87.55731445], [41.76250472, -87.55899777], [41.76422274, -87.56069347], [41.76598121, -87.56243432], [41.76638002, -87.56487373], [41.76689477, -87.56635809], [41.76832219, -87.56643975], [41.77000821, -87.56643144], [41.77194525, -87.56653437], [41.77360405, -87.56820983], [41.77358457, -87.56996557], [41.77356143, -87.57185019], [41.77353731, -87.57399769], [41.7735364, -87.57630678], [41.86936738, -87.62036045], [41.87327185, -87.62100775], [41.87322885, -87.62394375], [41.87554805, -87.62413205], [41.87814285, -87.62419875], [41.88067237, -87.62419229], [41.88237485, -87.62421075], [41.88469579, -87.6243233], [41.8867076, -87.62438975], [41.88808386, -87.62443075], [41.89021286, -87.62397475], [41.89177686, -87.62403975], [41.89320186, -87.62409475], [41.89480586, -87.62410975], [41.89654286, -87.62413875], [41.89667923, -87.6219641], [41.89672386, -87.62053575]]",,,,
28,28,Stony Island,74.31,82.33,74.5,81.5,,,26.0,23.0,"[[41.87785369, -87.63988467], [41.87801246, -87.63831201], [41.87805885, -87.63540675], [41.87808885, -87.63287375], [41.87812885, -87.62947275], [41.87814885, -87.62790475], [41.87821585, -87.62575775], [41.87627885, -87.62440175], [41.87456745, -87.62437947], [41.8731092, -87.62358528], [41.87315785, -87.62085775], [41.86936947, -87.62066164], [41.80884687, -87.59159424], [41.80782784, -87.59057273], [41.80573232, -87.58932763], [41.80441784, -87.58869073], [41.80337784, -87.58829873], [41.80244857, -87.586263], [41.80224678, -87.58516177], [41.80104084, -87.58462373], [41.79940164, -87.58412239], [41.79792084, -87.58406373], [41.79677202, -87.58404943], [41.79499456, -87.58402604], [41.79350976, -87.58395419], [41.79122284, -87.58678073], [41.78806584, -87.58672073], [41.78584559, -87.58668221], [41.78279803, -87.58661398], [41.78040988, -87.58656697], [41.77890519, -87.58652305], [41.7770828, -87.58647549], [41.77616876, -87.58647917], [41.77289106, -87.58640316], [41.77139499, -87.58639435], [41.76978261, -87.58633789], [41.7679994, -87.58648903], [41.76627733, -87.58643069], [41.76438231, -87.5864135], [41.76251318, -87.58634698], [41.76065197, -87.58627283], [41.75887726, -87.58625157], [41.75702384, -87.58612573], [41.75523624, -87.58607193], [41.75339907, -87.58601297], [41.75214111, -87.5860855], [41.75122103, -87.58601033], [41.74902916, -87.58596482], [41.74790228, -87.58589272], [41.74611128, -87.58585872], [41.74429828, -87.58581372], [41.74263883, -87.58586172], [41.74083683, -87.58582772], [41.73902783, -87.58577872], [41.73708381, -87.58574279], [41.73522886, -87.5857241], [41.73352637, -87.5856822], [41.73151786, -87.5855941], [41.72939043, -87.58556514], [41.72789483, -87.58552172], [41.72583883, -87.58549572], [41.7243073, -87.58541772], [41.72258683, -87.58530072], [41.70942381, -87.58921354]]","[[41.70942381, -87.58921354], [41.70854102, -87.58117504], [41.72269083, -87.58501572], [41.72446227, -87.58485067], [41.72587944, -87.5848265], [41.72781171, -87.58489928], [41.72955744, -87.58489047], [41.7313492, -87.58504069], [41.73319289, -87.58504711], [41.73499233, -87.58503631], [41.73676373, -87.58511281], [41.73885917, -87.58522626], [41.74066917, -87.58527525], [41.74247117, -87.58530824], [41.74414762, -87.58526103], [41.74596062, -87.58530602], [41.74779905, -87.5854067], [41.74869135, -87.58540729], [41.75108639, -87.58550057], [41.75210997, -87.58545517], [41.75331283, -87.58552673], [41.75506788, -87.58556377], [41.75675435, -87.58559703], [41.7586103, -87.5856159], [41.76049084, -87.58567772], [41.76265324, -87.58571153], [41.76411509, -87.58576175], [41.76640673, -87.58585092], [41.76774197, -87.5858683], [41.76956479, -87.58583019], [41.77091485, -87.58586469], [41.77357318, -87.58607191], [41.77703584, -87.58620061], [41.77877187, -87.58633711], [41.78095784, -87.58637573], [41.78282681, -87.58643424], [41.78602617, -87.58649812], [41.78809199, -87.58653887], [41.78962784, -87.58658073], [41.79134784, -87.58663573], [41.79332371, -87.58380801], [41.79543727, -87.58388592], [41.79679583, -87.58390463], [41.7983581, -87.58395435], [41.79947596, -87.5839665], [41.80085439, -87.58443019], [41.80257334, -87.58571276], [41.80254484, -87.58671573], [41.80288084, -87.58789373], [41.80445587, -87.58852133], [41.80581284, -87.58913073], [41.80803084, -87.59050573], [41.80914284, -87.59164373], [41.86936738, -87.62036045], [41.87327185, -87.62100775], [41.87322885, -87.62394375], [41.87554805, -87.62413205], [41.87669785, -87.62416575], [41.87958285, -87.62588975], [41.87951659, -87.62811104], [41.87948005, -87.63111025], [41.87943385, -87.63402975], [41.87940785, -87.63654775], [41.87785369, -87.63988467]]",,,,
29,29,State,68.93,67.96,84.5,81.5,,,80.0,76.0,"[[41.89229697, -87.61017288], [41.89201886, -87.61213075], [41.89195686, -87.61539675], [41.8919258, -87.61799011], [41.89186986, -87.62001475], [41.89183186, -87.62253175], [41.89178325, -87.62563585], [41.8915543, -87.6281713], [41.89015913, -87.62811267], [41.88870164, -87.6311423], [41.88590086, -87.62805875], [41.88337885, -87.62797775], [41.88086385, -87.62783975], [41.87832585, -87.62777575], [41.87700065, -87.62776972], [41.87500459, -87.62770176], [41.87206431, -87.62767144], [41.87033616, -87.62763223], [41.8690664, -87.62761295], [41.86760162, -87.6275416], [41.86564242, -87.62755911], [41.86418592, -87.62750186], [41.86209085, -87.62744775], [41.85997989, -87.62740152], [41.8575449, -87.62734215], [41.85526832, -87.62726128], [41.85251186, -87.6271906], [41.85089317, -87.62716616], [41.84900299, -87.62711126], [41.84574785, -87.62702575], [41.84446085, -87.62697575], [41.84348985, -87.62694574], [41.84210285, -87.62692075], [41.83968785, -87.62684275], [41.83847485, -87.62682375], [41.83651285, -87.62676074], [41.83443974, -87.62675673], [41.83293285, -87.62665875], [41.83117745, -87.62669959], [41.82871854, -87.62663822], [41.82723408, -87.62658725], [41.82569085, -87.62651274], [41.82353322, -87.62657028], [41.82205084, -87.62649274], [41.82024309, -87.62650445], [41.81841584, -87.62640874], [41.81660602, -87.62640286], [41.81481084, -87.62631074], [41.81315622, -87.62631671], [41.81100984, -87.62620874], [41.80906818, -87.62620025], [41.80754689, -87.62615633], [41.80573084, -87.62607074], [41.80401322, -87.62608427], [41.80178281, -87.62600841], [41.80001006, -87.6259487], [41.79823865, -87.625921], [41.79656187, -87.62584374], [41.79476296, -87.62580386], [41.79405018, -87.62580457], [41.79274584, -87.62572774], [41.79123084, -87.62568874], [41.78915284, -87.62564374], [41.78726997, -87.62562046], [41.78571084, -87.62558074], [41.78390284, -87.62551874], [41.78237514, -87.62545658], [41.78020638, -87.62550205], [41.77743984, -87.62533574], [41.77629266, -87.62533979], [41.77473084, -87.62534074], [41.77346633, -87.62535867], [41.77109553, -87.62526568], [41.7688516, -87.62552843], [41.76736784, -87.62662074], [41.76533185, -87.62665091], [41.76390083, -87.62658374], [41.76201483, -87.62652874], [41.76026083, -87.62650374], [41.75834902, -87.62647674], [41.75657283, -87.62637574], [41.75474583, -87.62627874], [41.75288218, -87.62599968], [41.75076739, -87.62587969], [41.74928283, -87.62580574], [41.74743283, -87.62573874], [41.74559283, -87.62573374], [41.74384783, -87.62567873], [41.74192583, -87.62565773], [41.74014083, -87.62556573], [41.73739955, -87.62560637], [41.73597083, -87.62546573], [41.73489337, -87.62547904], [41.72920783, -87.62526573], [41.72733583, -87.62520873], [41.72555083, -87.62519373], [41.72368983, -87.62514873], [41.72277983, -87.62407073]]","[[41.72277983, -87.62407073], [41.72389059, -87.62373381], [41.72558381, -87.62378312], [41.72713662, -87.62382115], [41.72890862, -87.62387815], [41.73261613, -87.62397887], [41.73442747, -87.62403372], [41.73658154, -87.62407766], [41.73808104, -87.62401166], [41.73994374, -87.62416712], [41.74174874, -87.62421212], [41.74389757, -87.62427787], [41.74532483, -87.62434374], [41.74718283, -87.62438573], [41.74898983, -87.62443074], [41.75146466, -87.62449289], [41.75262783, -87.62455374], [41.75486817, -87.62457667], [41.75627483, -87.62461574], [41.75801083, -87.62466074], [41.76212548, -87.62472204], [41.76355983, -87.62478774], [41.76525484, -87.62479774], [41.76724879, -87.62468514], [41.76907296, -87.62486585], [41.77087516, -87.62491173], [41.77317293, -87.62498466], [41.77447284, -87.62502574], [41.77652584, -87.62510274], [41.77754284, -87.62517274], [41.78035469, -87.62519178], [41.78229084, -87.62527874], [41.78404784, -87.62532274], [41.78536284, -87.62535874], [41.78712784, -87.62541274], [41.78904284, -87.62545774], [41.79122247, -87.62549818], [41.79266484, -87.62554374], [41.79419174, -87.62557871], [41.79489327, -87.62559659], [41.79642038, -87.62559473], [41.79839987, -87.62568894], [41.80025439, -87.6256951], [41.80208289, -87.62577243], [41.80397903, -87.6258014], [41.80581533, -87.62588186], [41.80727584, -87.62591574], [41.80908784, -87.62597574], [41.81090784, -87.62600774], [41.81330548, -87.62607959], [41.81453484, -87.62608574], [41.81670465, -87.62616431], [41.81817955, -87.6261957], [41.82033534, -87.62626021], [41.82172084, -87.62629574], [41.82361978, -87.62630517], [41.82540785, -87.62632574], [41.82755188, -87.6263738], [41.82859281, -87.62638361], [41.83118231, -87.62642223], [41.83285262, -87.62642631], [41.83492706, -87.6264372], [41.83628985, -87.62643774], [41.83820468, -87.6264419], [41.83946282, -87.62654762], [41.84173585, -87.62656275], [41.84318285, -87.62663774], [41.84438985, -87.62667875], [41.84580336, -87.62671972], [41.84945615, -87.62690479], [41.85083485, -87.62692775], [41.85262054, -87.62697838], [41.85535085, -87.62702575], [41.85815324, -87.62707729], [41.86004085, -87.62716075], [41.8623135, -87.62717639], [41.86397325, -87.62721219], [41.86567285, -87.62726375], [41.86767131, -87.62733857], [41.86916753, -87.62733218], [41.87041285, -87.62737375], [41.87298515, -87.62742291], [41.87489071, -87.62745857], [41.87685552, -87.62754829], [41.87940926, -87.62761545], [41.88193285, -87.62768075], [41.88435886, -87.62779675], [41.88560886, -87.62782875], [41.88809986, -87.62945975], [41.88994544, -87.62950604], [41.8908267, -87.6277504], [41.89088891, -87.62433173], [41.89095625, -87.62212943], [41.89100986, -87.61786575], [41.89104986, -87.61538175], [41.89103297, -87.61315337], [41.89229697, -87.61017288]]",,,,
31,31,31st,22.29,22.98,26.0,27.5,,,27.0,25.0,"[[41.83368067, -87.61539378], [41.83495775, -87.61693928], [41.83848412, -87.61773079], [41.83850244, -87.6195885], [41.8384159, -87.62358327], [41.8381261, -87.62683697], [41.83651285, -87.62676074], [41.83443974, -87.62675673], [41.83293285, -87.62665875], [41.83117745, -87.62669959], [41.83104373, -87.62886471], [41.8311953, -87.6297726], [41.83444485, -87.62986075], [41.83828537, -87.63271212], [41.83823204, -87.63767217], [41.83816657, -87.64164062], [41.83813219, -87.64414865], [41.83810994, -87.64612981], [41.83808951, -87.64864305], [41.83803169, -87.65123688], [41.83803638, -87.65434817], [41.83800548, -87.65564928], [41.83799688, -87.6591667], [41.84009849, -87.66139548], [41.83801443, -87.66544162], [41.83911106, -87.66526115]]","[[41.83911106, -87.66526115], [41.83996529, -87.66124592], [41.83782546, -87.65858503], [41.83785568, -87.65608053], [41.83790802, -87.65364756], [41.8379213, -87.65118161], [41.8379783, -87.64877188], [41.83799497, -87.64643438], [41.83801546, -87.64370282], [41.83805756, -87.64155943], [41.83811493, -87.63760975], [41.8381353, -87.63304341], [41.83789041, -87.63173749], [41.83648585, -87.63168275], [41.83474985, -87.63164075], [41.83085403, -87.63068697], [41.83089488, -87.62909306], [41.83118231, -87.62642223], [41.83285262, -87.62642631], [41.83492706, -87.6264372], [41.83628985, -87.62643774], [41.83820468, -87.6264419], [41.83829453, -87.62312487], [41.83830785, -87.61952574], [41.83837508, -87.61677398], [41.83842131, -87.61361705], [41.83368067, -87.61539378]]",,,,
30,30,South Chicago,80.56,67.26,66.0,56.5,,,50.0,50.0,"[[41.76882756, -87.62585833], [41.76911045, -87.62565383], [41.76911015, -87.62466673], [41.76911581, -87.62349443], [41.76915781, -87.62191142], [41.76917881, -87.62031142], [41.76920781, -87.61869442], [41.76923381, -87.61706841], [41.76928838, -87.61548827], [41.76936223, -87.61358591], [41.7704783, -87.61225425], [41.76907223, -87.61022751], [41.76794266, -87.6086547], [41.76602417, -87.60597959], [41.76538076, -87.60507525], [41.76337284, -87.60228964], [41.76208336, -87.60049253], [41.76046729, -87.5982471], [41.7588144, -87.59595467], [41.7570143, -87.59344113], [41.75556599, -87.59142841], [41.75471283, -87.59023497], [41.752862, -87.58767023], [41.75181014, -87.58621704], [41.75100037, -87.58508576], [41.74991311, -87.5835635], [41.74893274, -87.58226081], [41.74730183, -87.57994449], [41.74615675, -87.57834209], [41.74447567, -87.5760098], [41.74120722, -87.57147257], [41.73956512, -87.56918706], [41.73867393, -87.56786578], [41.73736049, -87.56612657], [41.73508033, -87.56295193], [41.73324912, -87.56040472], [41.72995018, -87.55583662], [41.72878161, -87.55421344], [41.728169, -87.55268404], [41.7281839, -87.55086174], [41.73000853, -87.5497839], [41.73003963, -87.54699499], [41.73009799, -87.54445844], [41.72849509, -87.54298412], [41.72665243, -87.54005623], [41.72480586, -87.53819564], [41.72308032, -87.53676461], [41.72143745, -87.53544169], [41.71968683, -87.53544171], [41.71787683, -87.53541371], [41.71600683, -87.53542771], [41.71258096, -87.53537251], [41.71023183, -87.53538971], [41.70844683, -87.5353947], [41.70659583, -87.53538971], [41.70478783, -87.5354007], [41.70285339, -87.53538693], [41.70104953, -87.53532119], [41.69929183, -87.5353857], [41.69730298, -87.53539718], [41.69557383, -87.5354297], [41.69374683, -87.5354117], [41.69199783, -87.5353767], [41.69193388, -87.5375653], [41.69161844, -87.54020937], [41.69011971, -87.54021524], [41.68835513, -87.54023116], [41.68492878, -87.54027942], [41.68233149, -87.54024976], [41.68088968, -87.53963338], [41.68193477, -87.53740821], [41.67894664, -87.54018857], [41.67617687, -87.5401506], [41.67271651, -87.54017102], [41.66790119, -87.53910051], [41.66571505, -87.53946726], [41.66425254, -87.53979548], [41.65945092, -87.5400114], [41.65765292, -87.54001139], [41.65558092, -87.54000038], [41.65371268, -87.53997822], [41.65190229, -87.53997895], [41.65007553, -87.53995584], [41.64868384, -87.54006203], [41.64446429, -87.5400565], [41.64629959, -87.54299994], [41.64853605, -87.54583513], [41.64945642, -87.54704273], [41.65180239, -87.5470275], [41.65557329, -87.54741243], [41.65557099, -87.54941539], [41.65555384, -87.55179294], [41.65732893, -87.55188557], [41.65902457, -87.55193166], [41.65910571, -87.54967351], [41.65909871, -87.54728252], [41.65560011, -87.54721149], [41.65207082, -87.5472367], [41.64968802, -87.54726862], [41.64838415, -87.54591838], [41.64583459, -87.54268007]]","[[41.64583459, -87.54268007], [41.64416542, -87.53977029], [41.64840259, -87.53987565], [41.64996455, -87.53977825], [41.65190171, -87.53981168], [41.65360287, -87.5397182], [41.65557534, -87.53981256], [41.6572317, -87.53982463], [41.6593306, -87.53977904], [41.66426422, -87.53946578], [41.66590035, -87.53916664], [41.66815479, -87.53873675], [41.67256887, -87.53985022], [41.67588654, -87.53989431], [41.67892682, -87.5397807], [41.68088968, -87.53963338], [41.68193477, -87.53740821], [41.68232305, -87.53993903], [41.68471723, -87.54000236], [41.68814345, -87.54003279], [41.68998191, -87.5399995], [41.69178791, -87.5400035], [41.69177971, -87.53781043], [41.69212973, -87.53518372], [41.69361702, -87.53515209], [41.69537004, -87.53517], [41.6973744, -87.53516498], [41.69904153, -87.5351964], [41.70088353, -87.53517619], [41.70298798, -87.53519907], [41.7045114, -87.53519126], [41.7063184, -87.53518026], [41.7081694, -87.53518626], [41.70999116, -87.53514689], [41.71191316, -87.53515288], [41.71577815, -87.53513536], [41.71788851, -87.53513792], [41.71945915, -87.53515035], [41.72127559, -87.53519103], [41.72277359, -87.5362482], [41.72484329, -87.53797562], [41.72673119, -87.5398765], [41.73023536, -87.54417784], [41.73018889, -87.54685509], [41.72992188, -87.54995498], [41.72831904, -87.55105879], [41.7283048, -87.55248733], [41.72875783, -87.55378471], [41.73078123, -87.55656776], [41.73294838, -87.55959677], [41.73513583, -87.56258072], [41.73708068, -87.56533286], [41.73864366, -87.56750192], [41.73951011, -87.5686856], [41.74161165, -87.57162886], [41.74420238, -87.57522778], [41.74490371, -87.57620904], [41.74636192, -87.57823562], [41.74782305, -87.58025401], [41.74868819, -87.58146429], [41.74989495, -87.58314769], [41.75136638, -87.58519699], [41.75221255, -87.5863674], [41.75486615, -87.59005882], [41.7555925, -87.5910522], [41.75679181, -87.59273262], [41.75910781, -87.59592368], [41.76040044, -87.59774939], [41.76215207, -87.60017984], [41.76354283, -87.60212616], [41.7657347, -87.60516561], [41.76636566, -87.60606652], [41.76803646, -87.60839252], [41.7693395, -87.61023092], [41.76942133, -87.61374894], [41.76940749, -87.61523438], [41.76938864, -87.61674419], [41.76937464, -87.6183762], [41.76929279, -87.62009266], [41.76929079, -87.62159267], [41.76925387, -87.623294], [41.76882756, -87.62585833]]",,,,
34,34,South Michigan,39.01,44.52,26.0,38.0,,,9.0,7.0,"[[41.72267083, -87.62486173], [41.72168377, -87.62074179], [41.72006167, -87.62064496], [41.71824945, -87.62060484], [41.71645683, -87.62055173], [41.71495079, -87.62056685], [41.71249509, -87.62023679], [41.71093537, -87.61998592], [41.70916335, -87.61998801], [41.70732057, -87.62029048], [41.70547745, -87.62056749], [41.70361715, -87.62072932], [41.70170152, -87.62086594], [41.69967958, -87.62100785], [41.69817763, -87.62095795], [41.69634563, -87.62089595], [41.69451242, -87.62086954], [41.69240853, -87.62112582], [41.69086999, -87.62110866], [41.68907862, -87.62109026], [41.68715458, -87.62103121], [41.68509668, -87.62086291], [41.68403236, -87.62078178], [41.68266702, -87.62074451], [41.68174325, -87.62071119], [41.6800026, -87.62067001], [41.67818131, -87.62059243], [41.67634925, -87.62054137], [41.67450452, -87.62046769], [41.67266934, -87.62043281], [41.67086982, -87.62037173], [41.66903756, -87.62029103], [41.66780561, -87.62025645], [41.66645764, -87.62015708], [41.66451682, -87.62008373], [41.65903539, -87.61751032], [41.65249518, -87.60477147], [41.65417789, -87.60496657], [41.65572571, -87.60507494], [41.65727579, -87.60478011], [41.65710782, -87.60230572], [41.65716624, -87.60007269], [41.65628664, -87.59098233]]","[[41.65628664, -87.59098233], [41.65884382, -87.61075254], [41.65733782, -87.60986372], [41.65737422, -87.60770014], [41.65727579, -87.60478011], [41.65710782, -87.60230572], [41.65716624, -87.60007269], [41.65708106, -87.59834564], [41.65504127, -87.59687742], [41.65389278, -87.59688223], [41.65381633, -87.59977276], [41.65328806, -87.60185228], [41.65267378, -87.60446327], [41.65417789, -87.60496657], [41.65572571, -87.60507494], [41.65724193, -87.60507923], [41.6573763, -87.60745098], [41.65750682, -87.60960672], [41.65900797, -87.61051244], [41.65921501, -87.6149246], [41.6591963, -87.61725087], [41.66355227, -87.61978999], [41.66443382, -87.61993873], [41.66625354, -87.62001366], [41.66762917, -87.62007169], [41.66885171, -87.62012946], [41.67070482, -87.62022673], [41.67247682, -87.62026873], [41.6743599, -87.62028952], [41.67613388, -87.62037064], [41.67823531, -87.62044669], [41.67980787, -87.62049614], [41.68146997, -87.62055453], [41.68246829, -87.62056935], [41.68386063, -87.62062453], [41.68520907, -87.62072823], [41.68713282, -87.62081973], [41.689179, -87.62093936], [41.69103898, -87.62095367], [41.69275458, -87.6209768], [41.69468229, -87.62070169], [41.69648599, -87.62074601], [41.69801751, -87.62080109], [41.6998112, -87.62085793], [41.70168326, -87.62066201], [41.70337697, -87.62055223], [41.70528047, -87.62044149], [41.70749621, -87.62008182], [41.70898957, -87.61986268], [41.71074462, -87.61981554], [41.71259149, -87.62001669], [41.71449734, -87.6202654], [41.7162914, -87.62033868], [41.71809783, -87.62041473], [41.71989583, -87.62045173], [41.72188457, -87.62103355], [41.72267083, -87.62486173]]",,,,
36,36,Broadway,54.8,52.23,94.0,92.0,,,87.0,89.0,"[[41.99973089, -87.67075332], [41.99801979, -87.67021778], [41.99804699, -87.66803552], [41.99807299, -87.66559552], [41.99809899, -87.66318852], [41.99810999, -87.66161852], [41.99621066, -87.66056498], [41.99438838, -87.66051595], [41.99279387, -87.66044977], [41.99099751, -87.66041686], [41.9897546, -87.66037531], [41.98702087, -87.66024677], [41.98551587, -87.66024677], [41.98387748, -87.66019165], [41.98190374, -87.66015522], [41.98013537, -87.66010654], [41.97802322, -87.66003602], [41.97612594, -87.65997557], [41.97331941, -87.65989807], [41.97133602, -87.65984834], [41.96887405, -87.65977346], [41.9673477, -87.6588408], [41.9652543, -87.65750394], [41.96318859, -87.65617732], [41.96185413, -87.65540442], [41.96066262, -87.6545347], [41.95853387, -87.65309476], [41.95699587, -87.65210776], [41.95469101, -87.65070251], [41.95251154, -87.64974388], [41.94927014, -87.6485142], [41.94702196, -87.64715806], [41.94556414, -87.64626588], [41.94318439, -87.64480859], [41.93981657, -87.64446606], [41.93797386, -87.64441976], [41.93658686, -87.64436776], [41.93493616, -87.6443161], [41.93256809, -87.64496192], [41.93073245, -87.64402605], [41.92871974, -87.64242531], [41.92701948, -87.64151263], [41.92565023, -87.64066447], [41.92381723, -87.63952446], [41.92205417, -87.63842047], [41.9202256, -87.63734206], [41.9185452, -87.63630153], [41.9167207, -87.63516946], [41.91490086, -87.63404808], [41.91322594, -87.63305944], [41.91131909, -87.63187467], [41.90950486, -87.63172475], [41.90794486, -87.63167075], [41.90589086, -87.63158375], [41.90384688, -87.63122704], [41.90388298, -87.62875496], [41.90199286, -87.62843575], [41.90088186, -87.62840475], [41.89927186, -87.62836175], [41.89644313, -87.62829256], [41.89501486, -87.62824675], [41.89340054, -87.62821062], [41.8915543, -87.6281713], [41.89015913, -87.62811267], [41.88870164, -87.6311423], [41.88590086, -87.62805875], [41.88337885, -87.62797775], [41.88086385, -87.62783975], [41.87832585, -87.62777575], [41.87700065, -87.62776972], [41.87694685, -87.63098101], [41.87692881, -87.63260855], [41.87538242, -87.63302496]]","[[41.87538242, -87.63302496], [41.87593485, -87.62915975], [41.87804332, -87.629207], [41.87956864, -87.62925341], [41.88095585, -87.62929075], [41.88207815, -87.62929962], [41.88471585, -87.62939275], [41.88619143, -87.6294021], [41.88809986, -87.62945975], [41.88994544, -87.62950604], [41.89158886, -87.62795475], [41.89319386, -87.62799775], [41.89476386, -87.62806575], [41.89695179, -87.62812088], [41.89901486, -87.62819075], [41.90049186, -87.62823575], [41.90176286, -87.62827375], [41.90306286, -87.62851375], [41.90398986, -87.62980975], [41.90397724, -87.63131084], [41.90570586, -87.63143475], [41.90774886, -87.63149375], [41.90935048, -87.63146407], [41.9114542, -87.63167277], [41.91341686, -87.63286275], [41.915538, -87.63419314], [41.91655608, -87.63480236], [41.91839066, -87.63593082], [41.92008329, -87.63703664], [41.92186611, -87.63813451], [41.9236572, -87.63921544], [41.92550739, -87.64027154], [41.92698048, -87.64121788], [41.92863926, -87.64214729], [41.93083824, -87.64388281], [41.93308239, -87.64475007], [41.93495298, -87.64416518], [41.93789086, -87.64427376], [41.93996086, -87.64433776], [41.94325863, -87.64460642], [41.94546377, -87.64604394], [41.94764185, -87.64737396], [41.94910367, -87.64825036], [41.95117952, -87.64948834], [41.9526532, -87.64956399], [41.95445354, -87.65039451], [41.95682987, -87.65196276], [41.95836787, -87.65294976], [41.96018046, -87.6541382], [41.96224057, -87.65533475], [41.96405422, -87.65649226], [41.96559911, -87.65748119], [41.9673689, -87.65861429], [41.96887308, -87.65955873], [41.97164302, -87.65961609], [41.97337616, -87.65965397], [41.97513301, -87.6597142], [41.97686437, -87.6597594], [41.97830669, -87.65981697], [41.97982632, -87.65985963], [41.98171087, -87.65994677], [41.98384254, -87.65997], [41.98536487, -87.66002377], [41.98744087, -87.66010777], [41.98992212, -87.66015965], [41.99105742, -87.66018952], [41.99273966, -87.66021674], [41.99444356, -87.66030129], [41.996237, -87.66033594], [41.99825839, -87.66108036], [41.99824676, -87.66292745], [41.9982154, -87.66519838], [41.99819449, -87.66775759], [41.99815579, -87.67037701], [41.99973089, -87.67075332]]",,,,
37,37,Sedgwick,23.61,25.07,45.0,46.5,,,44.0,42.0,"[[41.9253259, -87.65335938], [41.92533013, -87.65282847], [41.92538902, -87.64897269], [41.92381491, -87.64660832], [41.92201801, -87.64410382], [41.92022052, -87.64160822], [41.91844611, -87.63911664], [41.91659563, -87.63883934], [41.91478186, -87.63876776], [41.91296386, -87.63871676], [41.91091063, -87.63866755], [41.90910821, -87.63860893], [41.90666548, -87.63850568], [41.90486229, -87.63846803], [41.90356813, -87.63753806], [41.90217986, -87.63746975], [41.90061686, -87.63741075], [41.89902486, -87.63735175], [41.89825986, -87.63732075], [41.89648162, -87.63591812], [41.8948332, -87.63423842], [41.8932572, -87.63419742], [41.89172628, -87.63416709], [41.89011386, -87.63410575], [41.88873186, -87.63409575], [41.88580586, -87.63398575], [41.88334085, -87.63392575], [41.88205085, -87.63389775], [41.88077885, -87.63388075], [41.87947985, -87.63381475], [41.87820185, -87.63379875], [41.87688267, -87.63548638], [41.87683533, -87.63938621], [41.87559585, -87.64108575]]","[[41.87559585, -87.64108575], [41.87461141, -87.64234476], [41.87691184, -87.64242129], [41.87795898, -87.64115793], [41.87801246, -87.63831201], [41.87925685, -87.63515775], [41.88204684, -87.63521863], [41.88433485, -87.63528375], [41.88625114, -87.63535569], [41.88855986, -87.63675675], [41.88982886, -87.63689875], [41.89175, -87.63693478], [41.89386218, -87.63700822], [41.89464786, -87.63703675], [41.89640086, -87.63708075], [41.89807186, -87.63714875], [41.89885386, -87.63717475], [41.90072162, -87.63724585], [41.90386086, -87.63821375], [41.90474625, -87.6382896], [41.90658428, -87.6383756], [41.90918186, -87.63846576], [41.9109686, -87.63851896], [41.91276546, -87.63857211], [41.91461686, -87.63862176], [41.91638186, -87.63866776], [41.91809918, -87.63874963], [41.92000115, -87.64086006], [41.92193362, -87.64611165], [41.92183211, -87.65211388], [41.9253259, -87.65335938]]",,,,
39,39,Pershing,43.85,44.85,46.0,45.0,,,45.0,46.0,"[[41.8226224, -87.60232045], [41.82421787, -87.60334858], [41.82405805, -87.60678142], [41.82399859, -87.60975216], [41.82396749, -87.61292535], [41.82392104, -87.61664244], [41.8239038, -87.61747156], [41.82388187, -87.61907465], [41.82032807, -87.62138033], [41.8219516, -87.62144351], [41.82384855, -87.6218652], [41.82383524, -87.6229744], [41.823817, -87.62469701], [41.82379356, -87.62670912], [41.82377022, -87.62888009], [41.82395993, -87.62957394], [41.8310375, -87.63055393], [41.82874484, -87.63148074], [41.82744484, -87.63146875], [41.82563285, -87.63143075], [41.82375395, -87.63160499], [41.82369099, -87.63399908], [41.82364369, -87.63742009], [41.82363749, -87.63852037], [41.82359942, -87.64090834], [41.82356901, -87.64377155], [41.82354773, -87.64635024], [41.8234674, -87.65060663], [41.82347139, -87.65350464], [41.82331715, -87.660254], [41.82326476, -87.66313388], [41.823272, -87.66521411], [41.82323703, -87.66753786], [41.82328559, -87.67012684], [41.82324551, -87.67242915], [41.82319209, -87.67534441], [41.82313947, -87.68004652], [41.82309255, -87.68407377], [41.8261503, -87.68427326], [41.82788298, -87.68153861], [41.82927466, -87.68053272], [41.82866236, -87.68096076], [41.82796884, -87.68176476], [41.82620633, -87.68473676], [41.82488196, -87.68680979], [41.82319985, -87.68958255], [41.82288559, -87.69204133], [41.82286566, -87.69445773], [41.82279975, -87.6969735], [41.82275247, -87.69943706], [41.82270308, -87.70184284], [41.82265425, -87.70423757], [41.82260526, -87.70676644], [41.82258378, -87.70922784], [41.82439018, -87.7095497], [41.82346462, -87.71184301]]","[[41.82346462, -87.71184301], [41.82254984, -87.71183477], [41.82247909, -87.70923463], [41.82251172, -87.70688858], [41.82252943, -87.70464479], [41.82257827, -87.70219332], [41.82264245, -87.69970256], [41.82268761, -87.6972149], [41.82271735, -87.69478536], [41.82279134, -87.69206078], [41.82308518, -87.68944463], [41.82430484, -87.68747276], [41.82572163, -87.6850976], [41.82659184, -87.68368876], [41.82788298, -87.68153861], [41.82927466, -87.68053272], [41.82869541, -87.68099506], [41.82796884, -87.68176476], [41.82567892, -87.68441077], [41.82291572, -87.68391738], [41.82297242, -87.68016454], [41.82304518, -87.67473147], [41.82308073, -87.67278105], [41.82312405, -87.6701965], [41.82310753, -87.66778991], [41.82306857, -87.66435953], [41.82307419, -87.66313587], [41.82312807, -87.66068842], [41.82330383, -87.65381028], [41.82331858, -87.6505739], [41.82339886, -87.64564983], [41.82342977, -87.64322954], [41.82346563, -87.6408614], [41.82349048, -87.63872518], [41.82349284, -87.63747675], [41.82355169, -87.63388897], [41.82354295, -87.63153198], [41.82395993, -87.62957394], [41.8310375, -87.63055393], [41.82874484, -87.63148074], [41.82744484, -87.63146875], [41.82563285, -87.63143075], [41.82356883, -87.62974381], [41.82362342, -87.62841483], [41.82365881, -87.62605171], [41.82367095, -87.62499002], [41.82367575, -87.62337119], [41.82150084, -87.62322074], [41.82032807, -87.62138033], [41.8219516, -87.62144351], [41.82371348, -87.6213625], [41.82376248, -87.61926131], [41.82376248, -87.61735597], [41.82377622, -87.61654258], [41.82381187, -87.61279343], [41.8238539, -87.61004235], [41.82382303, -87.60707651], [41.82309091, -87.60459565], [41.82194482, -87.60367269], [41.8226224, -87.60232045]]",,,,
43,43,43rd,21.74,19.93,25.5,24.5,,,47.0,48.0,"[[41.81698385, -87.59748273], [41.81807689, -87.59952563], [41.81694397, -87.60102113], [41.81690682, -87.60459223], [41.81688957, -87.60658045], [41.81684795, -87.60906158], [41.81679737, -87.6115442], [41.8167507, -87.61399012], [41.8167137, -87.61638577], [41.81670168, -87.61717507], [41.81667312, -87.61898439], [41.81663768, -87.62163993], [41.81663007, -87.62339397], [41.81657314, -87.62651534], [41.81652289, -87.62956488], [41.81623743, -87.63125602], [41.81379348, -87.63119611], [41.8126677, -87.63115629], [41.81114784, -87.63150974], [41.80903229, -87.63168018], [41.81652289, -87.62956488], [41.81649559, -87.63139017], [41.81644832, -87.63345316], [41.81722657, -87.63348313], [41.81914482, -87.63370045], [41.81907265, -87.63833133], [41.8190582, -87.64079219], [41.81901192, -87.6432306], [41.82019531, -87.64483775]]","[[41.82019531, -87.64483775], [41.81890199, -87.64318761], [41.81891984, -87.64102775], [41.81895284, -87.63856875], [41.81900384, -87.63365075], [41.81714317, -87.63364975], [41.81634054, -87.63329414], [41.81623743, -87.63125602], [41.81379348, -87.63119611], [41.8126677, -87.63115629], [41.81114784, -87.63150974], [41.80903229, -87.63168018], [41.81064984, -87.62990874], [41.81627284, -87.62937574], [41.81643055, -87.62596749], [41.81643546, -87.62281162], [41.81644752, -87.62121505], [41.81655817, -87.61846673], [41.81657985, -87.61719915], [41.81656061, -87.61635868], [41.81663126, -87.61418126], [41.81668133, -87.61174129], [41.81671833, -87.60930229], [41.81675091, -87.60684633], [41.81678408, -87.60386491], [41.8168343, -87.60044569], [41.81690076, -87.59889917], [41.81698385, -87.59748273]]",,,,
44,44,Wallace/Racine,49.91,49.63,51.5,49.5,,,57.0,59.0,"[[41.84663027, -87.64826804], [41.84806773, -87.64452531], [41.84895333, -87.64200211], [41.8496058, -87.64072668], [41.85022412, -87.63990712], [41.85092312, -87.63866029], [41.84955809, -87.63854957], [41.84798639, -87.63849963], [41.84553433, -87.63843735], [41.84546615, -87.63978155], [41.84525752, -87.64167285], [41.84363264, -87.64164767], [41.84180264, -87.64161167], [41.83998064, -87.64158066], [41.83821855, -87.64149973], [41.83643546, -87.6414543], [41.83457765, -87.64138037], [41.83257372, -87.64135536], [41.83092814, -87.64132676], [41.82908303, -87.64134418], [41.82724703, -87.64131318], [41.82539253, -87.64118036], [41.82334938, -87.6411344], [41.81908518, -87.64102513], [41.81901192, -87.6432306], [41.81841625, -87.64588915], [41.81759076, -87.64586125], [41.81601065, -87.64581883], [41.81471687, -87.64579353], [41.81229848, -87.64575499], [41.81063538, -87.64569208], [41.80895666, -87.64596321], [41.80886061, -87.65042287], [41.80882913, -87.65283838], [41.80854876, -87.65533621], [41.80705684, -87.65525375], [41.80523684, -87.65519675], [41.80337636, -87.65520015], [41.80109689, -87.65515568], [41.79970084, -87.65505975], [41.79784859, -87.65499858], [41.79596484, -87.65494175], [41.79425607, -87.65498074], [41.79339307, -87.65494768], [41.79247951, -87.65491878], [41.79062384, -87.65485343], [41.78866684, -87.65477275], [41.78703964, -87.65478557], [41.7851452, -87.65470063], [41.78332215, -87.6546899], [41.78149859, -87.65464298], [41.77972788, -87.65459889], [41.77790384, -87.65450375], [41.77600879, -87.65446097], [41.77417394, -87.6544213], [41.77244347, -87.65440332], [41.77058539, -87.65434775], [41.76850202, -87.65429019], [41.76694901, -87.65425091], [41.76516349, -87.6542134], [41.76336783, -87.65411974], [41.76149334, -87.6541068], [41.75925775, -87.65405993], [41.75762935, -87.65401077], [41.75617674, -87.65398837], [41.75421886, -87.65392234], [41.75243783, -87.65384774], [41.75061106, -87.65384017], [41.74878628, -87.65377974], [41.74693999, -87.65372583], [41.74512977, -87.65367556], [41.7433238, -87.65363891], [41.74147058, -87.65357659], [41.73963826, -87.6535198], [41.73783536, -87.65347577], [41.73658637, -87.65312311]]","[[41.73658637, -87.65312311], [41.73764727, -87.65331702], [41.73952149, -87.65335782], [41.74134401, -87.65341802], [41.74309324, -87.65345146], [41.74491932, -87.65351815], [41.7467956, -87.65356637], [41.74859667, -87.65361105], [41.75076764, -87.65365982], [41.75220727, -87.65371444], [41.75405121, -87.65375938], [41.7565273, -87.65379117], [41.75749874, -87.6538449], [41.75949083, -87.65387174], [41.76135883, -87.65392375], [41.76320183, -87.65397575], [41.76498509, -87.65401983], [41.76680774, -87.65408862], [41.76892842, -87.65410556], [41.77047283, -87.65416074], [41.77223978, -87.65422469], [41.77408994, -87.6542753], [41.77592479, -87.65431497], [41.77773884, -87.65435875], [41.77950684, -87.65441375], [41.78134584, -87.65445375], [41.78317451, -87.65451832], [41.7849802, -87.65455663], [41.78679818, -87.65459347], [41.78850084, -87.65462875], [41.79045784, -87.65470843], [41.79226813, -87.6547526], [41.79372356, -87.65477077], [41.79447539, -87.65479982], [41.79581284, -87.65479675], [41.79763484, -87.65483775], [41.79953484, -87.65491475], [41.80175395, -87.65496721], [41.80319664, -87.65501319], [41.80533184, -87.65504975], [41.80689184, -87.65510875], [41.80862669, -87.6551682], [41.80872094, -87.65296871], [41.80875594, -87.65054272], [41.80911684, -87.64543875], [41.81061802, -87.64547909], [41.81253456, -87.64551901], [41.81474397, -87.64560442], [41.81607384, -87.64563575], [41.81745084, -87.64566975], [41.81844077, -87.64570373], [41.81890199, -87.64318761], [41.81983284, -87.6408893], [41.82342918, -87.64099869], [41.82523379, -87.6410272], [41.8270681, -87.6410704], [41.8289041, -87.6411004], [41.8307031, -87.6411414], [41.8325983, -87.64116085], [41.83441165, -87.64123537], [41.83621552, -87.64124283], [41.83837851, -87.64135157], [41.83984148, -87.64137945], [41.84164569, -87.64142363], [41.84346601, -87.64146713], [41.84530085, -87.64141175], [41.84534637, -87.64011785], [41.84561094, -87.63825145], [41.84809949, -87.63831857], [41.8489801, -87.63834271], [41.85080387, -87.63838557], [41.85000691, -87.64043803], [41.84898356, -87.64235639], [41.84825825, -87.64452875], [41.84663027, -87.64826804]]",,,,
47,47,47th,54.37,53.69,75.5,75.0,,,119.0,117.0,"[[41.80936295, -87.59165093], [41.80976839, -87.59288468], [41.80974461, -87.5951369], [41.80972762, -87.5967354], [41.80970018, -87.59910854], [41.8096561, -87.60153843], [41.80962922, -87.60379128], [41.80963442, -87.60455], [41.80961639, -87.60640345], [41.80954504, -87.60941701], [41.80952722, -87.61165944], [41.8094776, -87.61428898], [41.8094855, -87.61625595], [41.80940727, -87.61954108], [41.80938767, -87.62133249], [41.80935903, -87.62310107], [41.80931, -87.62640969], [41.80927549, -87.62809594], [41.80923563, -87.63152757], [41.80919928, -87.63301327], [41.80908972, -87.63805186], [41.80903265, -87.64048059], [41.80897397, -87.64299839], [41.80895666, -87.64596321], [41.80886061, -87.65042287], [41.80882913, -87.65283838], [41.8088141, -87.65565512], [41.80876744, -87.65764319], [41.80873335, -87.66010354], [41.80870562, -87.66239691], [41.80867674, -87.66523454], [41.80862363, -87.66969316], [41.80858815, -87.67206304], [41.80856948, -87.67535681], [41.80857851, -87.67740708], [41.80850863, -87.68186267], [41.80848113, -87.68363044], [41.80850123, -87.68469235], [41.80845636, -87.68689377], [41.80842866, -87.68921914], [41.80839019, -87.69160507], [41.80836008, -87.694029], [41.80830978, -87.6964957], [41.80826799, -87.69901134], [41.80823073, -87.70141059], [41.80794797, -87.70406465], [41.80578484, -87.70398576], [41.80455576, -87.70462634], [41.80487488, -87.70459325], [41.80563284, -87.70384076], [41.80819469, -87.70426414], [41.8081614, -87.70631252], [41.80812078, -87.70876473], [41.8080981, -87.7108958], [41.80805461, -87.71456181], [41.80800684, -87.71640777], [41.80800384, -87.71849477], [41.80796934, -87.7210478], [41.80795837, -87.72389001], [41.80792501, -87.72592308], [41.8078844, -87.72837505], [41.80784739, -87.73128764], [41.80781583, -87.73335381], [41.80778189, -87.73575388], [41.80776709, -87.73711234], [41.80774023, -87.7393388], [41.80775178, -87.74062759], [41.80739408, -87.74331281], [41.80589295, -87.74326983], [41.80427379, -87.74321953], [41.80224162, -87.74317949], [41.80042709, -87.74312842], [41.79829944, -87.74306326], [41.79706305, -87.74301242], [41.79267883, -87.74227291], [41.78622765, -87.7390293]]","[[41.78622765, -87.7390293], [41.79349788, -87.74211573], [41.79660726, -87.74271176], [41.79905622, -87.74278747], [41.800232, -87.74279058], [41.80206359, -87.74286214], [41.80390478, -87.74290883], [41.80572944, -87.74295809], [41.8075151, -87.74296847], [41.80759884, -87.74083678], [41.80759794, -87.73963719], [41.80764564, -87.73711388], [41.80766556, -87.73561752], [41.80767958, -87.73346227], [41.80772857, -87.73072261], [41.807758, -87.72858964], [41.80778777, -87.72613406], [41.80782249, -87.72325465], [41.80784798, -87.72120605], [41.80785356, -87.7187604], [41.80790703, -87.71631627], [41.80793722, -87.71461427], [41.80797363, -87.71142519], [41.80801211, -87.70850386], [41.80804007, -87.70648125], [41.80794797, -87.70406465], [41.80578484, -87.70398576], [41.80455576, -87.70462634], [41.80487265, -87.70454464], [41.80563284, -87.70384076], [41.80794809, -87.70386256], [41.80810879, -87.70157236], [41.80815033, -87.69907815], [41.80818489, -87.69671117], [41.80822534, -87.6938379], [41.80826513, -87.69187273], [41.8083058, -87.68943018], [41.80833184, -87.68698874], [41.80838174, -87.6845683], [41.80836536, -87.68361759], [41.80838285, -87.68211191], [41.80843558, -87.67722461], [41.80845449, -87.67484062], [41.80846372, -87.67232813], [41.80851187, -87.66951656], [41.80854579, -87.66467716], [41.8085923, -87.66235523], [41.80860867, -87.66023845], [41.80864067, -87.65778946], [41.80867182, -87.6553958], [41.80872094, -87.65296871], [41.80875594, -87.65054272], [41.80879991, -87.64570321], [41.80884104, -87.64322613], [41.80888159, -87.64082336], [41.80891027, -87.63829451], [41.80899674, -87.63346123], [41.80903229, -87.63168018], [41.80913041, -87.62842325], [41.80917087, -87.6262299], [41.80922413, -87.62296638], [41.8092453, -87.62133469], [41.80926711, -87.61828154], [41.80930075, -87.6161735], [41.80939732, -87.61344317], [41.80940276, -87.61126856], [41.80947188, -87.60850551], [41.80947471, -87.60630991], [41.80947836, -87.6037422], [41.80952143, -87.60150922], [41.80954781, -87.59939218], [41.80956881, -87.59698518], [41.80959307, -87.5951381], [41.80962002, -87.59249439], [41.80936295, -87.59165093]]",,,,
48,48,South Damen,30.99,30.53,27.0,28.0,,,27.0,26.0,"[[41.80496759, -87.68401122], [41.80835328, -87.68433287], [41.80836536, -87.68361759], [41.80838285, -87.68211191], [41.80843558, -87.67722461], [41.80845449, -87.67484062], [41.80635679, -87.67472665], [41.80500984, -87.67464276], [41.80318532, -87.67464651], [41.80109201, -87.6745959], [41.79910351, -87.67455646], [41.79764864, -87.67448002], [41.79584364, -87.67441102], [41.79400054, -87.67440529], [41.79343264, -87.67437282], [41.79214655, -87.67434974], [41.79015355, -87.67428166], [41.78673284, -87.67420758], [41.78483284, -87.67406675], [41.78301083, -87.67401375], [41.78126397, -87.67406586], [41.7790884, -87.67401995], [41.7776116, -87.6739648], [41.77553807, -87.67391781], [41.77371233, -87.67383267], [41.77185583, -87.67382017], [41.77034683, -87.67373475], [41.76825552, -87.6737382], [41.76676583, -87.67364975], [41.76465991, -87.67363224], [41.76308483, -87.67355175], [41.76124683, -87.67351475], [41.75910676, -87.67350199], [41.75576663, -87.6734227], [41.75392383, -87.67331375], [41.75206983, -87.67325675], [41.75010305, -87.67323165], [41.74842183, -87.67315675], [41.74659083, -87.67309575], [41.74481083, -87.67304875], [41.74298021, -87.6730556], [41.74117321, -87.6729976], [41.73935421, -87.6729406], [41.73771869, -87.67292288], [41.73624241, -87.67298899]]","[[41.73624241, -87.67298899], [41.73739183, -87.67268075], [41.73918883, -87.67272975], [41.74100783, -87.67278675], [41.74281483, -87.67284475], [41.7447648, -87.67290253], [41.74652311, -87.67297752], [41.7483748, -87.67301053], [41.75014941, -87.673046], [41.75190483, -87.67311175], [41.75375783, -87.67316875], [41.75557283, -87.67320875], [41.75951894, -87.67331947], [41.76108183, -87.67337075], [41.76291883, -87.67340675], [41.76490586, -87.67345257], [41.76659983, -87.67350475], [41.76835203, -87.67353662], [41.77018083, -87.67358975], [41.77201083, -87.67364875], [41.77379883, -87.67368575], [41.77560983, -87.67373575], [41.77744883, -87.67377975], [41.7791955, -87.67381711], [41.78131325, -87.67387212], [41.78285884, -87.67386875], [41.78468184, -87.67392175], [41.78652632, -87.67400004], [41.79040725, -87.67411358], [41.79226859, -87.67416905], [41.79347973, -87.67419577], [41.79411114, -87.67421247], [41.79566484, -87.67418376], [41.79770937, -87.67427861], [41.79933232, -87.67437563], [41.80113284, -87.67437076], [41.80295184, -87.67443076], [41.80510484, -87.67449576], [41.80665284, -87.67455376], [41.80856948, -87.67535681], [41.80857851, -87.67740708], [41.80850863, -87.68186267], [41.80496759, -87.68401122]]",,,,
49,49,Western,83.97,83.49,110.5,100.5,,,128.0,132.0,"[[41.97852516, -87.68952651], [41.977541, -87.68934162], [41.97571515, -87.68929258], [41.97310216, -87.68921192], [41.9683641, -87.68907685], [41.96661807, -87.68899243], [41.96494887, -87.68887078], [41.96296071, -87.68886822], [41.96142727, -87.68882946], [41.9578081, -87.68871176], [41.9555772, -87.68863514], [41.95373914, -87.68859425], [41.95047009, -87.68851731], [41.94638681, -87.68839987], [41.9428857, -87.68829322], [41.93918071, -87.68820736], [41.93777371, -87.68817035], [41.9319451, -87.68804041], [41.93014597, -87.68797043], [41.92952118, -87.68800408], [41.9250555, -87.68778384], [41.92339894, -87.68773393], [41.92174827, -87.68767001], [41.91767887, -87.68754132], [41.91580156, -87.68748105], [41.91353885, -87.6874177], [41.91006582, -87.68734137], [41.90837488, -87.68730682], [41.90651952, -87.68725807], [41.9026943, -87.68715584], [41.90127985, -87.68707177], [41.89923663, -87.687067], [41.89734465, -87.68702996], [41.89589332, -87.68699686], [41.89380836, -87.68688737], [41.89079318, -87.68682649], [41.88934752, -87.68677916], [41.88636441, -87.68670729], [41.88443594, -87.68665702], [41.88220044, -87.6866023], [41.88101243, -87.68656175], [41.87836641, -87.68649414], [41.8773778, -87.68649553], [41.87555885, -87.68644277], [41.87371436, -87.68637339], [41.87102695, -87.68629503], [41.86917876, -87.68623638], [41.86630403, -87.6861623], [41.86281131, -87.68609124], [41.85921424, -87.68597827], [41.85706649, -87.68593507], [41.85432749, -87.6857971], [41.85183235, -87.68576149], [41.84849218, -87.68566786], [41.84491758, -87.68560452], [41.84123384, -87.68536376], [41.83911784, -87.68529576], [41.8339065, -87.68501958], [41.83040698, -87.68515166], [41.82554224, -87.68499245], [41.82281846, -87.68496461], [41.81930084, -87.68480076], [41.81579284, -87.68478776], [41.81175356, -87.68462657], [41.80849948, -87.68449286], [41.80496759, -87.68401122], [41.80129605, -87.68433521], [41.79760569, -87.6842396], [41.79400442, -87.68418205], [41.7901405, -87.68406212], [41.78629687, -87.68396944], [41.78303884, -87.68388323], [41.7806798, -87.68381184], [41.77903725, -87.68378878], [41.77544733, -87.68363571], [41.77386183, -87.68352775], [41.77179863, -87.68357391], [41.76845999, -87.68350047], [41.76485403, -87.6833858], [41.76085669, -87.68329569], [41.7588351, -87.68323256], [41.75555296, -87.68308145], [41.75386496, -87.68303645], [41.75074086, -87.68264151]]","[[41.75074086, -87.68264151], [41.75400511, -87.68282524], [41.75584422, -87.68290873], [41.75935458, -87.68299649], [41.76096281, -87.68302098], [41.76493387, -87.68312256], [41.76822828, -87.68321234], [41.77188133, -87.6833185], [41.77369583, -87.68338275], [41.77553083, -87.68342776], [41.7790439, -87.68342893], [41.78160504, -87.68358492], [41.78302674, -87.68363676], [41.78673615, -87.68371773], [41.79031737, -87.68382593], [41.7937405, -87.68390553], [41.7976821, -87.68403545], [41.80140058, -87.68413399], [41.80515503, -87.68414806], [41.80835328, -87.68433287], [41.81231071, -87.68443667], [41.81579591, -87.68451934], [41.81918727, -87.68469242], [41.82290355, -87.6847192], [41.82648844, -87.6848306], [41.83018486, -87.68492665], [41.83486479, -87.68437597], [41.83910384, -87.68514876], [41.84108184, -87.68521876], [41.84522732, -87.68532184], [41.84861368, -87.68541723], [41.8519232, -87.6855199], [41.85433585, -87.68560176], [41.85689458, -87.68564649], [41.85982542, -87.68572938], [41.86291985, -87.68586176], [41.86648423, -87.68590893], [41.86887965, -87.68598134], [41.87113775, -87.68601825], [41.87376383, -87.68611362], [41.87628815, -87.68609468], [41.87769803, -87.68621673], [41.88105871, -87.68630579], [41.88291685, -87.68640177], [41.88484242, -87.68640823], [41.88669311, -87.68647932], [41.88948985, -87.68658877], [41.8908792, -87.68657765], [41.89384285, -87.68671877], [41.89564256, -87.68671176], [41.89785185, -87.6867473], [41.89956599, -87.68681864], [41.90115099, -87.68687132], [41.90285972, -87.68687452], [41.90681961, -87.686998], [41.90842476, -87.68705174], [41.91048474, -87.68710241], [41.91410411, -87.6871895], [41.91588601, -87.68727718], [41.91747034, -87.6872863], [41.92179825, -87.6874224], [41.92329764, -87.68746743], [41.92508304, -87.68752526], [41.92929403, -87.68765348], [41.93024918, -87.68770798], [41.93240289, -87.68778627], [41.9374791, -87.68784522], [41.93964789, -87.68789644], [41.94344227, -87.68801673], [41.94660132, -87.68811429], [41.95029937, -87.68822007], [41.95427097, -87.68834054], [41.95574186, -87.68839392], [41.95756187, -87.68844778], [41.96150361, -87.68856197], [41.96331345, -87.68861726], [41.96478557, -87.68864732], [41.96560718, -87.68869881], [41.96886489, -87.68877468], [41.97295227, -87.6889086], [41.97611365, -87.68902061], [41.97852516, -87.68952651]]",,,,
49B,49B,North Western,19.3,19.26,25.5,24.0,,,108.0,101.0,"[[42.0182385, -87.68976534], [42.01598887, -87.69028278], [42.01404587, -87.69030178], [42.0120911, -87.6904167], [42.01098387, -87.69028678], [42.00874702, -87.69028416], [42.00694654, -87.69017907], [42.0051463, -87.69023996], [42.00327693, -87.69014564], [42.00145487, -87.69005178], [41.99962587, -87.69000478], [41.99754139, -87.69002872], [41.99599457, -87.68996042], [41.99418761, -87.68991129], [41.99236014, -87.68984509], [41.99065471, -87.68982751], [41.98870487, -87.68975078], [41.98688687, -87.68969678], [41.98505787, -87.68961478], [41.98293747, -87.68956495], [41.98149373, -87.68948042], [41.9796036, -87.68940906], [41.97841629, -87.68936211], [41.977541, -87.68934162], [41.97571515, -87.68929258], [41.97310216, -87.68921192], [41.9683641, -87.68907685], [41.96611869, -87.68856636]]","[[41.96611869, -87.68856636], [41.96886489, -87.68877468], [41.97295227, -87.6889086], [41.97611365, -87.68902061], [41.97787505, -87.68912389], [41.97953045, -87.68918849], [41.98125048, -87.68922736], [41.9834497, -87.68933412], [41.98487811, -87.68936247], [41.98688374, -87.68946702], [41.98851581, -87.68948592], [41.99083318, -87.68954235], [41.99218487, -87.68961278], [41.99400487, -87.68968678], [41.99582587, -87.68973578], [41.99788613, -87.68974826], [41.99945987, -87.68985878], [42.00130348, -87.68989394], [42.00326487, -87.68994178], [42.00493472, -87.68992931], [42.00707187, -87.69004878], [42.00852577, -87.69005063], [42.01083187, -87.69014078], [42.01248377, -87.69010546], [42.01403087, -87.69015478], [42.01559771, -87.69014104], [42.01735559, -87.69010516], [42.0182385, -87.68976534]]",,,,
X49,X49,Western Express,83.98,83.47,96.0,89.0,,,44.0,44.0,"[[41.97852516, -87.68952651], [41.97571515, -87.68929258], [41.9683641, -87.68907685], [41.96661807, -87.68899243], [41.96142727, -87.68882946], [41.95373914, -87.68859425], [41.94638681, -87.68839987], [41.93918071, -87.68820736], [41.9319451, -87.68804041], [41.9250555, -87.68778384], [41.91580156, -87.68748105], [41.91006582, -87.68734137], [41.9026943, -87.68715584], [41.89589332, -87.68699686], [41.89079318, -87.68682649], [41.88101243, -87.68656175], [41.8773778, -87.68649553], [41.87555885, -87.68644277], [41.87371436, -87.68637339], [41.86630403, -87.6861623], [41.85921424, -87.68597827], [41.85432749, -87.6857971], [41.85183235, -87.68576149], [41.84491758, -87.68560452], [41.83040698, -87.68515166], [41.82554224, -87.68499245], [41.81579284, -87.68478776], [41.80849948, -87.68449286], [41.80496759, -87.68401122], [41.80129605, -87.68433521], [41.79400442, -87.68418205], [41.78629687, -87.68396944], [41.77903725, -87.68378878], [41.77179863, -87.68357391], [41.76845999, -87.68350047], [41.7588351, -87.68323256], [41.75074086, -87.68264151]]","[[41.75074086, -87.68264151], [41.75935458, -87.68299649], [41.76822828, -87.68321234], [41.77188133, -87.6833185], [41.7790439, -87.68342893], [41.78673615, -87.68371773], [41.7937405, -87.68390553], [41.80140058, -87.68413399], [41.80515503, -87.68414806], [41.80835328, -87.68433287], [41.81579591, -87.68451934], [41.82648844, -87.6848306], [41.83018486, -87.68492665], [41.84522732, -87.68532184], [41.8519232, -87.6855199], [41.85433585, -87.68560176], [41.85982542, -87.68572938], [41.86648423, -87.68590893], [41.87376383, -87.68611362], [41.87628815, -87.68609468], [41.88105871, -87.68630579], [41.8908792, -87.68657765], [41.89564256, -87.68671176], [41.90285972, -87.68687452], [41.91048474, -87.68710241], [41.91588601, -87.68727718], [41.92508304, -87.68752526], [41.93240289, -87.68778627], [41.93964789, -87.68789644], [41.94660132, -87.68811429], [41.95427097, -87.68834054], [41.96150361, -87.68856197], [41.96560718, -87.68869881], [41.96886489, -87.68877468], [41.97611365, -87.68902061], [41.97852516, -87.68952651]]",,,,
50,50,Damen,61.27,61.29,87.0,83.5,,,74.0,78.0,"[[41.98584751, -87.66939243], [41.98359212, -87.66887221], [41.98261532, -87.66986571], [41.98176387, -87.66986877], [41.97992621, -87.6698516], [41.97809987, -87.66976977], [41.97627387, -87.66973777], [41.97620854, -87.67194005], [41.97617054, -87.67427806], [41.97613854, -87.67624206], [41.9758648, -87.67950371], [41.97471187, -87.67941577], [41.97247787, -87.67937077], [41.97065887, -87.67931577], [41.96853094, -87.67928413], [41.96609187, -87.67918277], [41.96520128, -87.67917852], [41.96335787, -87.67910377], [41.9615847, -87.67906941], [41.95971286, -87.67898377], [41.95788986, -87.67893377], [41.95606586, -87.67888477], [41.95394699, -87.67884671], [41.95241886, -87.67877877], [41.95059586, -87.67872877], [41.94877286, -87.67867877], [41.94700544, -87.67863902], [41.94512186, -87.67857777], [41.94330386, -87.67852777], [41.94148086, -87.67847777], [41.93965786, -87.67842677], [41.93785886, -87.67836877], [41.93597971, -87.67828189], [41.93416036, -87.67827966], [41.93249674, -87.67819633], [41.92486534, -87.67798242], [41.92147386, -87.67785377], [41.91965586, -87.67776177], [41.91786234, -87.67771976], [41.91631986, -87.67766377], [41.91480386, -87.67763177], [41.91238986, -87.67758177], [41.91026471, -87.67755126], [41.90722686, -87.67744177], [41.90509086, -87.67737777], [41.90302997, -87.67733398], [41.90146086, -87.67726777], [41.89935009, -87.67723511], [41.89783585, -87.67715877], [41.89601785, -87.67710377], [41.89419385, -87.67705477], [41.89235585, -87.67700476], [41.89061832, -87.67699707], [41.88980985, -87.67693577], [41.88776385, -87.67687776], [41.88685885, -87.67685476], [41.88477234, -87.67681582], [41.88294253, -87.67678237], [41.88109709, -87.67674219], [41.87857769, -87.6766733], [41.87714948, -87.67663169], [41.87514532, -87.67664815], [41.87413445, -87.6765559], [41.87282349, -87.676547], [41.87161217, -87.67649684], [41.87023539, -87.67642569], [41.86923783, -87.67638373], [41.86699557, -87.67641205], [41.86501085, -87.67627376], [41.86406385, -87.67624776], [41.86317685, -87.67622276], [41.85842948, -87.67610327], [41.85775679, -87.67609098], [41.85590385, -87.67602376], [41.85445412, -87.67597095], [41.85228729, -87.67593725], [41.85044385, -87.67586776], [41.84953785, -87.67585276], [41.84811604, -87.67583464], [41.84646501, -87.67578128], [41.84475615, -87.67578285], [41.83411184, -87.67544876], [41.83192573, -87.67540223], [41.83054376, -87.67759343], [41.83016884, -87.68023476], [41.82927466, -87.68053272], [41.82882605, -87.68113248]]","[[41.82882605, -87.68113248], [41.83017094, -87.67785555], [41.83211741, -87.67525625], [41.83394684, -87.67530376], [41.84478385, -87.67549776], [41.84648085, -87.67557876], [41.84883951, -87.67566105], [41.85027885, -87.67572276], [41.85231101, -87.67575719], [41.85420841, -87.67582603], [41.85573785, -87.67587876], [41.85757067, -87.67591956], [41.85848285, -87.67594876], [41.86327185, -87.67607576], [41.86389785, -87.67610176], [41.86484485, -87.67612776], [41.86653663, -87.67615574], [41.86720399, -87.67609734], [41.86902342, -87.67622274], [41.87139751, -87.67628417], [41.87264469, -87.67631964], [41.87395765, -87.67635643], [41.87564256, -87.67630955], [41.87741727, -87.67635712], [41.87894412, -87.67649874], [41.88121985, -87.67656376], [41.8820996, -87.67657328], [41.88306785, -87.67661076], [41.88489785, -87.67666076], [41.88669385, -87.67670976], [41.88759785, -87.67673176], [41.88964385, -87.67679076], [41.89073585, -87.67681976], [41.89219085, -87.67685977], [41.89402885, -87.67690976], [41.89585185, -87.67695877], [41.89767085, -87.67701377], [41.8994405, -87.67707071], [41.90129486, -87.67712277], [41.90342966, -87.67717022], [41.90492586, -87.67723277], [41.90746183, -87.67727639], [41.9099598, -87.67737616], [41.91222386, -87.67743677], [41.91472086, -87.67748577], [41.9158835, -87.67750504], [41.91766573, -87.67752906], [41.91949086, -87.67761577], [41.92130786, -87.67770877], [41.92528355, -87.6777872], [41.93185343, -87.67797719], [41.93402686, -87.67810577], [41.93584886, -87.67816477], [41.93769386, -87.67822377], [41.93949286, -87.67828177], [41.94131486, -87.67833177], [41.94313786, -87.67838177], [41.94495586, -87.67843277], [41.94673185, -87.67847875], [41.94860786, -87.67853277], [41.95042986, -87.67858377], [41.95225286, -87.67863377], [41.95439535, -87.67867319], [41.95590086, -87.67873877], [41.95772387, -87.67878877], [41.95954786, -87.67883777], [41.96135593, -87.67886233], [41.96319287, -87.67895877], [41.96501635, -87.67899821], [41.96607787, -87.67903577], [41.96907124, -87.67907973], [41.97049287, -87.67917077], [41.97272657, -87.6791782], [41.97462887, -87.67926977], [41.9759273, -87.67930222], [41.97601187, -87.67651677], [41.97607435, -87.6749524], [41.97607758, -87.67215682], [41.97641641, -87.66949463], [41.97790987, -87.66957977], [41.97972928, -87.66958659], [41.98157687, -87.66965877], [41.98340779, -87.66969089], [41.98526318, -87.66974166], [41.98584751, -87.66939243]]",,,,
51,51,51st,24.62,24.64,28.5,32.0,,,48.0,49.0,"[[41.80922651, -87.6321876], [41.80879484, -87.63267374], [41.80620784, -87.63260574], [41.80387484, -87.63237074], [41.80189617, -87.63210586], [41.80188043, -87.63309548], [41.80171368, -87.64169635], [41.80169942, -87.64274932], [41.80166309, -87.64521079], [41.80163662, -87.64763631], [41.80158788, -87.65058454], [41.80155981, -87.65246788], [41.80150783, -87.65489663], [41.80148992, -87.6573032], [41.80145545, -87.66022384], [41.80140384, -87.66209675], [41.80138989, -87.66513218], [41.80137196, -87.66701576], [41.80132508, -87.66953996], [41.80133683, -87.67194959], [41.80132698, -87.67433483], [41.8012916, -87.67683018], [41.80127377, -87.67903931], [41.80117282, -87.68159507], [41.80119035, -87.68348754], [41.80122348, -87.68461073], [41.80113917, -87.68648082], [41.801118, -87.68904295], [41.80109917, -87.69146522], [41.80106688, -87.69381664], [41.80101563, -87.69639343], [41.80096676, -87.69887532], [41.80090484, -87.70140576], [41.80090849, -87.70361433], [41.80266738, -87.70372707], [41.80455576, -87.70462634], [41.80487369, -87.70446184]]","[[41.80487369, -87.70446184], [41.80281926, -87.7039604], [41.80076515, -87.70354755], [41.80078584, -87.70134076], [41.80083784, -87.69890476], [41.80088484, -87.69643676], [41.80092767, -87.69424199], [41.80097684, -87.69159176], [41.80102484, -87.68914376], [41.80104264, -87.6867924], [41.80109068, -87.68444957], [41.80106322, -87.68336313], [41.80108631, -87.68190015], [41.80117984, -87.67884076], [41.80113684, -87.67697876], [41.80115372, -87.67464034], [41.80118084, -87.67212575], [41.80121084, -87.66969675], [41.80123384, -87.66726875], [41.80126111, -87.66448413], [41.80125845, -87.66253683], [41.80132523, -87.65962034], [41.80134102, -87.65763044], [41.80139625, -87.65473361], [41.80139635, -87.65278899], [41.80145335, -87.65038575], [41.80145027, -87.64796938], [41.80151844, -87.64553482], [41.80154459, -87.64306186], [41.80158179, -87.64141117], [41.80174876, -87.63327952], [41.80173733, -87.63217475], [41.80224895, -87.63067175], [41.80922651, -87.6321876]]",,,,
52,52,Kedzie,47.26,43.72,67.5,60.0,,,79.0,78.0,"[[41.89687148, -87.70280633], [41.89773421, -87.70671094], [41.8967669, -87.70668214], [41.89537385, -87.70663677], [41.89380585, -87.70657777], [41.89206416, -87.70653308], [41.88964998, -87.70648337], [41.88760092, -87.7064084], [41.88625746, -87.70635964], [41.88414692, -87.70629935], [41.88256863, -87.70626705], [41.88089659, -87.70624517], [41.87979784, -87.70616818], [41.87845485, -87.70613377], [41.87724217, -87.70610637], [41.87596385, -87.70602977], [41.87425893, -87.70602275], [41.87194725, -87.70594716], [41.86989991, -87.70588076], [41.86809048, -87.70580416], [41.86626646, -87.70576912], [41.86465885, -87.70568677], [41.86234408, -87.70566716], [41.86139185, -87.70559477], [41.85889002, -87.70553964], [41.85744659, -87.70550559], [41.85526576, -87.70543476], [41.85410588, -87.70539881], [41.85162753, -87.70534383], [41.85003884, -87.70527077], [41.84829304, -87.70523236], [41.84641184, -87.70516377], [41.84461005, -87.70513824], [41.84277884, -87.70505577], [41.84096535, -87.70501691], [41.83913684, -87.70494577], [41.83693005, -87.70490591], [41.83548462, -87.70485109], [41.83258287, -87.70477098], [41.83105989, -87.70472201], [41.82817788, -87.7046565], [41.82617084, -87.70459577], [41.82425484, -87.70453523], [41.82230062, -87.70462605], [41.82089857, -87.70455646], [41.81904333, -87.70449465], [41.81722184, -87.70437277], [41.81553039, -87.70435458], [41.81382917, -87.70430102], [41.81186481, -87.70421935], [41.81008127, -87.70413791], [41.80794797, -87.70406465], [41.80578484, -87.70398576], [41.80455576, -87.70462634], [41.80487538, -87.70426911], [41.80281926, -87.7039604], [41.80092308, -87.70387183], [41.79907739, -87.70380009], [41.79706795, -87.70374652], [41.79544189, -87.70367746], [41.79364797, -87.7036568], [41.79179299, -87.70359016], [41.7899725, -87.70353731], [41.78819482, -87.70347557], [41.78607781, -87.70343398], [41.78453633, -87.7033636], [41.78248008, -87.70331755], [41.78088633, -87.70327659], [41.77887597, -87.70323539], [41.77833309, -87.70335138]]","[[41.77833309, -87.70335138], [41.77914765, -87.70305552], [41.78072033, -87.70313159], [41.78254633, -87.70317259], [41.78437133, -87.7032186], [41.78605067, -87.70324386], [41.78795763, -87.70331684], [41.79003757, -87.703387], [41.79159385, -87.70341333], [41.79339238, -87.70346255], [41.79525136, -87.70352849], [41.79713313, -87.70358787], [41.79893048, -87.70363421], [41.80072274, -87.70367727], [41.80266738, -87.70372707], [41.80455576, -87.70462634], [41.80487604, -87.70436248], [41.80563284, -87.70384076], [41.80794809, -87.70386256], [41.8098317, -87.70395886], [41.81162295, -87.70403086], [41.81452267, -87.70414311], [41.81706984, -87.70422777], [41.81890438, -87.70431662], [41.82069612, -87.70439166], [41.82275435, -87.7043143], [41.82460505, -87.70437227], [41.82619229, -87.70442745], [41.82799384, -87.70448077], [41.83016278, -87.70452763], [41.83267292, -87.70459775], [41.8354819, -87.70469954], [41.83714246, -87.70473891], [41.83897184, -87.70480077], [41.84105176, -87.70486546], [41.84261384, -87.70491077], [41.84468949, -87.7049611], [41.84651487, -87.70502829], [41.84832053, -87.70507569], [41.84987285, -87.70512577], [41.85193636, -87.70517847], [41.85411848, -87.7052452], [41.85557076, -87.70529322], [41.85831809, -87.70536579], [41.85921939, -87.70538626], [41.86123985, -87.70544877], [41.86315499, -87.7054933], [41.86449285, -87.70554177], [41.86671941, -87.70559304], [41.86814385, -87.70565777], [41.87029021, -87.7057081], [41.87180224, -87.70577441], [41.87359047, -87.70580411], [41.87579885, -87.70588477], [41.87724885, -87.70594377], [41.87865031, -87.70598667], [41.8808781, -87.70603048], [41.88271598, -87.70608117], [41.88422367, -87.70611297], [41.88658701, -87.70621472], [41.88974493, -87.7062903], [41.89213992, -87.70636645], [41.89363985, -87.70643177], [41.89544219, -87.70646579]]",,,,
52A,52A,South Kedzie,48.88,49.41,51.0,51.5,,,70.0,67.0,"[[41.80487538, -87.70426911], [41.80281926, -87.7039604], [41.80092308, -87.70387183], [41.79907739, -87.70380009], [41.79706795, -87.70374652], [41.79544189, -87.70367746], [41.79364797, -87.7036568], [41.79179299, -87.70359016], [41.7899725, -87.70353731], [41.78819482, -87.70347557], [41.78607781, -87.70343398], [41.78453633, -87.7033636], [41.78248008, -87.70331755], [41.78088633, -87.70327659], [41.77887597, -87.70323539], [41.77723762, -87.70317801], [41.77542361, -87.703142], [41.77358961, -87.703105], [41.7717712, -87.70306804], [41.76450346, -87.70293881], [41.76265583, -87.70277776], [41.76082563, -87.70281017], [41.75355283, -87.70260676], [41.75171183, -87.70256676], [41.74993428, -87.70248556], [41.74807083, -87.70242776], [41.74624383, -87.70237476], [41.74441683, -87.70232076], [41.74259483, -87.70226776], [41.74076283, -87.70221676], [41.73893483, -87.70216376], [41.7371952, -87.70218086], [41.73557064, -87.70223077], [41.73349301, -87.70238085], [41.73166856, -87.70223881], [41.72990843, -87.70221674], [41.72810482, -87.70210876], [41.72629993, -87.7021269], [41.72450905, -87.70203363], [41.72282865, -87.7020634], [41.72094329, -87.70207766], [41.71900482, -87.70180576], [41.71719105, -87.70183077], [41.71540757, -87.70174286], [41.71354131, -87.70168163], [41.71169054, -87.70172282], [41.70983769, -87.70153453], [41.70806479, -87.70154584], [41.70633769, -87.70145208], [41.70445233, -87.70136432], [41.70261815, -87.70130439], [41.70070782, -87.70121475], [41.69876872, -87.70119954], [41.69712982, -87.70109175], [41.69530182, -87.70102275], [41.69348879, -87.70097882], [41.69168055, -87.70093062], [41.68975306, -87.70084195], [41.68801027, -87.70077581], [41.68668418, -87.70072547], [41.68439877, -87.70065853], [41.68429199, -87.70288324], [41.68425536, -87.70531519], [41.68421931, -87.70776177], [41.68416764, -87.71008873], [41.68416267, -87.7129128], [41.68411112, -87.71498068], [41.68413082, -87.71733876]]","[[41.68413082, -87.71733876], [41.68398982, -87.71526574], [41.68402774, -87.71292702], [41.68402488, -87.7103557], [41.68409647, -87.70798262], [41.68413245, -87.70553241], [41.68417712, -87.70262683], [41.68449688, -87.70047695], [41.68609099, -87.70055627], [41.68783181, -87.70061538], [41.68965782, -87.70066175], [41.69147804, -87.70073489], [41.69340282, -87.70079975], [41.69513682, -87.70087775], [41.69696382, -87.70094775], [41.69898188, -87.70100542], [41.70054182, -87.70107075], [41.70244635, -87.70113861], [41.7042726, -87.70120982], [41.70678655, -87.70122615], [41.70748524, -87.70130983], [41.70923655, -87.70136604], [41.7109598, -87.70139227], [41.71326737, -87.70132135], [41.71543292, -87.70152443], [41.7170539, -87.70161307], [41.71891778, -87.70167493], [41.72053338, -87.70171867], [41.72221052, -87.70178074], [41.7243228, -87.70182875], [41.72614339, -87.70182584], [41.72800185, -87.70192824], [41.72980485, -87.70192524], [41.73170482, -87.70210676], [41.73350582, -87.70210776], [41.73492163, -87.70204004], [41.73709712, -87.7019589], [41.73876983, -87.70201876], [41.74059683, -87.70207176], [41.74259543, -87.70212849], [41.74425083, -87.70217576], [41.74607783, -87.70222976], [41.74824001, -87.70227352], [41.74965098, -87.70231395], [41.75157745, -87.7023535], [41.75338683, -87.70246176], [41.7610331, -87.70262392], [41.76248983, -87.70263276], [41.76455667, -87.70270973], [41.77156971, -87.70284502], [41.77341201, -87.70291071], [41.77528219, -87.70298029], [41.77709619, -87.70301629], [41.77914765, -87.70305552], [41.78072033, -87.70313159], [41.78254633, -87.70317259], [41.78437133, -87.7032186], [41.78605067, -87.70324386], [41.78795763, -87.70331684], [41.79003757, -87.703387], [41.79159385, -87.70341333], [41.79339238, -87.70346255], [41.79525136, -87.70352849], [41.79713313, -87.70358787], [41.79893048, -87.70363421], [41.80072274, -87.70367727], [41.80266738, -87.70372707], [41.80455576, -87.70462634], [41.80487538, -87.70426911]]",,,,
53,53,Pulaski,90.9,90.67,127.0,111.0,,,120.0,114.0,"[[41.98985872, -87.72821935], [41.98848087, -87.72862379], [41.98598704, -87.72860139], [41.98500688, -87.72857704], [41.98267183, -87.72853386], [41.97966875, -87.72845246], [41.97762434, -87.72839027], [41.9756737, -87.72836304], [41.97348484, -87.7282723], [41.97196986, -87.72820479], [41.97017445, -87.72817774], [41.96835572, -87.72812925], [41.96658878, -87.72809524], [41.96451068, -87.72802067], [41.96258266, -87.72798059], [41.9610421, -87.72793327], [41.95987297, -87.72788175], [41.9571961, -87.72781787], [41.95556153, -87.72776663], [41.95349595, -87.72771555], [41.95195342, -87.7277451], [41.95084214, -87.72764832], [41.94830762, -87.72755634], [41.94619545, -87.72749795], [41.94489025, -87.72744993], [41.9432396, -87.72740896], [41.94141886, -87.72733578], [41.9389651, -87.72728802], [41.937374, -87.72723244], [41.93527274, -87.72721231], [41.93375972, -87.72713727], [41.93164465, -87.72707722], [41.92985271, -87.72702475], [41.92827661, -87.72697956], [41.92624783, -87.72691731], [41.92427527, -87.72689852], [41.92289961, -87.72665904], [41.92092078, -87.72676672], [41.91911809, -87.72674086], [41.9169965, -87.72663995], [41.91507608, -87.72660163], [41.91291306, -87.72653423], [41.91183628, -87.72652589], [41.9096254, -87.72653603], [41.90818087, -87.72658051], [41.90636557, -87.72651743], [41.90460398, -87.72645847], [41.90246161, -87.72637428], [41.90089121, -87.7263209], [41.89893187, -87.72629384], [41.89732752, -87.72625014], [41.89516205, -87.72618394], [41.89303924, -87.72611839], [41.89170694, -87.72604853], [41.88979329, -87.72602065], [41.8869237, -87.72594736], [41.88529558, -87.72590124], [41.88345289, -87.72585022], [41.88212011, -87.7258079], [41.88049871, -87.72576563], [41.87903869, -87.72571095], [41.87717789, -87.72564811], [41.87539153, -87.72558881], [41.87383996, -87.7255367], [41.87272635, -87.72551052], [41.87112339, -87.72545731], [41.86991422, -87.7254249], [41.86773547, -87.72534615], [41.86603262, -87.72526441], [41.86442785, -87.72518578], [41.86239309, -87.72514108], [41.86049543, -87.7250987], [41.85896762, -87.72504811], [41.85715498, -87.72503698], [41.85510193, -87.72496677], [41.85388777, -87.72490746], [41.85175678, -87.72487447], [41.85074266, -87.7248338], [41.84939484, -87.72479678], [41.84798899, -87.72475832], [41.8459368, -87.7246992], [41.84438723, -87.72465481], [41.84249084, -87.72457077], [41.84048143, -87.72452715], [41.83880784, -87.72446977], [41.83699478, -87.72444965], [41.83514584, -87.72438077], [41.83334584, -87.72434177], [41.83109295, -87.72432368], [41.82900711, -87.7242959], [41.82499676, -87.72428898], [41.81828475, -87.72409006], [41.81620352, -87.72403194], [41.81497506, -87.7240292], [41.81323301, -87.7239523], [41.81139519, -87.72386932], [41.80979416, -87.72379155], [41.80804395, -87.72374369], [41.80617861, -87.72369668], [41.80429884, -87.72355077], [41.80179521, -87.72356123], [41.79991644, -87.7247044], [41.80019045, -87.72434849], [41.79884524, -87.72353406], [41.79684683, -87.72332777], [41.79514953, -87.72340363], [41.7933292, -87.72331827], [41.79148183, -87.72317977], [41.78966083, -87.72312977], [41.78784283, -87.72307877], [41.78605603, -87.72312382], [41.78419883, -87.72297877], [41.78237983, -87.72292477], [41.78055783, -87.72287477], [41.77878881, -87.72292257], [41.77691383, -87.72277477], [41.77509883, -87.72273177], [41.77327683, -87.72268577], [41.77149051, -87.72272894], [41.76964083, -87.72259477], [41.76781983, -87.72255177], [41.76599883, -87.72250477], [41.76420752, -87.7225263], [41.75694561, -87.72239642], [41.75512218, -87.72429947], [41.75564953, -87.73292114]]","[[41.75564953, -87.73292114], [41.75486913, -87.73166134], [41.75493718, -87.72410429], [41.75631752, -87.72198835], [41.75777531, -87.72200032], [41.76433358, -87.72221835], [41.76581635, -87.72226912], [41.76763635, -87.72231612], [41.76945735, -87.72235911], [41.77125991, -87.72243263], [41.77309411, -87.7224047], [41.77491511, -87.72245069], [41.77673011, -87.72249369], [41.77853632, -87.7226065], [41.78039438, -87.7226447], [41.78221638, -87.72269469], [41.78403538, -87.72274869], [41.78583477, -87.72281943], [41.78765923, -87.72282038], [41.78947823, -87.72287138], [41.79129923, -87.72292037], [41.79305911, -87.72301369], [41.79496935, -87.72304592], [41.79676384, -87.72318177], [41.79839367, -87.72315914], [41.79991644, -87.7247044], [41.8001454, -87.72432175], [41.80283177, -87.72330864], [41.80417975, -87.72332872], [41.80593805, -87.7233792], [41.8077705, -87.72343761], [41.80990259, -87.72351277], [41.81177499, -87.72357996], [41.81356684, -87.72365634], [41.81542749, -87.72373841], [41.81681534, -87.72375553], [41.81831186, -87.72381906], [41.82506306, -87.72397021], [41.82870763, -87.72402922], [41.83114018, -87.72409843], [41.83280678, -87.72414743], [41.83498084, -87.72423477], [41.83706184, -87.72427177], [41.83864284, -87.72432477], [41.84048384, -87.72437477], [41.84232584, -87.72442577], [41.8444296, -87.72448471], [41.84629015, -87.72454122], [41.84815525, -87.72458858], [41.84950806, -87.72460005], [41.85100609, -87.72466648], [41.8518946, -87.72465888], [41.85387051, -87.72472496], [41.8551698, -87.72476631], [41.85695885, -87.72482677], [41.85905437, -87.72488024], [41.8609124, -87.72493978], [41.86269675, -87.72498152], [41.8644467, -87.72501003], [41.86629858, -87.72507191], [41.86792606, -87.72513346], [41.86992944, -87.72522318], [41.87088854, -87.72524482], [41.87338089, -87.72531868], [41.87516784, -87.72538098], [41.8772252, -87.72545392], [41.8787582, -87.72550868], [41.88061397, -87.72558118], [41.88211813, -87.7256168], [41.88394365, -87.72567295], [41.88538425, -87.72570577], [41.8867713, -87.72575367], [41.89005365, -87.72583946], [41.89156826, -87.72587594], [41.89274326, -87.72590994], [41.89525529, -87.72589418], [41.89710047, -87.72604805], [41.89890929, -87.72600517], [41.90073629, -87.72606017], [41.90288333, -87.72622261], [41.90436998, -87.72625741], [41.90600958, -87.72630705], [41.90796764, -87.72637278], [41.90971665, -87.72629447], [41.91162985, -87.72631078], [41.9130539, -87.72634182], [41.91526385, -87.72642878], [41.91737985, -87.72648284], [41.91887466, -87.72651971], [41.92102494, -87.72658898], [41.92248383, -87.72689485], [41.92474152, -87.72668858], [41.92623789, -87.72672841], [41.92840158, -87.72679076], [41.92987903, -87.72683046], [41.93203243, -87.72689925], [41.93352466, -87.72693522], [41.93563962, -87.72699382], [41.93717218, -87.72702861], [41.93932614, -87.72710505], [41.94088986, -87.72714378], [41.94265654, -87.7272115], [41.94448775, -87.72725048], [41.94659517, -87.72732367], [41.94809266, -87.72735962], [41.9506754, -87.72742679], [41.95191771, -87.72738114], [41.9539276, -87.72755047], [41.95541127, -87.72757705], [41.95749864, -87.72764746], [41.95985741, -87.72771766], [41.96085967, -87.72771038], [41.96297713, -87.72779049], [41.96480042, -87.72783811], [41.96633286, -87.72790679], [41.96815585, -87.72792686], [41.96996658, -87.72799034], [41.97212245, -87.72806322], [41.97352986, -87.72802579], [41.97539125, -87.7281156], [41.97757838, -87.7282012], [41.97920434, -87.72819919], [41.98306071, -87.72835569], [41.98489287, -87.72838679], [41.98576048, -87.72842881], [41.98832887, -87.72847779], [41.98985872, -87.72821935]]",,,,
54,54,Cicero,42.09,41.76,59.0,52.0,,,113.0,107.0,"[[41.95994686, -87.74774479], [41.95897277, -87.7476119], [41.95689994, -87.74751503], [41.9555612, -87.7474995], [41.95363927, -87.7474119], [41.95164958, -87.7473833], [41.94984258, -87.7473343], [41.94801886, -87.74720579], [41.94623868, -87.74718908], [41.94474575, -87.74714771], [41.94255575, -87.7470807], [41.94072963, -87.74704318], [41.93863919, -87.74703019], [41.93679259, -87.74695105], [41.93487059, -87.74687181], [41.93344186, -87.74673579], [41.93164484, -87.74674491], [41.92982797, -87.74665986], [41.92852741, -87.74661728], [41.92583552, -87.7465046], [41.92396819, -87.7464413], [41.92231714, -87.74642811], [41.92042508, -87.74635215], [41.9188499, -87.74631496], [41.91703294, -87.74628302], [41.91519719, -87.7461702], [41.91417945, -87.74613893], [41.91154213, -87.74603941], [41.90932347, -87.74626165], [41.9078822, -87.7461683], [41.90606985, -87.74609879], [41.90424885, -87.74605679], [41.90204692, -87.74607893], [41.90059885, -87.74598979], [41.89849924, -87.7459834], [41.89694385, -87.74591579], [41.89473745, -87.74589328], [41.89324885, -87.74581078], [41.89118997, -87.74576803], [41.88877885, -87.74564678], [41.88678331, -87.74560032], [41.88422985, -87.74551414], [41.88162612, -87.74544243], [41.88023963, -87.74537688], [41.87930734, -87.74531042], [41.87691789, -87.74525626], [41.87504885, -87.74515078], [41.87413977, -87.7450884], [41.8732829, -87.74510881], [41.8716218, -87.74506907], [41.87034485, -87.74498178], [41.86853686, -87.7448969], [41.86603691, -87.74486798], [41.86410678, -87.74479123], [41.86234344, -87.74482185], [41.86049043, -87.74452162], [41.85847695, -87.74462623], [41.85678866, -87.74446508], [41.8548705, -87.7444847], [41.85207409, -87.74438373], [41.85083372, -87.74430022], [41.84916234, -87.74434394], [41.8465587, -87.74432902]]","[[41.8465587, -87.74432902], [41.84916543, -87.74411263], [41.85114142, -87.74411805], [41.85310484, -87.74420778], [41.85502271, -87.74430969], [41.85680484, -87.74430578], [41.85844488, -87.74437831], [41.86050684, -87.74440778], [41.86216841, -87.74441908], [41.86397854, -87.7445791], [41.86619375, -87.74466177], [41.86876733, -87.74474429], [41.87036901, -87.74480192], [41.87108385, -87.74482778], [41.87302029, -87.74490867], [41.87410485, -87.74490678], [41.87488385, -87.74500478], [41.87704269, -87.74505661], [41.87855594, -87.74510954], [41.88035464, -87.74517831], [41.88202278, -87.74524957], [41.88436885, -87.74534678], [41.88692121, -87.74539209], [41.88861385, -87.74550178], [41.89163347, -87.74560322], [41.89308385, -87.74566578], [41.89488615, -87.74572182], [41.89677785, -87.74577079], [41.89860785, -87.74580779], [41.90051585, -87.74584379], [41.90270771, -87.74588815], [41.90409685, -87.74591179], [41.90590276, -87.74593712], [41.90773263, -87.74585603], [41.90945726, -87.74598842], [41.91139033, -87.745784], [41.91365803, -87.74585523], [41.91523739, -87.7459192], [41.91710223, -87.74599514], [41.91870384, -87.74602909], [41.9208424, -87.74606519], [41.92230419, -87.74611746], [41.92445327, -87.74615548], [41.92602222, -87.74623459], [41.92842363, -87.74633187], [41.9296551, -87.74638342], [41.93180644, -87.74647103], [41.93327586, -87.74659079], [41.93511459, -87.74660287], [41.93692549, -87.74667339], [41.93871754, -87.7467483], [41.94056756, -87.74680181], [41.94266876, -87.74685866], [41.94462557, -87.74689014], [41.9460386, -87.74694158], [41.94785386, -87.74706079], [41.94976994, -87.74701171], [41.95152156, -87.74711579], [41.95316733, -87.7471953], [41.95386268, -87.74720634], [41.9551501, -87.74721071], [41.95700203, -87.74726512], [41.95883345, -87.747352], [41.95994686, -87.74774479]]",,,,
54A,54A,North Cicero/Skokie Blvd.,56.67,54.37,60.0,52.0,,,19.0,17.0,"[[42.06330048, -87.76750732], [42.06248394, -87.76334751], [42.06248721, -87.76065383], [42.06242199, -87.75786497], [42.06244537, -87.75158979], [42.05945427, -87.7502762], [42.06089688, -87.75076043], [42.05521805, -87.75122193], [42.05523121, -87.74868414], [42.05468121, -87.74699914], [42.05310121, -87.74699914], [42.05182121, -87.7470158], [42.04912621, -87.74704747], [42.04775121, -87.74704747], [42.04597121, -87.74704747], [42.04412788, -87.7470958], [42.04276121, -87.74715913], [42.04087108, -87.74846207], [42.04040793, -87.75218336], [42.04072856, -87.75083255], [42.04070287, -87.74849413], [42.0406827, -87.74717987], [42.03860687, -87.7471058], [42.03710587, -87.7472078], [42.03526287, -87.7473098], [42.03350087, -87.7474178], [42.03160887, -87.7475568], [42.02834031, -87.74757007], [42.02613985, -87.74679774], [42.01890634, -87.74779797], [42.01800645, -87.74785476], [42.01620645, -87.74789676], [42.01440745, -87.74797175], [42.01276028, -87.74802788], [42.00997721, -87.7480337], [42.00815821, -87.74807569], [42.00462363, -87.74818128], [42.00278302, -87.74830619], [42.00092765, -87.74828821], [41.99910389, -87.74831408], [41.99706776, -87.74848629], [41.99569687, -87.7484138], [41.99308487, -87.7484178], [41.99147187, -87.7483998], [41.98961301, -87.74847973], [41.98569987, -87.7483808], [41.97802786, -87.74815379], [41.97547596, -87.74813069], [41.97309186, -87.74803117], [41.97176186, -87.74795479], [41.96993486, -87.74787879], [41.96816293, -87.74779539], [41.96446643, -87.74775025], [41.96084828, -87.74768942], [41.95989186, -87.74757279], [41.95897277, -87.7476119], [41.95689994, -87.74751503], [41.9555612, -87.7474995], [41.95335063, -87.74660209], [41.95335908, -87.74472267], [41.95340506, -87.74079283], [41.95344288, -87.73813834], [41.95347388, -87.73551234], [41.95347709, -87.73413231], [41.9534899, -87.73269722], [41.95351427, -87.73151856], [41.9538825, -87.73016254]]","[[41.9538825, -87.73016254], [41.953735, -87.73113816], [41.95370663, -87.73284764], [41.95368224, -87.73386743], [41.95367662, -87.73566725], [41.95363247, -87.7383574], [41.95361008, -87.74042668], [41.95354666, -87.74486562], [41.95353047, -87.74709164], [41.95386268, -87.74720634], [41.9551501, -87.74721071], [41.95700203, -87.74726512], [41.95883345, -87.747352], [41.96060912, -87.74740569], [41.96456686, -87.74752479], [41.96823673, -87.74755359], [41.96983764, -87.74775006], [41.97168913, -87.74779179], [41.97258248, -87.74780448], [41.97518101, -87.74788083], [41.97791591, -87.7480109], [41.97900391, -87.74804406], [41.98555754, -87.74816786], [41.98854989, -87.74820526], [41.98974534, -87.74819009], [41.99131987, -87.7482538], [41.99291987, -87.7482718], [41.99561387, -87.7482678], [41.99716353, -87.74820858], [41.99901787, -87.7481098], [42.00080787, -87.7481298], [42.00273087, -87.7480788], [42.00440187, -87.7480238], [42.00810629, -87.74789386], [42.00992529, -87.74785185], [42.01180729, -87.74779385], [42.01440641, -87.74776664], [42.01620541, -87.74769163], [42.01800541, -87.74764963], [42.0190919, -87.74752275], [42.02634357, -87.74675028], [42.02932374, -87.74735172], [42.03157279, -87.74714677], [42.03346525, -87.74709895], [42.03524495, -87.74712757], [42.03710518, -87.74707101], [42.03860618, -87.746969], [42.04083566, -87.74717846], [42.04087108, -87.74846207], [42.04040793, -87.75218336], [42.04093227, -87.75049371], [42.04432118, -87.75046884], [42.04619818, -87.75045983], [42.04798888, -87.7486768], [42.05018631, -87.74677099], [42.0521277, -87.74669604], [42.05359395, -87.74671092], [42.05542875, -87.74775373], [42.05539934, -87.74949618], [42.05546074, -87.75130056], [42.05945427, -87.7502762], [42.06089688, -87.75076043], [42.06260915, -87.75256731], [42.06260212, -87.75878458], [42.06270099, -87.76104446], [42.06274238, -87.76339936], [42.06330048, -87.76750732]]",,,,
54B,54B,South Cicero,47.01,46.54,51.0,43.0,,,57.0,57.0,"[[41.85170314, -87.75767231], [41.85102933, -87.75434062], [41.85104176, -87.74952195], [41.85116277, -87.74695139], [41.85083372, -87.74430022], [41.84916234, -87.74434394], [41.84652072, -87.74424665], [41.8424055, -87.7441193], [41.8401542, -87.74407837], [41.83864334, -87.74396132], [41.83705661, -87.7438542], [41.83519639, -87.74383551], [41.83133074, -87.74380027], [41.83013093, -87.74380443], [41.826203, -87.74373279], [41.82180337, -87.74369905], [41.81539832, -87.74351265], [41.81319051, -87.74349842], [41.81171621, -87.74338594], [41.80954697, -87.74338628], [41.80739408, -87.74331281], [41.80589295, -87.74326983], [41.80427379, -87.74321953], [41.80224162, -87.74317949], [41.80042709, -87.74312842], [41.79829944, -87.74306326], [41.79706305, -87.74301242], [41.79267883, -87.74227291], [41.78631758, -87.73836511], [41.78224226, -87.74259353], [41.78031453, -87.74256064], [41.77859726, -87.74246473], [41.77675041, -87.74238251], [41.77444233, -87.74231762], [41.77305436, -87.74231643], [41.77132955, -87.74223698], [41.76445344, -87.74211788], [41.76325644, -87.74204097], [41.76212125, -87.74205992], [41.75895997, -87.74187622], [41.75746537, -87.7418079], [41.75423237, -87.7337244], [41.75843525, -87.73241568]]","[[41.75843525, -87.73241568], [41.75782461, -87.73257519], [41.75434927, -87.7339332], [41.7544461, -87.74121122], [41.75716703, -87.74146954], [41.75940354, -87.74148977], [41.76007284, -87.74155396], [41.76182718, -87.74158326], [41.76411464, -87.74154881], [41.77155976, -87.74190143], [41.77290054, -87.74188789], [41.77469919, -87.74199893], [41.77644136, -87.74207604], [41.77821346, -87.74212745], [41.78017953, -87.74215955], [41.7819482, -87.74220222], [41.78660716, -87.73872132], [41.79349788, -87.74211573], [41.79660726, -87.74271176], [41.79847931, -87.74273609], [41.79905622, -87.74278747], [41.800232, -87.74279058], [41.80206359, -87.74286214], [41.80390478, -87.74290883], [41.80572944, -87.74295809], [41.8075151, -87.74296847], [41.80937533, -87.74302381], [41.81120932, -87.74305441], [41.81301861, -87.74311493], [41.8150457, -87.74320787], [41.82233508, -87.74337214], [41.82388074, -87.74337589], [41.82914105, -87.74345535], [41.8315519, -87.74347649], [41.83490584, -87.74350878], [41.83728227, -87.74361981], [41.83839807, -87.74368389], [41.84016654, -87.74377413], [41.84197898, -87.74374169], [41.84683821, -87.74398703], [41.84916543, -87.74411263], [41.85141146, -87.74454396], [41.85134599, -87.74650299], [41.85132488, -87.74895667], [41.8512369, -87.75383751], [41.85170314, -87.75767231]]",,,,
55,55,Garfield,50.57,49.23,57.5,55.0,,,113.0,112.0,"[[41.79167425, -87.58353817], [41.79332371, -87.58380801], [41.79529223, -87.58415983], [41.79529614, -87.58806039], [41.7955996, -87.59018173], [41.79557292, -87.59160662], [41.79519958, -87.59360589], [41.79518588, -87.59480166], [41.7951666, -87.59638114], [41.79514649, -87.59835297], [41.79512, -87.60102733], [41.79508454, -87.60404592], [41.79505663, -87.60605631], [41.79505696, -87.6072569], [41.79382592, -87.61299242], [41.79486625, -87.61631888], [41.79482382, -87.61831581], [41.79478447, -87.62110844], [41.79475068, -87.62281295], [41.79470684, -87.62609004], [41.79465578, -87.62917362], [41.7945933, -87.63110528], [41.79457724, -87.63335806], [41.79449125, -87.63813214], [41.79443107, -87.64153172], [41.79439924, -87.64327954], [41.79435822, -87.64554695], [41.79432654, -87.64797643], [41.7942955, -87.65029974], [41.79426014, -87.65272452], [41.79422315, -87.65535658], [41.79418761, -87.65770497], [41.7941537, -87.66009893], [41.79414275, -87.66238201], [41.79408172, -87.66488955], [41.79406175, -87.66729092], [41.79400484, -87.66960675], [41.79401898, -87.67195931], [41.79397708, -87.67458409], [41.79396321, -87.67689358], [41.79397538, -87.67800017], [41.79391384, -87.68112776], [41.79393376, -87.68451363], [41.79392084, -87.68590376], [41.79385269, -87.68913712], [41.79380684, -87.69150576], [41.79375284, -87.69389976], [41.79369484, -87.69641076], [41.79367003, -87.69894695], [41.79360384, -87.70120676], [41.79358604, -87.70379562], [41.79353828, -87.70586206], [41.79350816, -87.70876631], [41.79347933, -87.71138566], [41.79342331, -87.71284736], [41.79340454, -87.71604068], [41.79332983, -87.71845777], [41.79330183, -87.72085977], [41.79328156, -87.72362518], [41.79327893, -87.72570863], [41.79324857, -87.72795492], [41.79320734, -87.73084417], [41.79319596, -87.73276559], [41.79316645, -87.73522506], [41.79316194, -87.73784388], [41.79317275, -87.73999384], [41.78637627, -87.73890144]]","[[41.78637627, -87.73890144], [41.79295192, -87.73991733], [41.79300662, -87.73752499], [41.79304814, -87.73433645], [41.79305553, -87.73266699], [41.793072, -87.73062107], [41.79309227, -87.7278183], [41.79313461, -87.72548323], [41.79315082, -87.72267529], [41.79318164, -87.72085249], [41.79320361, -87.71806923], [41.79324162, -87.71560123], [41.79326363, -87.71368072], [41.79334063, -87.71064172], [41.79338915, -87.70822596], [41.79342454, -87.70590881], [41.79345985, -87.70329658], [41.79349629, -87.70100129], [41.79355046, -87.69847108], [41.79358578, -87.69614266], [41.79363106, -87.69369595], [41.79365776, -87.69125005], [41.79372256, -87.68866637], [41.79379481, -87.68565884], [41.79380348, -87.68424493], [41.79339242, -87.68301495], [41.79341984, -87.68082276], [41.79348479, -87.6778646], [41.79347171, -87.67651669], [41.79350898, -87.67399419], [41.7935017, -87.67164986], [41.79354744, -87.66919237], [41.79357124, -87.66678659], [41.79362418, -87.66429999], [41.79364658, -87.66191872], [41.79369534, -87.65935636], [41.79373008, -87.65689807], [41.79376488, -87.65446955], [41.79379919, -87.65203931], [41.79383415, -87.64961527], [41.79386977, -87.64720235], [41.7939031, -87.64480493], [41.79394563, -87.64245549], [41.79397104, -87.64105585], [41.79403508, -87.6375288], [41.79410253, -87.63311547], [41.79412329, -87.63105016], [41.7941578, -87.62970253], [41.79421438, -87.62750921], [41.79426202, -87.62537359], [41.79429222, -87.62380439], [41.7943505, -87.6205039], [41.79436219, -87.61833161], [41.79442019, -87.61615813], [41.79363385, -87.61327903], [41.7948711, -87.60735708], [41.79488203, -87.60578617], [41.79490103, -87.60374262], [41.79493545, -87.60097894], [41.79496965, -87.59791458], [41.79498444, -87.59611747], [41.79501487, -87.59503677], [41.79504262, -87.59302328], [41.79474492, -87.59181988], [41.79474812, -87.59044676], [41.79512097, -87.58775464], [41.79499456, -87.58402604], [41.79350976, -87.58395419], [41.79167425, -87.58353817]]",,,,
55A,55A,55th/Austin,20.76,19.47,17.5,17.0,,,19.0,19.0,"[[41.78655472, -87.73914725], [41.79319512, -87.7426561], [41.79296227, -87.75270734], [41.79290383, -87.75479578], [41.79292272, -87.75727641], [41.79283944, -87.76010685], [41.79281208, -87.76281878], [41.79271793, -87.76713945], [41.79263875, -87.76968707], [41.79236383, -87.77213878], [41.79078583, -87.77206578], [41.78711483, -87.77192378], [41.78528283, -87.77185278], [41.78419321, -87.77181574], [41.78344483, -87.77178178], [41.77977383, -87.77163978], [41.77794183, -87.77156978], [41.77759084, -87.77399569], [41.77517051, -87.773895], [41.77440683, -87.77127678]]","[[41.77440683, -87.77127678], [41.77596383, -87.77135178], [41.77777683, -87.77142378], [41.77960883, -87.77149478], [41.78144183, -87.77156578], [41.78327983, -87.77163678], [41.78394467, -87.77165113], [41.78511783, -87.77170778], [41.78694983, -87.77177878], [41.79062083, -87.77191978], [41.79245983, -87.77199078], [41.79253683, -87.76973378], [41.79258583, -87.76729678], [41.79268283, -87.76242178], [41.79272083, -87.75997178], [41.79275783, -87.75752878], [41.79279583, -87.75508578], [41.79283124, -87.75214472], [41.79293194, -87.74218609], [41.78655472, -87.73914725]]",,,,
55N,55N,55th/Narragansett,21.36,21.37,19.0,20.0,,,39.0,40.0,"[[41.78655472, -87.73914725], [41.79319512, -87.7426561], [41.79296227, -87.75270734], [41.79290383, -87.75479578], [41.79292272, -87.75727641], [41.79283944, -87.76010685], [41.79281208, -87.76281878], [41.79271793, -87.76713945], [41.79263875, -87.76968707], [41.7926055, -87.77193105], [41.7925582, -87.77438981], [41.79249322, -87.77843186], [41.79207957, -87.7818754], [41.79059783, -87.78180979], [41.78876183, -87.78174279], [41.78692483, -87.78167578], [41.78508783, -87.78160778], [41.78325683, -87.78154378], [41.78142183, -87.78147478], [41.77958483, -87.78140779], [41.77757503, -87.78138747], [41.77656775, -87.78159571]]","[[41.77656775, -87.78159571], [41.77772642, -87.78110298], [41.77941883, -87.78126178], [41.78125583, -87.78132878], [41.78309183, -87.78139879], [41.78492283, -87.78146279], [41.78675883, -87.78152979], [41.78860983, -87.78159779], [41.79043283, -87.78166479], [41.79216475, -87.78170684], [41.79235983, -87.77826279], [41.79243683, -87.77461078], [41.79248783, -87.77217378], [41.79253683, -87.76973378], [41.79258583, -87.76729678], [41.79268283, -87.76242178], [41.79272083, -87.75997178], [41.79275783, -87.75752878], [41.79279583, -87.75508578], [41.79283124, -87.75214472], [41.79293194, -87.74218609], [41.78655472, -87.73914725]]",,,,
56,56,Milwaukee,51.25,51.86,78.5,82.5,,,78.0,71.0,"[[41.96978541, -87.7617456], [41.96901632, -87.76185389], [41.96772417, -87.76069646], [41.96669094, -87.75979919], [41.96478752, -87.75821297], [41.96404452, -87.75755897], [41.96260723, -87.75629929], [41.96042711, -87.75438525], [41.95890077, -87.75311118], [41.95681373, -87.75127037], [41.95525778, -87.74992931], [41.95358886, -87.74770879], [41.95175618, -87.7448321], [41.95053655, -87.74279143], [41.94950136, -87.74110005], [41.94895957, -87.74014841], [41.94801105, -87.73859796], [41.94639596, -87.73599184], [41.94412421, -87.73218137], [41.94267648, -87.72989374], [41.94084945, -87.72685295], [41.93982886, -87.72514978], [41.93900114, -87.72385349], [41.93836424, -87.72276327], [41.93640108, -87.71947016], [41.93476609, -87.71689109], [41.93294976, -87.71391406], [41.93172422, -87.7118721], [41.93099947, -87.71068428], [41.92911904, -87.7076764], [41.92782331, -87.70547342], [41.92606596, -87.70265335], [41.92461538, -87.70030899], [41.9226677, -87.69709593], [41.9215344, -87.6952511], [41.92033662, -87.69328906], [41.91910582, -87.69126547], [41.91799604, -87.68937591], [41.9165241, -87.68706245], [41.91517162, -87.68509733], [41.91330433, -87.68209912], [41.91181704, -87.67980123], [41.91062481, -87.67795898], [41.90886301, -87.67520995], [41.90717368, -87.67257358], [41.90527271, -87.66958346], [41.90354186, -87.66689176], [41.90279315, -87.66574393], [41.90167357, -87.66406808], [41.90083257, -87.66276707], [41.89765244, -87.65770578], [41.89640386, -87.65578076], [41.89485168, -87.65339275], [41.8934114, -87.65113402], [41.8913259, -87.64795086], [41.89025793, -87.64628818], [41.88870891, -87.64443489], [41.88694785, -87.64438375], [41.88553313, -87.64432714], [41.88311785, -87.64285375], [41.88309185, -87.63998175], [41.88313585, -87.63552175], [41.88314485, -87.63263075], [41.88315492, -87.63020179], [41.88317743, -87.6275027], [41.88316685, -87.62597175]]","[[41.88214785, -87.62597875], [41.8820588, -87.62856462], [41.88201942, -87.63265794], [41.88200766, -87.63564298], [41.8819552, -87.64104917], [41.88307296, -87.64261549], [41.88561877, -87.64268928], [41.88685186, -87.64408976], [41.88810155, -87.64416217], [41.89032267, -87.64609666], [41.89154744, -87.64799454], [41.89349342, -87.65079263], [41.89508992, -87.65332898], [41.89648117, -87.65558523], [41.89765446, -87.65745278], [41.90083731, -87.66222153], [41.90183588, -87.66396535], [41.90280356, -87.66546277], [41.90399843, -87.6673325], [41.9058569, -87.6702702], [41.90748872, -87.67281126], [41.90880337, -87.67487182], [41.91066346, -87.67778053], [41.91213733, -87.68003899], [41.91360279, -87.68232568], [41.91519358, -87.68477577], [41.91677428, -87.68720391], [41.91773323, -87.68871804], [41.91933342, -87.69118246], [41.92073023, -87.69357539], [41.92189243, -87.69535946], [41.9229389, -87.6972732], [41.92503134, -87.70043073], [41.92595946, -87.70218456], [41.92802845, -87.70557375], [41.92953719, -87.70796551], [41.93112492, -87.71064777], [41.93242582, -87.71274293], [41.93358755, -87.71467242], [41.93547207, -87.71773855], [41.937951, -87.72181945], [41.9390434, -87.72347267], [41.93999603, -87.72520476], [41.9414586, -87.72752623], [41.94250533, -87.7292397], [41.9444076, -87.73243192], [41.94647534, -87.73576409], [41.94743614, -87.73726665], [41.94803714, -87.73829302], [41.94904664, -87.74005104], [41.95021403, -87.74195413], [41.95170449, -87.74437005], [41.95362142, -87.74745272], [41.95534633, -87.74973268], [41.95698578, -87.75115023], [41.95876912, -87.75270845], [41.96052122, -87.75428805], [41.96240612, -87.75587144], [41.96401305, -87.75728469], [41.96472562, -87.75793205], [41.96661004, -87.75947858], [41.96777256, -87.76056164], [41.96983313, -87.76113466], [41.96978541, -87.7617456]]",,,,
57,57,Laramie,20.75,19.49,26.0,24.0,,,56.0,56.0,"[[41.91736897, -87.75768535], [41.91690181, -87.75609452], [41.91323885, -87.75584379], [41.91142585, -87.75578379], [41.90911519, -87.75599409], [41.90777085, -87.75597479], [41.90595885, -87.75593179], [41.90382568, -87.75586862], [41.90234418, -87.75587537], [41.90050185, -87.75580079], [41.89867185, -87.75575679], [41.89683985, -87.75571379], [41.89470475, -87.75568293], [41.89308385, -87.75559879], [41.89096071, -87.755517], [41.88938885, -87.75546479], [41.88695549, -87.7553796], [41.88572285, -87.75532879], [41.88440585, -87.75528079], [41.88243885, -87.75521579], [41.88058867, -87.75515831], [41.87947409, -87.75505834], [41.87855285, -87.75506579], [41.87764785, -87.75503179], [41.87679452, -87.75504266], [41.87583785, -87.75496479], [41.87493285, -87.75493179], [41.87404181, -87.75486853], [41.87305895, -87.75490624], [41.87095766, -87.75461786], [41.87103443, -87.75296475], [41.87103785, -87.74917978], [41.87223199, -87.74479904], [41.87320562, -87.74530927]]","[[41.87320562, -87.74530927], [41.87308181, -87.74899335], [41.87306137, -87.75320701], [41.87302624, -87.75465645], [41.87390534, -87.75470477], [41.87476685, -87.75478679], [41.8768256, -87.75484044], [41.87838785, -87.75491979], [41.88014233, -87.75495743], [41.88227385, -87.75507079], [41.88424085, -87.75513579], [41.88555785, -87.75518379], [41.88710481, -87.75527235], [41.88922385, -87.75531879], [41.89158739, -87.75538603], [41.89291885, -87.75545379], [41.89512434, -87.75552397], [41.89667385, -87.75556779], [41.89850685, -87.75561179], [41.90033685, -87.75565579], [41.902166, -87.75568633], [41.90397985, -87.75574279], [41.90579385, -87.75578579], [41.90760485, -87.75582979], [41.90935623, -87.75574974], [41.91125985, -87.75563779], [41.91307385, -87.75569779], [41.91707882, -87.75626788], [41.91736897, -87.75768535]]",,,,
59,59,59th/61st,48.75,51.41,51.5,50.0,,,49.0,45.0,"[[41.78618317, -87.58716503], [41.78595684, -87.59155373], [41.78432679, -87.59150194], [41.78426514, -87.59294275], [41.7842273, -87.59665744], [41.7841807, -87.60102811], [41.7841635, -87.60268383], [41.78412316, -87.60583864], [41.7840783, -87.60838362], [41.78403562, -87.61080523], [41.78402975, -87.61294278], [41.78394442, -87.61601484], [41.7838928, -87.61879466], [41.7838918, -87.62039367], [41.78565317, -87.62087007], [41.78560095, -87.62531508], [41.78743623, -87.62572747], [41.78742251, -87.62753592], [41.78737658, -87.628968], [41.7873529, -87.63015782], [41.78984737, -87.63026104], [41.79108691, -87.6303597], [41.79244784, -87.63042874], [41.7945933, -87.63110528], [41.79398057, -87.63188806], [41.79257084, -87.63181874], [41.79103284, -87.63178774], [41.78901584, -87.63178574], [41.78736792, -87.63204486], [41.78725074, -87.63574741], [41.78721194, -87.63805586], [41.78717437, -87.64011243], [41.78712534, -87.64280421], [41.78710275, -87.64483586], [41.78705854, -87.64730059], [41.78702734, -87.64970262], [41.78700003, -87.65211876], [41.78696433, -87.65455314], [41.78692782, -87.65700978], [41.7868785, -87.6594083], [41.78685667, -87.66177044], [41.78682912, -87.66416053], [41.78678961, -87.66673013], [41.78675278, -87.66910872], [41.78673091, -87.67155644], [41.78670299, -87.6739612], [41.78665627, -87.67688614], [41.7865952, -87.68099059], [41.78662508, -87.68416719], [41.78659003, -87.68614835], [41.78655557, -87.68860377], [41.78650372, -87.69104823], [41.7864878, -87.69346182], [41.78643537, -87.69593473], [41.78639305, -87.69833833], [41.78636875, -87.70080549], [41.78632201, -87.70361233], [41.78629215, -87.70565101], [41.78624676, -87.70807988], [41.78621371, -87.71056949], [41.78617509, -87.71272447], [41.78612266, -87.71549148], [41.78608741, -87.71795494], [41.78605483, -87.72040355], [41.78600664, -87.72327684], [41.78597204, -87.72532318], [41.78596106, -87.72775134], [41.78593071, -87.73016022], [41.78590383, -87.73239277], [41.78587424, -87.73503533], [41.78627385, -87.73897138]]","[[41.78627385, -87.73897138], [41.78576403, -87.73530557], [41.78576728, -87.73282588], [41.78579128, -87.73038088], [41.78583291, -87.72797986], [41.78585915, -87.72551939], [41.7858769, -87.72317922], [41.78593456, -87.72062789], [41.78596375, -87.71818208], [41.7859907, -87.71574675], [41.78603718, -87.7126042], [41.78608726, -87.71080815], [41.78611125, -87.70830012], [41.78613551, -87.7058897], [41.78619206, -87.70308098], [41.78623134, -87.70107009], [41.78628311, -87.69817803], [41.78630237, -87.69609613], [41.78634345, -87.69374709], [41.7864124, -87.69123707], [41.78643701, -87.68882578], [41.78646078, -87.68641634], [41.78646082, -87.68334447], [41.78647827, -87.68113251], [41.78654933, -87.67665185], [41.78657185, -87.67424928], [41.78661701, -87.67178844], [41.78664249, -87.66936679], [41.78665901, -87.66693491], [41.78669073, -87.66460068], [41.786727, -87.66207969], [41.78675481, -87.65966159], [41.78679072, -87.65721444], [41.78681806, -87.65420804], [41.78686427, -87.65236928], [41.78690362, -87.64996234], [41.78693427, -87.64750579], [41.78696087, -87.64511077], [41.78700447, -87.64204298], [41.78705806, -87.64022503], [41.78707833, -87.63709498], [41.78712627, -87.63592954], [41.78713916, -87.63296418], [41.78712167, -87.63210623], [41.78984737, -87.63026104], [41.79108691, -87.6303597], [41.79244784, -87.63042874], [41.7945933, -87.63110528], [41.79398057, -87.63188806], [41.79257084, -87.63181874], [41.79103284, -87.63178774], [41.78901584, -87.63178574], [41.78718209, -87.63011338], [41.78722567, -87.62918173], [41.78728047, -87.62770922], [41.78730883, -87.62569086], [41.78571084, -87.62558074], [41.78368311, -87.62395528], [41.78370318, -87.62235421], [41.78376507, -87.61913609], [41.78383476, -87.61554235], [41.78386984, -87.61338974], [41.78391682, -87.61100417], [41.78395711, -87.60854913], [41.78401818, -87.6057292], [41.78403605, -87.60287989], [41.78405452, -87.60127029], [41.78409364, -87.59801976], [41.78412617, -87.5959965], [41.78414906, -87.59326227], [41.78442884, -87.59136932], [41.78597848, -87.59141697], [41.78618317, -87.58716503]]",,,,
60,60,Blue Island/26th,55.38,55.33,75.0,48.0,,,114.0,8.0,"[[41.88470828, -87.61567532], [41.88497317, -87.61507805], [41.88460886, -87.61709275], [41.88455986, -87.62031975], [41.88455586, -87.62214875], [41.88342185, -87.62459375], [41.88214785, -87.62597875], [41.8820588, -87.62856462], [41.88201942, -87.63265794], [41.88200766, -87.63564298], [41.88194468, -87.63902989], [41.88174698, -87.64128562], [41.87814785, -87.64115675], [41.87559585, -87.64108575], [41.87443585, -87.64225175], [41.87444885, -87.64775575], [41.87448546, -87.64986857], [41.87447085, -87.65158876], [41.87394885, -87.65689376], [41.87235066, -87.65693125], [41.87118333, -87.65688967], [41.86917442, -87.65684043], [41.86679685, -87.6567733], [41.86530685, -87.65670876], [41.86353223, -87.65666288], [41.86165942, -87.65808813], [41.85954412, -87.65985136], [41.85726886, -87.66134776], [41.85525253, -87.66132491], [41.85254084, -87.66126363], [41.85245918, -87.66350675], [41.85216892, -87.66657053], [41.8515229, -87.6682764], [41.8503609, -87.67127784], [41.84962516, -87.67320831], [41.84870313, -87.6755802], [41.84775674, -87.67804822], [41.84667922, -87.68085292], [41.8459073, -87.68295478], [41.84504609, -87.68513199], [41.84485849, -87.68768533], [41.84482858, -87.69015469], [41.84480495, -87.69269465], [41.84477164, -87.69447369], [41.84474951, -87.69546584], [41.84472781, -87.69749673], [41.84469465, -87.70005436], [41.8446266, -87.70237448], [41.84457307, -87.70522725], [41.84456629, -87.70734208], [41.84451128, -87.70970608], [41.84446728, -87.71220208], [41.84446666, -87.71465803], [41.84441023, -87.71744406], [41.84438025, -87.71958507], [41.84434877, -87.72201862], [41.84432912, -87.72482933], [41.84431881, -87.72609229], [41.84424422, -87.72926027], [41.84423507, -87.7313702], [41.84418517, -87.73462644], [41.8441245, -87.73739421], [41.8440645, -87.74064115], [41.84683821, -87.74398703], [41.84916543, -87.74411263], [41.85141146, -87.74454396], [41.85134599, -87.74650299], [41.85132488, -87.74895667], [41.8512369, -87.75383751], [41.85170314, -87.75767231]]","[[41.85170314, -87.75767231], [41.85102933, -87.75434062], [41.85104176, -87.74952195], [41.85116277, -87.74695139], [41.85083372, -87.74430022], [41.84916234, -87.74434394], [41.84642899, -87.74470045], [41.84384454, -87.7399763], [41.84399521, -87.7374636], [41.84405626, -87.73442171], [41.84408384, -87.73195078], [41.84412584, -87.72952477], [41.84415884, -87.72709478], [41.84419675, -87.72470873], [41.84422984, -87.72221977], [41.84426284, -87.71977977], [41.84429684, -87.71733877], [41.84432984, -87.71490277], [41.84436284, -87.71246577], [41.84440592, -87.70969188], [41.84442984, -87.70758677], [41.84446651, -87.70478639], [41.84450284, -87.70267977], [41.84454384, -87.70028077], [41.84463542, -87.69535254], [41.84464888, -87.69436695], [41.84466405, -87.69288191], [41.84491535, -87.68498851], [41.84577713, -87.68274625], [41.84674018, -87.68022857], [41.8476302, -87.67787301], [41.84858015, -87.67540302], [41.84931961, -87.67349648], [41.85042494, -87.6706266], [41.85119731, -87.6686035], [41.85208746, -87.66629301], [41.85231434, -87.6637929], [41.85265654, -87.66110016], [41.85507448, -87.6611763], [41.85763079, -87.66123842], [41.85961685, -87.65949415], [41.86154551, -87.65789155], [41.86367198, -87.65651876], [41.86514085, -87.65656376], [41.86727096, -87.65660413], [41.86931475, -87.6566656], [41.87232639, -87.6567449], [41.87415885, -87.65671976], [41.87429085, -87.65194376], [41.87434885, -87.64913776], [41.87427985, -87.64748676], [41.87461141, -87.64234476], [41.87691184, -87.64242129], [41.87813299, -87.64241107], [41.88054226, -87.64118307], [41.88211185, -87.63960775], [41.88313585, -87.63552175], [41.88314485, -87.63263075], [41.88315492, -87.63020179], [41.88317743, -87.6275027], [41.88429339, -87.62362601], [41.88428685, -87.62082075], [41.884327, -87.61780015], [41.88470828, -87.61567532]]",,,,
62,62,Archer,85.14,85.52,65.0,61.0,,,3.0,2.0,"[[41.88870164, -87.6311423], [41.88590086, -87.62805875], [41.88337885, -87.62797775], [41.88086385, -87.62783975], [41.87832585, -87.62777575], [41.87700065, -87.62776972], [41.87500459, -87.62770176], [41.87206431, -87.62767144], [41.86760162, -87.6275416], [41.86749762, -87.63084353], [41.86751019, -87.63288273], [41.86742411, -87.63554935], [41.86740804, -87.63906117], [41.86732985, -87.64253866], [41.86675847, -87.647084], [41.86485485, -87.64691475], [41.86249878, -87.64687332], [41.85972085, -87.64676975], [41.85748519, -87.64669922], [41.85542566, -87.64666603], [41.85246715, -87.64658276], [41.85089985, -87.64651575], [41.8467478, -87.64798277], [41.84545719, -87.65057703], [41.84447942, -87.65233405], [41.84341907, -87.65447575], [41.84236367, -87.65674242], [41.84190299, -87.65766898], [41.84107057, -87.6593843], [41.84009849, -87.66139548], [41.83932087, -87.6629879], [41.83801443, -87.66544162], [41.83635069, -87.66810815], [41.83497707, -87.67036547], [41.83387908, -87.67215505], [41.83281075, -87.67390316], [41.83202231, -87.67518446], [41.83054376, -87.67759343], [41.83016884, -87.68023476], [41.82927466, -87.68053272], [41.82886634, -87.68117663], [41.82796884, -87.68176476], [41.82620633, -87.68473676], [41.82488196, -87.68680979], [41.82319985, -87.68958255], [41.82205355, -87.69146087], [41.8213949, -87.69253146], [41.82023799, -87.69438391], [41.81877821, -87.69678201], [41.81730541, -87.69927009], [41.81520614, -87.70261269], [41.81433257, -87.70406294], [41.81300153, -87.70624961], [41.81127919, -87.70898647], [41.80977899, -87.71145508], [41.80805164, -87.71426584], [41.80694905, -87.71610055], [41.80548252, -87.71846995], [41.80430108, -87.720351], [41.80255235, -87.72322955], [41.80105628, -87.72591802], [41.79991644, -87.7247044], [41.80028589, -87.72441153], [41.8010054, -87.72852195], [41.80068051, -87.73059695], [41.80028773, -87.7331036], [41.79993262, -87.73547445], [41.79939635, -87.73909684], [41.79918525, -87.74034105], [41.79829944, -87.74306326], [41.79706305, -87.74301242], [41.79267883, -87.74227291], [41.78660716, -87.73872132], [41.79349788, -87.74211573], [41.79660726, -87.74271176], [41.79873958, -87.74334226], [41.7985165, -87.74522441], [41.7980671, -87.74768445], [41.79770633, -87.7500835], [41.79732678, -87.75257519], [41.79696442, -87.754976], [41.79658805, -87.75741872], [41.79612376, -87.76037025], [41.79585125, -87.76214498], [41.79544891, -87.76465173], [41.7950989, -87.76704359], [41.79464473, -87.77001747], [41.79426282, -87.77253069], [41.79397095, -87.77437919], [41.79358651, -87.77685403], [41.7934043, -87.77804713], [41.79269038, -87.78092641], [41.79239084, -87.7841504], [41.79237368, -87.7865769], [41.79229178, -87.78899848], [41.79227344, -87.79146285], [41.79222266, -87.79387549], [41.7921629, -87.79635861], [41.79210102, -87.79889444], [41.79234512, -87.7999508]]","[[41.79234512, -87.7999508], [41.79191039, -87.79911095], [41.79200083, -87.79657179], [41.79203235, -87.79376721], [41.79207592, -87.79168501], [41.79214783, -87.78924379], [41.79219283, -87.78679679], [41.79221518, -87.78436231], [41.79260534, -87.78052183], [41.79318332, -87.77831329], [41.79344626, -87.77660386], [41.79382568, -87.77414768], [41.79410559, -87.77222803], [41.79448859, -87.76969904], [41.79491175, -87.76708974], [41.79525792, -87.76477213], [41.79558443, -87.76262807], [41.79598578, -87.76009076], [41.79638067, -87.7576572], [41.79675168, -87.7552222], [41.79709002, -87.75284845], [41.79748875, -87.75026436], [41.79788484, -87.74781411], [41.79821429, -87.74542713], [41.79848642, -87.74320261], [41.79706305, -87.74301242], [41.79267883, -87.74227291], [41.78660716, -87.73872132], [41.79349788, -87.74211573], [41.79660726, -87.74271176], [41.79847931, -87.74273609], [41.7989167, -87.74054887], [41.79956606, -87.7370741], [41.79976111, -87.73543613], [41.80009835, -87.73322831], [41.80053809, -87.73052784], [41.80084037, -87.72836755], [41.80105628, -87.72591802], [41.79991644, -87.7247044], [41.80028589, -87.72441153], [41.80122052, -87.72577203], [41.80248912, -87.72295955], [41.80438603, -87.71990624], [41.80511063, -87.71863378], [41.8065818, -87.71627775], [41.80835704, -87.71341755], [41.80968921, -87.71119369], [41.81123659, -87.70873183], [41.81233961, -87.70690506], [41.81414565, -87.70399791], [41.81565769, -87.70154506], [41.81692204, -87.69944846], [41.81819825, -87.69735179], [41.81982493, -87.69469055], [41.82120236, -87.69249132], [41.82189905, -87.69134632], [41.82308518, -87.68944463], [41.82430484, -87.68747276], [41.82572163, -87.6850976], [41.82659184, -87.68368876], [41.82788298, -87.68153861], [41.82927466, -87.68053272], [41.82891287, -87.68122218], [41.83017094, -87.67785555], [41.83162925, -87.67545708], [41.83257326, -87.67392242], [41.83348139, -87.67245046], [41.83459599, -87.6706204], [41.83607461, -87.66821027], [41.83740622, -87.66600967], [41.83922513, -87.66278328], [41.83996529, -87.66124592], [41.84082803, -87.65945776], [41.84167281, -87.65769762], [41.84233906, -87.65634007], [41.84344785, -87.65412575], [41.8442618, -87.65235979], [41.84509591, -87.65064055], [41.84654559, -87.6476287], [41.85081685, -87.64636975], [41.85296119, -87.64639826], [41.85530561, -87.64647935], [41.85742791, -87.64655058], [41.85981585, -87.64662175], [41.86221823, -87.64669696], [41.86468885, -87.64676975], [41.8670786, -87.64633057], [41.86712646, -87.64227639], [41.86714676, -87.63883173], [41.86727145, -87.63218404], [41.86724646, -87.63061186], [41.86767131, -87.62733857], [41.86916753, -87.62733218], [41.87041285, -87.62737375], [41.87251296, -87.62905673], [41.87475085, -87.62913675], [41.87593485, -87.62915975], [41.87804332, -87.629207], [41.87956864, -87.62925341], [41.88095585, -87.62929075], [41.88207815, -87.62929962], [41.88471585, -87.62939275], [41.88619143, -87.6294021], [41.88809986, -87.62945975], [41.88870164, -87.6311423]]",,,,
62H,62H,Archer/Harlem,32.36,31.84,30.0,28.0,,,38.0,37.0,"[[41.78643568, -87.73845014], [41.79349788, -87.74211573], [41.79873958, -87.74334226], [41.7985165, -87.74522441], [41.7980671, -87.74768445], [41.79770633, -87.7500835], [41.79732678, -87.75257519], [41.79696442, -87.754976], [41.79658805, -87.75741872], [41.79612376, -87.76037025], [41.79585125, -87.76214498], [41.79544891, -87.76465173], [41.7950989, -87.76704359], [41.79464473, -87.77001747], [41.79426282, -87.77253069], [41.79397095, -87.77437919], [41.79358651, -87.77685403], [41.7934043, -87.77804713], [41.79269038, -87.78092641], [41.79239084, -87.7841504], [41.79237368, -87.7865769], [41.79229178, -87.78899848], [41.79227344, -87.79146285], [41.79222266, -87.79387549], [41.7921629, -87.79635861], [41.79210102, -87.79889444], [41.79158267, -87.80168701], [41.79070939, -87.80164563], [41.78842558, -87.80154442], [41.78660565, -87.80150536], [41.78473597, -87.80142535], [41.78281197, -87.80134934], [41.78013215, -87.8012431], [41.77748125, -87.80107586], [41.77734304, -87.80325806], [41.77726905, -87.80567106], [41.77721175, -87.8081141], [41.77715962, -87.8104772], [41.77696625, -87.81455998]]","[[41.77696625, -87.81455998], [41.77698562, -87.81373428], [41.77698279, -87.81075669], [41.77705685, -87.80837062], [41.77706934, -87.80584185], [41.7771459, -87.80339048], [41.77796338, -87.80078644], [41.77902983, -87.80083279], [41.78086383, -87.80092079], [41.7829448, -87.8010201], [41.78476105, -87.80106491], [41.78643883, -87.80118379], [41.78825983, -87.80123679], [41.79009983, -87.80128879], [41.79171999, -87.80134923], [41.79191039, -87.79911095], [41.79200083, -87.79657179], [41.79203235, -87.79376721], [41.79207592, -87.79168501], [41.79214783, -87.78924379], [41.79219283, -87.78679679], [41.79221518, -87.78436231], [41.79260534, -87.78052183], [41.79318332, -87.77831329], [41.79344626, -87.77660386], [41.79382568, -87.77414768], [41.79410559, -87.77222803], [41.79448859, -87.76969904], [41.79491175, -87.76708974], [41.79525792, -87.76477213], [41.79558443, -87.76262807], [41.79598578, -87.76009076], [41.79638067, -87.7576572], [41.79675168, -87.7552222], [41.79709002, -87.75284845], [41.79748875, -87.75026436], [41.79788484, -87.74781411], [41.79821429, -87.74542713], [41.79848642, -87.74320261], [41.79706305, -87.74301242], [41.79267883, -87.74227291], [41.78643568, -87.73845014]]",,,,
63,63,63rd,51.28,49.43,69.0,67.5,,,140.0,139.0,"[[41.78002886, -87.57521205], [41.77979471, -87.58655642], [41.77890519, -87.58652305], [41.77882284, -87.58875773], [41.78020999, -87.58889061], [41.780646, -87.59162594], [41.78061835, -87.59292983], [41.78060435, -87.59453483], [41.7805861, -87.59652154], [41.78055584, -87.59761873], [41.7805519, -87.59933696], [41.78053403, -87.6012937], [41.78049935, -87.60419678], [41.78047315, -87.60617947], [41.78043393, -87.60827181], [41.78039495, -87.61071836], [41.78037801, -87.61178391], [41.78035248, -87.61311823], [41.78030928, -87.61553369], [41.78025584, -87.61860074], [41.78020584, -87.62018874], [41.78010588, -87.62187846], [41.78008056, -87.62358837], [41.78016333, -87.62506151], [41.78005986, -87.62998628], [41.78001561, -87.63090561], [41.78001024, -87.63196012], [41.7799728, -87.6348929], [41.77995805, -87.6373394], [41.77988573, -87.64081278], [41.77984901, -87.64287444], [41.77979068, -87.64501981], [41.77976644, -87.64744076], [41.77974886, -87.64995956], [41.77971853, -87.65195799], [41.77968376, -87.6547389], [41.77961938, -87.65687302], [41.77957989, -87.65926475], [41.77957441, -87.66169695], [41.77881983, -87.66368875], [41.77953653, -87.66460469], [41.77948057, -87.66650339], [41.7794734, -87.66889197], [41.77941071, -87.6713536], [41.77939534, -87.67413561], [41.7793746, -87.67616413], [41.77924178, -87.68099234], [41.77930283, -87.68338044], [41.77931023, -87.68591706], [41.77927053, -87.68871801], [41.77922706, -87.69085826], [41.77919423, -87.69361595], [41.77916566, -87.69569422], [41.77913059, -87.6981912], [41.77908072, -87.70056077], [41.77905324, -87.70347448], [41.77901938, -87.70542254], [41.77901837, -87.70780554], [41.77889983, -87.71013876], [41.77892189, -87.71236974], [41.7788531, -87.715597], [41.77878911, -87.71769784], [41.77876976, -87.72021049], [41.77871683, -87.72252877], [41.77870483, -87.72499577], [41.77867178, -87.72794189], [41.77870583, -87.72989377], [41.77860949, -87.7328811], [41.77858611, -87.73488022], [41.77854367, -87.73846256], [41.77853189, -87.73970422], [41.77854069, -87.74204915], [41.78017953, -87.74215955], [41.7819482, -87.74220222], [41.78655971, -87.73876889]]","[[41.78655971, -87.73876889], [41.78224226, -87.74259353], [41.78031453, -87.74256064], [41.77835052, -87.74192046], [41.77840783, -87.73995277], [41.77842031, -87.7382645], [41.77846567, -87.73468028], [41.77849318, -87.73214732], [41.77852883, -87.73019077], [41.77855683, -87.72774777], [41.77858483, -87.72530377], [41.77860633, -87.7224161], [41.77864503, -87.72010883], [41.77868483, -87.71793977], [41.77870154, -87.71524848], [41.77875637, -87.71261145], [41.77878885, -87.71010753], [41.77882783, -87.70805576], [41.77887083, -87.70563176], [41.7789017, -87.70327649], [41.77894983, -87.70075676], [41.77897249, -87.69841892], [41.77901008, -87.69595783], [41.77905134, -87.69317284], [41.77909483, -87.69102876], [41.77912514, -87.68831502], [41.77916483, -87.68618176], [41.77909238, -87.68316702], [41.77916683, -87.68117476], [41.77920891, -87.6765212], [41.77924677, -87.67407389], [41.77927783, -87.67158575], [41.77930484, -87.66882975], [41.77933883, -87.66674475], [41.77937799, -87.66442375], [41.77942058, -87.6638557], [41.77945284, -87.66188975], [41.77948284, -87.65947675], [41.77950784, -87.65709775], [41.77954803, -87.65462898], [41.77957084, -87.65218375], [41.77961971, -87.64940172], [41.77964518, -87.64733393], [41.7797262, -87.64458869], [41.77975948, -87.64195963], [41.77975934, -87.64047053], [41.77980584, -87.63762274], [41.77987258, -87.63478678], [41.77988784, -87.63190974], [41.77991484, -87.62989274], [41.77999484, -87.62511274], [41.77995761, -87.62369447], [41.77997881, -87.62228047], [41.78006584, -87.62053974], [41.78011484, -87.61894474], [41.78018425, -87.61572284], [41.78019897, -87.61327493], [41.78022183, -87.61217757], [41.78027013, -87.61089912], [41.78029778, -87.60846042], [41.78035584, -87.60606173], [41.78038413, -87.60429805], [41.78037784, -87.60256373], [41.78043084, -87.60063573], [41.78044284, -87.59937373], [41.78046084, -87.59743773], [41.78046789, -87.59629487], [41.78048789, -87.59478787], [41.78047426, -87.59320536], [41.78049026, -87.59162836], [41.78050777, -87.58922872], [41.78054072, -87.58666424], [41.78002886, -87.57521205]]",,,,
63W,63W,West 63rd,23.58,23.43,24.5,21.0,,,58.0,57.0,"[[41.78647285, -87.73882768], [41.78224226, -87.74259353], [41.78031453, -87.74256064], [41.77859726, -87.74246473], [41.77845915, -87.74474095], [41.77839031, -87.74709201], [41.77837328, -87.74841376], [41.77832368, -87.75084229], [41.77828855, -87.75335718], [41.77823417, -87.75551957], [41.77822563, -87.75688498], [41.77817432, -87.75925997], [41.77813982, -87.76151607], [41.77808264, -87.76408111], [41.77803276, -87.76650526], [41.77798018, -87.76890508], [41.77795605, -87.77131923], [41.7778844, -87.7738376], [41.777836, -87.77657231], [41.77778389, -87.77891256], [41.77775027, -87.78146078], [41.77770873, -87.78360786], [41.77767275, -87.78605675], [41.77762976, -87.78849066], [41.77761002, -87.79086292], [41.77752013, -87.79399454], [41.77749638, -87.79588286], [41.77744364, -87.79779454], [41.77740164, -87.80126789], [41.77734304, -87.80325806], [41.77726905, -87.80567106], [41.77721175, -87.8081141], [41.77715962, -87.8104772], [41.77696625, -87.81455998]]","[[41.77696625, -87.81455998], [41.77698562, -87.81373428], [41.77698279, -87.81075669], [41.77705685, -87.80837062], [41.77706934, -87.80584185], [41.7771459, -87.80339048], [41.7771395, -87.80122961], [41.77722883, -87.79856761], [41.77735737, -87.79613516], [41.77742395, -87.79372547], [41.77746738, -87.79116598], [41.77750239, -87.78874898], [41.77755323, -87.78630341], [41.77758823, -87.7838734], [41.77762296, -87.78088568], [41.7776671, -87.77892113], [41.77771485, -87.7765242], [41.77776285, -87.7740842], [41.77779444, -87.77159731], [41.77787118, -87.76916676], [41.77790243, -87.76670354], [41.77795143, -87.76426054], [41.77799888, -87.76131669], [41.77803833, -87.75937094], [41.77808911, -87.75697332], [41.77812035, -87.75536142], [41.77812757, -87.75327099], [41.77819958, -87.75087243], [41.77825485, -87.7484632], [41.77828118, -87.74692388], [41.77833404, -87.74451048], [41.77868346, -87.74215255], [41.78017953, -87.74215955], [41.7819482, -87.74220222], [41.78647285, -87.73882768]]",,,,
65,65,Grand,55.76,55.84,77.0,70.0,,,60.0,57.0,"[[41.89266358, -87.61017342], [41.89201886, -87.61213075], [41.89195686, -87.61539675], [41.8919258, -87.61799011], [41.89186986, -87.62001475], [41.89183186, -87.62253175], [41.89178325, -87.62563585], [41.89174401, -87.62790657], [41.89172186, -87.62947275], [41.89170086, -87.63095075], [41.8916728, -87.63546687], [41.89158686, -87.63976275], [41.89133986, -87.64279475], [41.8913083, -87.64467603], [41.89125837, -87.6481529], [41.89124477, -87.64986028], [41.89119884, -87.65242453], [41.89119842, -87.65450541], [41.89116736, -87.65726321], [41.8911561, -87.65869272], [41.89108901, -87.66210566], [41.89108927, -87.66541172], [41.89107175, -87.66696443], [41.89102588, -87.66948357], [41.89099455, -87.67186777], [41.89095569, -87.67435929], [41.89091853, -87.67719797], [41.89087579, -87.6791861], [41.89078351, -87.68161628], [41.89078215, -87.68413527], [41.89071226, -87.68706062], [41.89156821, -87.68952056], [41.89239465, -87.69160604], [41.8934173, -87.69405971], [41.89424385, -87.69624477], [41.89539966, -87.69907581], [41.89687148, -87.70280633], [41.89821039, -87.70622389], [41.89938189, -87.70892991], [41.90026235, -87.7117183], [41.90112643, -87.71344401], [41.90262869, -87.71730531], [41.90350585, -87.71949678], [41.90440446, -87.72182688], [41.90517814, -87.72376262], [41.9061676, -87.72627138], [41.90720237, -87.72875964], [41.90815607, -87.73122157], [41.909109, -87.73364843], [41.91026285, -87.73658178], [41.91099985, -87.73844979], [41.91170486, -87.74018546], [41.91293572, -87.74327101], [41.91398504, -87.74579179], [41.91532189, -87.74920043], [41.91669536, -87.7528236], [41.91707882, -87.75626788], [41.91744634, -87.75830298], [41.91804342, -87.76155686], [41.91832336, -87.76309023], [41.91895179, -87.76629909], [41.91925849, -87.7681679], [41.9197645, -87.77091888], [41.92016031, -87.7730639], [41.92062026, -87.77547941], [41.92106456, -87.77797814], [41.92157015, -87.78073087], [41.92196052, -87.78288124], [41.92266895, -87.78528291], [41.92328298, -87.78769863], [41.92370963, -87.79031349], [41.92370555, -87.79269284], [41.92367415, -87.79544125], [41.92367135, -87.79751132], [41.92360689, -87.80052154], [41.92385977, -87.8019919]]","[[41.92385977, -87.8019919], [41.92350485, -87.8008568], [41.92351985, -87.7990238], [41.92353385, -87.7971948], [41.92352604, -87.79541961], [41.92355606, -87.79219364], [41.92358065, -87.79074103], [41.92314155, -87.78749769], [41.92245386, -87.78504633], [41.92187085, -87.7830658], [41.92136121, -87.78026408], [41.92091189, -87.77781496], [41.92049885, -87.7757188], [41.92007137, -87.77326221], [41.91952217, -87.77025501], [41.91917204, -87.76835591], [41.91865388, -87.76553496], [41.91822189, -87.7632038], [41.91781292, -87.76097389], [41.91720257, -87.75765645], [41.91690181, -87.75609452], [41.9167917, -87.75352115], [41.91523178, -87.74946202], [41.91389809, -87.74616743], [41.91293462, -87.74366304], [41.91167532, -87.74053898], [41.91097385, -87.73871678], [41.91004385, -87.73636678], [41.90911385, -87.73399978], [41.90798701, -87.73115339], [41.90709085, -87.72900178], [41.90599784, -87.72617101], [41.90515422, -87.72413076], [41.90419607, -87.72160019], [41.90343767, -87.71962375], [41.90252771, -87.71744156], [41.90104665, -87.71369291], [41.9000851, -87.71149313], [41.89893972, -87.70842299], [41.89810247, -87.70628137], [41.89640674, -87.70205453], [41.89533334, -87.6993613], [41.8940919, -87.69632699], [41.89329085, -87.69426077], [41.89215792, -87.69142178], [41.89119188, -87.68898388], [41.8905938, -87.68637066], [41.89064511, -87.68397879], [41.89069986, -87.68179483], [41.89070817, -87.67951386], [41.89076764, -87.67702648], [41.89081364, -87.67458148], [41.89084864, -87.67214748], [41.89088464, -87.66972048], [41.89091134, -87.66731693], [41.89092438, -87.66559917], [41.89096638, -87.66234816], [41.89099889, -87.65866861], [41.89102127, -87.65713418], [41.89103651, -87.65473629], [41.89106665, -87.65242966], [41.89109625, -87.6498526], [41.89112305, -87.6477829], [41.89112225, -87.6458926], [41.89117333, -87.64337122], [41.89143524, -87.63997323], [41.89151524, -87.63563923], [41.89073093, -87.63388462], [41.89076586, -87.63128475], [41.8908267, -87.6277504], [41.89088891, -87.62433173], [41.89095625, -87.62212943], [41.89100986, -87.61786575], [41.89104986, -87.61538175], [41.89103297, -87.61315337], [41.89266358, -87.61017342]]",,,,
66,66,Chicago,50.32,50.6,70.5,69.5,,,171.0,170.0,"[[41.88308401, -87.6277524], [41.88316685, -87.62597175], [41.88469579, -87.6243233], [41.8867076, -87.62438975], [41.88808386, -87.62443075], [41.89021286, -87.62397475], [41.89085986, -87.62008575], [41.89408886, -87.62022975], [41.89569686, -87.62029075], [41.89684602, -87.62171442], [41.89680823, -87.62449911], [41.89674889, -87.62802819], [41.89673355, -87.63153883], [41.89672967, -87.63290592], [41.89667682, -87.63554012], [41.89662054, -87.63976695], [41.89658565, -87.64261552], [41.89639971, -87.65171374], [41.89636051, -87.65511348], [41.89631654, -87.65740396], [41.89626927, -87.66021963], [41.89623639, -87.66227586], [41.89620485, -87.66469676], [41.89615926, -87.66708492], [41.89611241, -87.67008411], [41.89608207, -87.67251337], [41.8960386, -87.67449577], [41.89599086, -87.67732213], [41.89594543, -87.67992573], [41.89590613, -87.68215918], [41.89586726, -87.68468148], [41.89581951, -87.68731659], [41.89580432, -87.689164], [41.89577046, -87.69199847], [41.89575737, -87.69416359], [41.895738, -87.69658078], [41.89571406, -87.69975158], [41.89567444, -87.7026472], [41.89563745, -87.70674365], [41.89561861, -87.7087673], [41.89558841, -87.71182143], [41.89556983, -87.71376902], [41.89554786, -87.71621107], [41.89551894, -87.71892096], [41.89549592, -87.72135562], [41.89549515, -87.72350651], [41.89545248, -87.72590695], [41.89538584, -87.72843492], [41.89536187, -87.73090956], [41.89532077, -87.73335446], [41.89526508, -87.73624124], [41.89522801, -87.73830492], [41.89513797, -87.74342006], [41.89510362, -87.74620513], [41.89505781, -87.74809623], [41.89506467, -87.75104658], [41.89504289, -87.75310502], [41.89503003, -87.75543937], [41.8950092, -87.75797067], [41.89493932, -87.76074754], [41.89490718, -87.76346686], [41.89492072, -87.765729], [41.89490739, -87.76823652], [41.89485777, -87.77061497], [41.89481903, -87.77256842], [41.89493338, -87.774849]]","[[41.89493338, -87.774849], [41.89471841, -87.7719597], [41.89473449, -87.76974181], [41.89478266, -87.76751868], [41.89479828, -87.76552971], [41.89482085, -87.76368679], [41.89485233, -87.76054028], [41.89486485, -87.75815779], [41.89487281, -87.75534104], [41.89489985, -87.75325579], [41.89487915, -87.75038308], [41.89492476, -87.74831155], [41.89491352, -87.74594268], [41.89498576, -87.74358055], [41.89507405, -87.73840331], [41.89511987, -87.73580375], [41.89516721, -87.73356787], [41.89518804, -87.7310432], [41.89523854, -87.72860506], [41.89529755, -87.72621657], [41.89535802, -87.7237095], [41.89534765, -87.72092135], [41.89537118, -87.7184943], [41.89539266, -87.71615783], [41.8954139, -87.71398902], [41.89544084, -87.71104826], [41.89541688, -87.70906678], [41.89548208, -87.70669667], [41.8955223, -87.70256275], [41.8955674, -87.6991223], [41.89558089, -87.69681202], [41.89559929, -87.6943615], [41.89562469, -87.69156269], [41.89563598, -87.68941975], [41.89572846, -87.68646772], [41.89572062, -87.68418883], [41.89575645, -87.68207532], [41.89579526, -87.6796031], [41.89583864, -87.67719745], [41.89587789, -87.67474831], [41.89592816, -87.67185445], [41.89595971, -87.66941268], [41.8960009, -87.66747986], [41.89605199, -87.6641516], [41.89608394, -87.66201738], [41.89612957, -87.65956623], [41.89620469, -87.65554887], [41.89627541, -87.6512683], [41.89639595, -87.64273948], [41.89642375, -87.64022373], [41.89648162, -87.63591812], [41.89652555, -87.63295789], [41.89657516, -87.63091219], [41.89662136, -87.62792219], [41.8966687, -87.62453585], [41.89667923, -87.6219641], [41.89672386, -87.62053575], [41.89513486, -87.62038075], [41.89234786, -87.62038575], [41.89116386, -87.62036975], [41.88969786, -87.62053375], [41.88990186, -87.62424975], [41.88691229, -87.62468635], [41.88511186, -87.62462075], [41.88342185, -87.62459375], [41.88214785, -87.62597875], [41.88308401, -87.6277524]]",,,,
67,67,67th/69th/71st,51.59,53.92,62.0,60.5,,,59.0,55.0,"[[41.77370004, -87.5677541], [41.77360405, -87.56820983], [41.77358457, -87.56996557], [41.77356143, -87.57185019], [41.77353731, -87.57399769], [41.77353178, -87.57680707], [41.77349784, -87.57906872], [41.7734534, -87.58141398], [41.77342626, -87.58383618], [41.7733994, -87.58564316], [41.77339328, -87.58662153], [41.7733717, -87.58873024], [41.77334773, -87.59147341], [41.77333424, -87.59279125], [41.77331901, -87.59435301], [41.77330295, -87.59590507], [41.77329312, -87.59716488], [41.77328073, -87.59838383], [41.77326879, -87.59960694], [41.77325958, -87.60083075], [41.7732465, -87.60205094], [41.77321982, -87.60324177], [41.77322022, -87.60560431], [41.77316381, -87.60804758], [41.77312381, -87.61039859], [41.77282399, -87.61188851], [41.77132266, -87.61181732], [41.77075305, -87.6121053], [41.76942133, -87.61374894], [41.76940749, -87.61523438], [41.76938864, -87.61674419], [41.76937464, -87.6183762], [41.76929279, -87.62009266], [41.76929079, -87.62159267], [41.76925387, -87.623294], [41.7688516, -87.62552843], [41.76933879, -87.62699656], [41.76920681, -87.62805562], [41.76916524, -87.62971878], [41.76914973, -87.63127583], [41.76911382, -87.63368019], [41.76905683, -87.63488974], [41.76901683, -87.63697274], [41.76897826, -87.64007729], [41.76894221, -87.64157396], [41.768915, -87.64438311], [41.76884783, -87.64669174], [41.76882083, -87.64912275], [41.76879897, -87.65168389], [41.76877287, -87.65408757], [41.76872656, -87.65654036], [41.76870416, -87.6589094], [41.76866616, -87.6613104], [41.76862755, -87.66369863], [41.76859448, -87.66621056], [41.76855348, -87.66865956], [41.76853881, -87.67110386], [41.76851985, -87.67387598], [41.76845721, -87.67585834], [41.76844382, -87.67952718], [41.76844481, -87.68062718], [41.76814977, -87.68349439], [41.76485403, -87.6833858], [41.76468983, -87.68537676], [41.76464083, -87.68792176], [41.76467068, -87.69050325], [41.76461685, -87.69292196], [41.76456091, -87.69542386], [41.76453595, -87.69773867], [41.76444383, -87.70030476], [41.76447329, -87.70265166], [41.76440683, -87.70520576], [41.76437383, -87.70769876], [41.76436283, -87.71015876], [41.76429383, -87.71214176], [41.76425531, -87.71491175], [41.76421896, -87.71734588], [41.76416483, -87.71966877], [41.76379712, -87.72249817], [41.75694561, -87.72239642], [41.75512218, -87.72429947], [41.75614745, -87.73296534]]","[[41.75614745, -87.73296534], [41.75486913, -87.73166134], [41.75493718, -87.72410429], [41.75631752, -87.72198835], [41.75777531, -87.72200032], [41.76403183, -87.72212276], [41.76406983, -87.72005077], [41.76411195, -87.71740187], [41.76415331, -87.71502675], [41.76411895, -87.71283749], [41.76420583, -87.70988276], [41.76423649, -87.70761805], [41.76427349, -87.70516305], [41.76433217, -87.70249428], [41.76439083, -87.70042176], [41.76441163, -87.69743169], [41.76446583, -87.69553176], [41.76448632, -87.69284834], [41.76453783, -87.69068376], [41.76456883, -87.68824376], [41.76460683, -87.68579575], [41.76493387, -87.68312256], [41.76822828, -87.68321234], [41.76832983, -87.68089375], [41.76834483, -87.67968275], [41.76837783, -87.67616975], [41.76837986, -87.67337373], [41.76841983, -87.67130193], [41.76843679, -87.66886786], [41.76846511, -87.66642614], [41.76849868, -87.66359742], [41.76853306, -87.66159247], [41.76855897, -87.65919226], [41.76860526, -87.6567453], [41.76862728, -87.65432353], [41.76866985, -87.65189146], [41.76871985, -87.64945547], [41.76875685, -87.64704647], [41.76877478, -87.64464591], [41.76882544, -87.64216879], [41.76885667, -87.64028157], [41.76888483, -87.63736874], [41.76890183, -87.63488074], [41.76897054, -87.6336096], [41.76897937, -87.63142831], [41.76901341, -87.63006612], [41.76898182, -87.62834799], [41.76910704, -87.62601851], [41.76911015, -87.62466673], [41.76911581, -87.62349443], [41.76915781, -87.62191142], [41.76917881, -87.62031142], [41.76920781, -87.61869442], [41.76923381, -87.61706841], [41.76928838, -87.61548827], [41.76936223, -87.61358591], [41.7704783, -87.61225425], [41.77101784, -87.61169673], [41.77293175, -87.61174869], [41.77300381, -87.61071418], [41.77304238, -87.60832882], [41.7730819, -87.60595047], [41.77311026, -87.60339222], [41.77312226, -87.60218122], [41.77314126, -87.60100722], [41.77314526, -87.59980722], [41.77315626, -87.59849522], [41.77317291, -87.59722612], [41.77318403, -87.59599614], [41.77320302, -87.59448114], [41.77321765, -87.59302821], [41.77322865, -87.59172621], [41.77326168, -87.58886129], [41.77327682, -87.58644474], [41.77329736, -87.58517981], [41.77331168, -87.5839802], [41.77334273, -87.5815175], [41.77337284, -87.57916572], [41.77677454, -87.57104807], [41.77370004, -87.5677541]]",,,,
68,68,Northwest Highway,24.65,25.42,20.0,23.5,,,47.0,46.0,"[[41.96972548, -87.76164351], [41.97114957, -87.76360316], [41.97586239, -87.76948812], [41.977974, -87.77321663], [41.97935164, -87.77561993], [41.98065797, -87.77795443], [41.98190786, -87.7802088], [41.9828011, -87.78190097], [41.98460286, -87.78519481], [41.98620373, -87.78797472], [41.98686662, -87.78914369], [41.98800486, -87.79110881], [41.98910786, -87.79320781], [41.99020486, -87.79500781], [41.99130686, -87.79700681], [41.99231148, -87.79887417], [41.99340648, -87.80062617], [41.99430548, -87.80212316], [41.99580786, -87.80470581], [41.99760001, -87.80772206], [41.99868139, -87.80943072], [41.99993684, -87.81160598], [42.00105729, -87.81326657], [42.00273945, -87.8160174], [42.00459109, -87.81891793], [42.005327, -87.82009566], [42.00670212, -87.82220764], [42.00818148, -87.82456801], [42.00849638, -87.82593809], [42.00773738, -87.82680243], [42.00961987, -87.83041682], [42.01027533, -87.83137642]]","[[42.01027533, -87.83137642], [42.01112883, -87.83115571], [42.0109154, -87.82924595], [42.01031681, -87.82807548], [42.00917658, -87.82637523], [42.00807122, -87.82467076], [42.00673016, -87.82245597], [42.00525673, -87.82025575], [42.00433523, -87.8187149], [42.00282576, -87.81631293], [42.00089886, -87.81338582], [41.99990378, -87.81181133], [41.99857986, -87.80954981], [41.99763704, -87.80807885], [41.99699984, -87.80702856], [41.99575593, -87.80487507], [41.99430688, -87.80242516], [41.9934075, -87.80084551], [41.9923675, -87.79916651], [41.99145674, -87.79767551], [41.99015711, -87.7953437], [41.98904707, -87.79339058], [41.98797216, -87.79138247], [41.98687532, -87.78948342], [41.98594775, -87.78782655], [41.98457208, -87.7854026], [41.9829825, -87.78261743], [41.98188479, -87.78053954], [41.9806041, -87.77827715], [41.97920276, -87.77578407], [41.97846483, -87.77442853], [41.97580716, -87.76972305], [41.97400953, -87.76650519], [41.97067755, -87.76337455], [41.96983313, -87.76113466], [41.96972548, -87.76164351]]",,,,
70,70,Division,40.87,41.35,62.5,58.5,,,85.0,82.0,"[[41.89987463, -87.63100838], [41.90090172, -87.63125799], [41.90175186, -87.63131675], [41.90397512, -87.63171859], [41.90392476, -87.63492607], [41.90390511, -87.63656375], [41.90386086, -87.63821375], [41.90383886, -87.64002276], [41.90379155, -87.64351086], [41.90371939, -87.6479957], [41.9036892, -87.65127027], [41.90363682, -87.65405666], [41.90360774, -87.65583895], [41.90358332, -87.65894507], [41.9035135, -87.66248885], [41.90350561, -87.66373728], [41.90345663, -87.66729616], [41.90339092, -87.6703108], [41.90332335, -87.67218554], [41.90327939, -87.6769275], [41.90329, -87.67949866], [41.9031823, -87.68240405], [41.90312972, -87.68504454], [41.90308804, -87.68757232], [41.90300285, -87.68929577], [41.90300285, -87.69169477], [41.90300286, -87.69419577], [41.90299603, -87.69718391], [41.90297993, -87.69942155], [41.9029533, -87.70216247], [41.90299331, -87.70689795], [41.9028892, -87.7090432], [41.90287698, -87.71201392], [41.9028567, -87.71635397], [41.90282056, -87.71860348], [41.90278824, -87.72164417], [41.90274858, -87.72372795], [41.90275266, -87.72610397], [41.90267391, -87.72863021], [41.90266778, -87.73145641], [41.90263539, -87.73357903], [41.90258774, -87.73643928], [41.90254703, -87.73883367], [41.90254494, -87.73980869], [41.90246487, -87.74354045], [41.9024407, -87.74631888], [41.90239115, -87.74834902], [41.90236627, -87.75076434], [41.90230738, -87.75320719], [41.90232547, -87.75599622], [41.90231051, -87.75814142], [41.90224828, -87.7612158], [41.90225906, -87.76364369], [41.90221166, -87.76590027], [41.90224493, -87.76802396], [41.90214392, -87.77042696], [41.90216135, -87.77281107], [41.90180593, -87.77501493]]","[[41.90180593, -87.77501493], [41.90197985, -87.7730478], [41.90201685, -87.77061979], [41.90205285, -87.76819179], [41.90209004, -87.76536845], [41.90210985, -87.76394079], [41.90214085, -87.76104279], [41.90216885, -87.75835179], [41.90219592, -87.75556426], [41.90222185, -87.75342879], [41.90225418, -87.75062121], [41.90229585, -87.74848979], [41.90228179, -87.7455452], [41.9023478, -87.74350334], [41.90242224, -87.7399488], [41.90240185, -87.73869878], [41.90246085, -87.73624478], [41.90249659, -87.73380121], [41.90252826, -87.73101199], [41.90257185, -87.72886778], [41.9025986, -87.72645425], [41.90263285, -87.72397378], [41.90265785, -87.72153878], [41.90266919, -87.71794085], [41.9026894, -87.71631425], [41.90272034, -87.71142828], [41.90276185, -87.70945778], [41.90277443, -87.70666301], [41.90280725, -87.70248596], [41.90284985, -87.69946677], [41.90286843, -87.69674888], [41.90289585, -87.69453277], [41.90295503, -87.69198965], [41.90294368, -87.68964675], [41.90294378, -87.68656709], [41.90300131, -87.68428783], [41.90304285, -87.68197146], [41.90310268, -87.67985074], [41.90311947, -87.67697214], [41.90320275, -87.67209771], [41.90322054, -87.67006099], [41.90324485, -87.66769871], [41.90326894, -87.66595723], [41.90330486, -87.66361858], [41.90340534, -87.6588718], [41.90347969, -87.65423992], [41.90353235, -87.65114468], [41.90358058, -87.64772427], [41.90363372, -87.64369557], [41.90364816, -87.63948429], [41.90376115, -87.63603612], [41.90379289, -87.63466561], [41.90381058, -87.63315034], [41.90384688, -87.63122704], [41.90198386, -87.62999975], [41.89987463, -87.63100838]]",,,,
71,71,71st/South Shore,51.61,51.78,55.5,56.0,,,92.0,91.0,"[[41.76882714, -87.62642649], [41.76537783, -87.62741574], [41.76537984, -87.62440574], [41.76551388, -87.62188711], [41.76556084, -87.62029874], [41.76558984, -87.61867773], [41.76564084, -87.61701273], [41.76563784, -87.61548573], [41.76570317, -87.61265277], [41.76573784, -87.61063273], [41.76574313, -87.60865561], [41.76575584, -87.60473573], [41.76578284, -87.60085373], [41.76582484, -87.59844573], [41.76585984, -87.59604773], [41.76597284, -87.59125873], [41.76589222, -87.58867578], [41.76591653, -87.58554958], [41.76598984, -87.58386872], [41.76602084, -87.58077872], [41.76603984, -87.57828772], [41.76603048, -87.57562893], [41.76604527, -87.57403443], [41.7660673, -87.57152153], [41.76610212, -87.568601], [41.76580784, -87.56664872], [41.76456531, -87.56534663], [41.76281142, -87.5637812], [41.76092937, -87.5621298], [41.75929782, -87.55956776], [41.75978178, -87.55866559], [41.76049622, -87.55724981], [41.75865613, -87.55529695], [41.7569033, -87.55340487], [41.75506764, -87.55142704], [41.75326557, -87.54949063], [41.75208692, -87.54830885], [41.7500469, -87.54808398], [41.74818766, -87.54804472], [41.74638774, -87.54800827], [41.74486596, -87.54797997], [41.74476071, -87.54904465], [41.7447292, -87.55134698], [41.74418643, -87.55227598], [41.74352964, -87.55181747], [41.74108089, -87.55158398], [41.73931548, -87.55154303], [41.72801724, -87.5512858], [41.72679505, -87.55119395], [41.72421835, -87.55122468], [41.72288292, -87.55117198], [41.72101688, -87.55114876], [41.71919303, -87.55112846], [41.71739897, -87.55110906], [41.71553339, -87.55107394], [41.71316923, -87.5511224], [41.71191116, -87.55159765], [41.70981519, -87.55251657], [41.70835783, -87.55307771], [41.70649023, -87.55478269], [41.70648037, -87.55814878], [41.70646513, -87.55946348], [41.70471508, -87.55972313], [41.70285494, -87.55971243], [41.70106765, -87.55968479], [41.69920578, -87.55960319], [41.69784639, -87.55965527], [41.69560635, -87.55961084], [41.69407779, -87.55960147], [41.69290899, -87.55974155]]","[[41.69290899, -87.55974155], [41.69407683, -87.55937671], [41.69553483, -87.55939571], [41.69781705, -87.55940137], [41.69912263, -87.55943451], [41.70098263, -87.55945651], [41.70312636, -87.55951172], [41.70451018, -87.55952926], [41.70621717, -87.55955085], [41.70634177, -87.55908269], [41.70632985, -87.55523394], [41.70811032, -87.55305046], [41.70996892, -87.55219031], [41.71181463, -87.55144646], [41.71328717, -87.55087263], [41.71534245, -87.55085897], [41.71721551, -87.55089721], [41.71905732, -87.55094695], [41.72080687, -87.5509509], [41.72267025, -87.55099276], [41.72426132, -87.55103589], [41.72642603, -87.55099545], [41.73912618, -87.55139078], [41.74125142, -87.55143048], [41.74338825, -87.55165639], [41.74453165, -87.55256649], [41.74460966, -87.55151533], [41.74463656, -87.54913273], [41.74486175, -87.54784624], [41.74670505, -87.54789006], [41.74838526, -87.5479019], [41.7502771, -87.54796949], [41.75224187, -87.54823814], [41.75364026, -87.54974274], [41.75553407, -87.55177877], [41.75729657, -87.55367943], [41.75903283, -87.55554668], [41.76050316, -87.55750518], [41.75995544, -87.55857726], [41.759881, -87.560698], [41.76112924, -87.56182693], [41.76272524, -87.56385589], [41.76268984, -87.56628572], [41.76427284, -87.56642372], [41.76567087, -87.56642611], [41.76637459, -87.56687206], [41.76634904, -87.56966515], [41.76634484, -87.57122372], [41.76632084, -87.57366872], [41.76626841, -87.5766342], [41.76627484, -87.57858872], [41.76624484, -87.58105872], [41.76621284, -87.58414373], [41.76619313, -87.58660758], [41.76618084, -87.58927073], [41.76610784, -87.59076573], [41.76609458, -87.59543958], [41.76595784, -87.59846573], [41.76591996, -87.6007619], [41.76593671, -87.60633935], [41.76591284, -87.60883073], [41.76586584, -87.61026373], [41.76580688, -87.61323895], [41.76578084, -87.61508074], [41.76574284, -87.61666373], [41.76572484, -87.61825274], [41.76566529, -87.62051678], [41.76565084, -87.62146774], [41.76557784, -87.62464774], [41.76882714, -87.62642649]]",,,,
72,72,North,52.2,50.19,76.0,71.0,,,94.0,99.0,"[[41.91402986, -87.62567975], [41.91124235, -87.6320275], [41.91119444, -87.63453312], [41.91123097, -87.63842484], [41.91120497, -87.6407641], [41.91107624, -87.64383664], [41.9110334, -87.64572013], [41.91099645, -87.64851025], [41.91095093, -87.65101951], [41.91087431, -87.6540524], [41.91080525, -87.66062473], [41.9107774, -87.66252845], [41.91070508, -87.66624828], [41.91070614, -87.66799535], [41.91069153, -87.67009975], [41.91062375, -87.67246631], [41.91058852, -87.67509676], [41.91055215, -87.67811477], [41.91054293, -87.67976602], [41.91050474, -87.68223346], [41.91045505, -87.68491426], [41.91039776, -87.68703494], [41.91037535, -87.68953613], [41.91038731, -87.69196898], [41.91036948, -87.69476063], [41.91034496, -87.69727481], [41.91031109, -87.69891452], [41.91028711, -87.70245188], [41.91028019, -87.7044776], [41.91022889, -87.70726105], [41.91018821, -87.70986121], [41.91016277, -87.71232033], [41.91012195, -87.71471738], [41.91008016, -87.71687698], [41.91010238, -87.71885991], [41.91010438, -87.72125891], [41.91002836, -87.72370125], [41.90999648, -87.72670832], [41.90995711, -87.72868003], [41.9099418, -87.73111576], [41.90990044, -87.73391833], [41.90985285, -87.73680778], [41.90981966, -87.73983714], [41.90977586, -87.74330852], [41.90975067, -87.745867], [41.9096982, -87.7491015], [41.90964103, -87.75104355], [41.90965449, -87.75252651], [41.90958722, -87.7561198], [41.90958609, -87.75796589], [41.90951704, -87.76040555], [41.90951872, -87.762835], [41.90949073, -87.7661311], [41.9094635, -87.76781948], [41.9094339, -87.77010949], [41.90939523, -87.77314765], [41.90937271, -87.77509831], [41.90930361, -87.77747584], [41.90931877, -87.78000969], [41.9092872, -87.78156899], [41.90927977, -87.78440626], [41.90922984, -87.78655993], [41.9092072, -87.78844127], [41.90917066, -87.79181556], [41.90910866, -87.79450355], [41.90912418, -87.79711518], [41.90906605, -87.80013274], [41.90904623, -87.80200123], [41.90900991, -87.80372982], [41.90914582, -87.8056297], [41.91056973, -87.80571282], [41.91068885, -87.8041108], [41.90903385, -87.8040158]]","[[41.90903385, -87.8040158], [41.90884724, -87.80129633], [41.90890785, -87.7981088], [41.90897814, -87.79517612], [41.9090038, -87.7924564], [41.90900385, -87.7901028], [41.90900864, -87.78748255], [41.90907058, -87.78511338], [41.90910585, -87.78351072], [41.90911768, -87.78091112], [41.90920084, -87.77821243], [41.90916462, -87.77517773], [41.90917957, -87.77333862], [41.90921511, -87.77086667], [41.9092691, -87.76781071], [41.90927943, -87.76547104], [41.90935385, -87.76318379], [41.90939918, -87.76039076], [41.90940319, -87.75553937], [41.90944254, -87.75276528], [41.90946205, -87.75114843], [41.90949221, -87.74898208], [41.90951871, -87.74637544], [41.90955855, -87.74378138], [41.90962297, -87.73962464], [41.90965385, -87.73650878], [41.90968585, -87.73446878], [41.9097266, -87.73104543], [41.90975637, -87.72868325], [41.90978737, -87.72596678], [41.90980706, -87.7242429], [41.90988785, -87.72176878], [41.90988822, -87.71936989], [41.90993089, -87.71680303], [41.90991631, -87.71452706], [41.90994053, -87.71146177], [41.90998841, -87.70958137], [41.91002318, -87.70665015], [41.91004211, -87.7047561], [41.91007093, -87.70201119], [41.9101033, -87.69893145], [41.91012159, -87.69722928], [41.91019102, -87.69464226], [41.91018314, -87.69175374], [41.91023151, -87.68976133], [41.91021288, -87.68743993], [41.91029451, -87.68486233], [41.9103345, -87.68242733], [41.91036199, -87.68004555], [41.91042118, -87.67767664], [41.91047152, -87.67513974], [41.91050752, -87.67268674], [41.91054352, -87.67025074], [41.91056442, -87.6678835], [41.91057765, -87.66629267], [41.91065828, -87.66165912], [41.91067908, -87.66017384], [41.91077612, -87.65315265], [41.91081917, -87.65084675], [41.91084571, -87.64898165], [41.9109109, -87.645936], [41.91093, -87.64362808], [41.91099355, -87.64082837], [41.91100629, -87.63878333], [41.91103594, -87.63679637], [41.91105777, -87.63487966], [41.91109254, -87.63280464], [41.9114542, -87.63167277], [41.91402986, -87.62567975]]",,,,
73,73,Armitage,36.83,37.47,61.3,58.8,,,71.0,71.0,"[[41.91341686, -87.63286275], [41.915538, -87.63419314], [41.91655608, -87.63480236], [41.91844888, -87.63645191], [41.91838015, -87.63936665], [41.91839488, -87.64113979], [41.91830486, -87.64349376], [41.91826522, -87.64602232], [41.91824014, -87.64836743], [41.91821386, -87.65074376], [41.91821104, -87.65258704], [41.91814009, -87.65566127], [41.91722386, -87.65826876], [41.91714486, -87.65981976], [41.91654386, -87.66633677], [41.91616807, -87.66830173], [41.91611386, -87.67137477], [41.91791886, -87.67263677], [41.91787983, -87.67509237], [41.91783883, -87.67740038], [41.91779141, -87.67999305], [41.91772951, -87.68237314], [41.91770124, -87.68488785], [41.91763882, -87.68769472], [41.91760007, -87.6921768], [41.91758149, -87.69469193], [41.91755366, -87.69738099], [41.91753986, -87.69983988], [41.91749227, -87.7026548], [41.91748173, -87.70511361], [41.91747384, -87.70679411], [41.91744219, -87.70884585], [41.91742572, -87.71014816], [41.91740296, -87.71218756], [41.91736792, -87.71505598], [41.91734745, -87.71667227], [41.91731878, -87.71910708], [41.91732844, -87.72041036], [41.91727145, -87.72318867], [41.91726132, -87.72428584], [41.91723726, -87.72638649], [41.91719899, -87.72880819], [41.91717155, -87.73134779], [41.91715827, -87.73374754], [41.91711725, -87.73617799], [41.91709102, -87.73862987], [41.91707202, -87.73986387], [41.91705829, -87.74184251], [41.91703273, -87.74361799], [41.91701349, -87.74592091], [41.91698912, -87.74737024], [41.91695961, -87.74973788], [41.91694383, -87.75085186], [41.91691342, -87.75328486], [41.91707882, -87.75626788], [41.91735105, -87.75754652]]","[[41.91735105, -87.75754652], [41.91690181, -87.75609452], [41.91679635, -87.75238464], [41.91681385, -87.75102679], [41.91683485, -87.74955179], [41.91686185, -87.74749479], [41.91687109, -87.74630895], [41.91690885, -87.74379779], [41.91693513, -87.74180442], [41.91695385, -87.74010079], [41.91696885, -87.73888379], [41.91699835, -87.73601225], [41.91701885, -87.73399878], [41.91704786, -87.73156278], [41.91707786, -87.72911278], [41.91711385, -87.72675975], [41.91714626, -87.72433501], [41.91712175, -87.72174076], [41.91720145, -87.71933016], [41.91725365, -87.71681255], [41.91725517, -87.714944], [41.91729367, -87.7120474], [41.91730786, -87.71037378], [41.91733074, -87.70877367], [41.91735629, -87.70649367], [41.91735926, -87.70538421], [41.91739935, -87.70160291], [41.91741486, -87.69943077], [41.91744098, -87.69696682], [41.91745486, -87.69488577], [41.91747797, -87.69242534], [41.91751511, -87.68868798], [41.91750741, -87.68717495], [41.91755311, -87.68507361], [41.91759678, -87.68260984], [41.91763866, -87.6801943], [41.91770111, -87.6773204], [41.91774004, -87.67529368], [41.91778504, -87.67286368], [41.91780855, -87.67168539], [41.91600505, -87.67134394], [41.9160256, -87.66813424], [41.91635927, -87.66648276], [41.91700352, -87.66313773], [41.91705252, -87.66015873], [41.91751286, -87.65813676], [41.91801366, -87.65542764], [41.91804401, -87.65257729], [41.91806366, -87.65108085], [41.9181151, -87.64868105], [41.9181851, -87.6461421], [41.9182111, -87.6437181], [41.91818739, -87.64132316], [41.91826361, -87.63900198], [41.91837617, -87.63627052], [41.9167207, -87.63516946], [41.91490086, -87.63404808], [41.91261175, -87.63332563], [41.91109254, -87.63280464], [41.9114542, -87.63167277]]",,,,
74,74,Fullerton,41.89,46.39,65.0,66.0,,,92.0,109.0,"[[41.92552247, -87.64943333], [41.92546369, -87.65277662], [41.92542, -87.65586909], [41.92537986, -87.65834376], [41.92533386, -87.66027776], [41.92528883, -87.6635251], [41.92525995, -87.66609808], [41.92523606, -87.66854258], [41.92519432, -87.672669], [41.92515979, -87.67612442], [41.92511687, -87.67817679], [41.92498164, -87.68512482], [41.92499797, -87.68802922], [41.92496689, -87.68999633], [41.9249692, -87.69237973], [41.92490167, -87.69485963], [41.92492559, -87.69726357], [41.92488039, -87.70087037], [41.92482724, -87.70440965], [41.92486429, -87.70764902], [41.92477659, -87.71055245], [41.92479423, -87.71187335], [41.924709, -87.7142355], [41.92469324, -87.71686966], [41.92469323, -87.71936867], [41.92465896, -87.72190855], [41.92457902, -87.7242038], [41.92460499, -87.72659582], [41.92452018, -87.72911032], [41.9245344, -87.73154575], [41.92453539, -87.73281376], [41.92447166, -87.73395814], [41.92446448, -87.73648398], [41.92442698, -87.73891985], [41.92438876, -87.74128923], [41.9243588, -87.7437078], [41.92435611, -87.74660509], [41.92426881, -87.7486529], [41.92427871, -87.75160271], [41.92422597, -87.75351703], [41.92419465, -87.75594439], [41.92415264, -87.7585794], [41.92413821, -87.76098806], [41.92407495, -87.76341886], [41.92409923, -87.76630322], [41.92407694, -87.76822188], [41.92399179, -87.77112894], [41.92390936, -87.77353714], [41.92394548, -87.77559441], [41.92387138, -87.77804838], [41.92381489, -87.78086394], [41.92382556, -87.78285847], [41.92379671, -87.7852903], [41.9237826, -87.7870086], [41.92370963, -87.79031349], [41.92370555, -87.79269284], [41.92367415, -87.79544125], [41.92367135, -87.79751132], [41.92360689, -87.80052154], [41.92385977, -87.8019919]]","[[41.92385977, -87.8019919], [41.92350485, -87.8008568], [41.92351985, -87.7990238], [41.92353385, -87.7971948], [41.92352604, -87.79541961], [41.92355606, -87.79219364], [41.92358065, -87.79074103], [41.92361783, -87.78686275], [41.92357382, -87.7855991], [41.92365103, -87.78309104], [41.92371336, -87.78038377], [41.92376883, -87.77796736], [41.92378149, -87.77542517], [41.9237652, -87.77335666], [41.92382935, -87.77096266], [41.92388697, -87.76804264], [41.92388175, -87.7657474], [41.92395485, -87.76362679], [41.92397346, -87.76086193], [41.92401685, -87.75871179], [41.92404985, -87.75623979], [41.92405979, -87.75380526], [41.92409368, -87.75133177], [41.92408487, -87.74886441], [41.92412034, -87.74650105], [41.92415087, -87.74397941], [41.92425086, -87.74161779], [41.92426002, -87.73909321], [41.92431486, -87.73668279], [41.92434486, -87.73423079], [41.92435986, -87.73300779], [41.92437486, -87.73178178], [41.92440086, -87.72934278], [41.92436138, -87.72696266], [41.92439488, -87.72441268], [41.92442288, -87.72198168], [41.92445188, -87.71953568], [41.92448088, -87.71708068], [41.92450288, -87.71465969], [41.92455059, -87.71227429], [41.92462986, -87.71088178], [41.92462568, -87.70765251], [41.92468786, -87.70475178], [41.92470986, -87.70242778], [41.92470996, -87.69996577], [41.92470593, -87.69756791], [41.92474133, -87.69544241], [41.92478096, -87.6924083], [41.92480191, -87.69016349], [41.9248138, -87.68782397], [41.9248402, -87.68526325], [41.92495772, -87.67751498], [41.92503479, -87.67279628], [41.92506032, -87.66939611], [41.92509117, -87.66784132], [41.92512113, -87.66557485], [41.92515962, -87.66294977], [41.92517326, -87.6610923], [41.92526813, -87.65861712], [41.92530713, -87.65608212], [41.92533013, -87.65282847], [41.92538902, -87.64897269], [41.92370886, -87.64878276], [41.9217712, -87.64843715], [41.92180958, -87.6462096], [41.92221756, -87.64411368], [41.92359694, -87.64591594], [41.92552247, -87.64943333]]",,,,
75,75,74th/75th,41.74,41.2,51.0,51.5,,,83.0,80.0,"[[41.76149484, -87.55571572], [41.76050316, -87.55750518], [41.75995544, -87.55857726], [41.75912042, -87.56148861], [41.75909159, -87.56302112], [41.75907357, -87.56462228], [41.75905291, -87.56626298], [41.75902401, -87.56872144], [41.75899869, -87.57114673], [41.75896996, -87.57353351], [41.75894258, -87.57602427], [41.75894886, -87.57731419], [41.75890039, -87.57979255], [41.75890113, -87.58101482], [41.75886633, -87.58333381], [41.75883168, -87.58556738], [41.75884731, -87.58652379], [41.75882444, -87.58827866], [41.7587986, -87.59111804], [41.75878338, -87.59311677], [41.7587621, -87.59639653], [41.75873472, -87.59789326], [41.7587149, -87.60041268], [41.75869157, -87.60280306], [41.758666, -87.6052156], [41.75860009, -87.60769154], [41.75856404, -87.61010627], [41.75852013, -87.61255753], [41.75847659, -87.6153709], [41.75843022, -87.61841096], [41.75838935, -87.61984921], [41.75838045, -87.62140019], [41.75831083, -87.62449774], [41.75792277, -87.62643796], [41.75657283, -87.62637574], [41.75474583, -87.62627874], [41.75288218, -87.62599968], [41.75090421, -87.62540984], [41.75146466, -87.62449289], [41.75262783, -87.62455374], [41.75486817, -87.62457667], [41.75627483, -87.62461574], [41.75826915, -87.62671036], [41.75825078, -87.62793309], [41.75822354, -87.62953131], [41.75819938, -87.63166966], [41.75814118, -87.63442225], [41.75812643, -87.63558533], [41.75981269, -87.63567984], [41.75991282, -87.63742977], [41.75989348, -87.6386549], [41.75986131, -87.64046546], [41.75984231, -87.64174498], [41.75982288, -87.64412844], [41.75976838, -87.64653734], [41.75970649, -87.64890816], [41.75970675, -87.65135356], [41.75925775, -87.65405993], [41.75762935, -87.65401077], [41.75617674, -87.65398837], [41.75597772, -87.65780204], [41.75958202, -87.65921088], [41.75956258, -87.66031257], [41.75951893, -87.66346063], [41.75947374, -87.66595494], [41.75947485, -87.66847359], [41.75942572, -87.67075242], [41.75939883, -87.67324489], [41.7595316, -87.67375939]]","[[41.7595316, -87.67375939], [41.75920583, -87.67307612], [41.75927443, -87.67071515], [41.75931783, -87.66854475], [41.75935183, -87.66611075], [41.75940129, -87.66385312], [41.75942883, -87.66039675], [41.75944583, -87.65892875], [41.75583942, -87.65861921], [41.7565273, -87.65379117], [41.75749874, -87.6538449], [41.75949083, -87.65387174], [41.75955383, -87.65159974], [41.75959483, -87.64921374], [41.75961883, -87.64677974], [41.75968224, -87.64442515], [41.75973583, -87.64190474], [41.75972798, -87.64078621], [41.75978572, -87.63864857], [41.75982251, -87.63592688], [41.75798783, -87.63453274], [41.75806704, -87.63165907], [41.75810133, -87.62972701], [41.75810383, -87.62806874], [41.75805383, -87.62659874], [41.75657283, -87.62637574], [41.75474583, -87.62627874], [41.75288218, -87.62599968], [41.75090421, -87.62540984], [41.75146466, -87.62449289], [41.75262783, -87.62455374], [41.75486817, -87.62457667], [41.75627483, -87.62461574], [41.75801083, -87.62466074], [41.75820883, -87.62163974], [41.75827011, -87.62002679], [41.75829961, -87.61839661], [41.75835259, -87.61485327], [41.75840017, -87.61277068], [41.75840065, -87.61039418], [41.75846613, -87.60797535], [41.75851864, -87.60562969], [41.75852882, -87.60305415], [41.75855882, -87.60065415], [41.75855484, -87.59823773], [41.75864061, -87.59575146], [41.75863667, -87.5933457], [41.75865934, -87.59092389], [41.75867684, -87.58849573], [41.75870029, -87.58629981], [41.75872325, -87.58542876], [41.75874018, -87.5835754], [41.75872013, -87.58106328], [41.75877306, -87.57926986], [41.75878634, -87.57749743], [41.75882436, -87.57635407], [41.75882584, -87.5738252], [41.75886901, -87.57134008], [41.75890584, -87.56893772], [41.75893084, -87.56644772], [41.75895484, -87.56523772], [41.75897155, -87.56284523], [41.75900038, -87.56131273], [41.75978178, -87.55866559], [41.76049622, -87.55724981], [41.76149484, -87.55571572]]",,,,
76,76,Diversey,50.14,48.94,77.5,69.5,,,78.0,70.0,"[[41.9270932, -87.634701], [41.93296856, -87.63963574], [41.93290325, -87.64261294], [41.93285672, -87.64532621], [41.93282313, -87.64686103], [41.93278639, -87.64929536], [41.93275376, -87.65132026], [41.93272235, -87.6529671], [41.93265772, -87.65643517], [41.93261663, -87.65937362], [41.93260417, -87.66095999], [41.93257205, -87.66365359], [41.9324998, -87.66612442], [41.93247496, -87.66861916], [41.9324054, -87.67083949], [41.93240231, -87.67350298], [41.93239156, -87.67555598], [41.93235309, -87.67868908], [41.93226826, -87.68075643], [41.93228939, -87.68413764], [41.93229756, -87.685342], [41.93224507, -87.68838751], [41.9322217, -87.69027542], [41.93220629, -87.69309997], [41.93217484, -87.69774179], [41.93214074, -87.69987552], [41.9320899, -87.7023978], [41.9320889, -87.7047978], [41.93184586, -87.70749478], [41.92953588, -87.70757476], [41.93209403, -87.70775315], [41.9321062, -87.70976127], [41.93203708, -87.7128435], [41.93202785, -87.71490751], [41.93193976, -87.71699348], [41.93192484, -87.71939652], [41.93192483, -87.72179953], [41.93189083, -87.72428454], [41.93187311, -87.72677575], [41.93179465, -87.72936635], [41.931778, -87.73287832], [41.93177793, -87.73420294], [41.93177792, -87.73670195], [41.93177692, -87.73920096], [41.93166166, -87.74287938], [41.93163743, -87.74402158], [41.93161518, -87.74690668], [41.93156728, -87.74891877], [41.93156952, -87.75136723], [41.93152939, -87.75380852], [41.93145986, -87.75630319], [41.93142838, -87.75881055], [41.9314296, -87.76125608], [41.93137983, -87.76370207], [41.9313563, -87.76610942], [41.93137881, -87.76860409], [41.93129471, -87.77097809], [41.93125205, -87.77336376], [41.93123638, -87.7758352], [41.93117977, -87.77830014], [41.93114176, -87.78076913], [41.93110605, -87.78315654], [41.93108104, -87.78556706], [41.9310284, -87.78805633], [41.93102875, -87.79052882], [41.93097421, -87.79288826], [41.93094397, -87.79534517], [41.93094397, -87.79654318], [41.93087682, -87.79905682], [41.93090094, -87.80084104], [41.93087742, -87.80277428], [41.93087788, -87.80570067], [41.93106816, -87.80532156]]","[[41.93106816, -87.80532156], [41.93074485, -87.80293681], [41.93076585, -87.80109581], [41.93078685, -87.7992578], [41.93081485, -87.7968048], [41.93082885, -87.7955778], [41.93085685, -87.7931388], [41.93087917, -87.79073663], [41.93091185, -87.7882328], [41.93091169, -87.78588896], [41.93097585, -87.7833608], [41.9310223, -87.78066132], [41.93105982, -87.77812538], [41.93108495, -87.77563099], [41.93109207, -87.77357753], [41.93112807, -87.77114753], [41.93121405, -87.76871408], [41.93121652, -87.76638319], [41.93121418, -87.76384545], [41.93128986, -87.76143479], [41.93132186, -87.75896879], [41.93135286, -87.75651979], [41.93138486, -87.75406079], [41.93141686, -87.75160679], [41.93144886, -87.74915779], [41.93147097, -87.7467937], [41.93152518, -87.7432665], [41.93155078, -87.74065304], [41.93157286, -87.73935579], [41.93160286, -87.73692679], [41.93163686, -87.73445579], [41.93163441, -87.73302358], [41.93167577, -87.72949205], [41.93172433, -87.72714477], [41.93174965, -87.72451358], [41.93179151, -87.72219454], [41.93182051, -87.71974654], [41.93185179, -87.71688412], [41.93188166, -87.71483048], [41.93172422, -87.7118721], [41.93099947, -87.71068428], [41.92988691, -87.70772579], [41.93194086, -87.70734678], [41.93198886, -87.70508278], [41.93200786, -87.70262578], [41.93202686, -87.70019778], [41.93203086, -87.69771977], [41.93206966, -87.69289895], [41.93209669, -87.69042109], [41.93211834, -87.6872599], [41.93218001, -87.68552062], [41.93211301, -87.68402259], [41.93221743, -87.68061143], [41.93219946, -87.67775616], [41.9322678, -87.67586943], [41.93227211, -87.67349764], [41.93231718, -87.67075809], [41.93233901, -87.6685747], [41.93238493, -87.66587556], [41.93242393, -87.66345856], [41.93246493, -87.66137556], [41.93251063, -87.65820929], [41.93257866, -87.65647268], [41.93258632, -87.65362696], [41.93265466, -87.65129168], [41.93267077, -87.64875671], [41.93272326, -87.64641457], [41.93274705, -87.64503729], [41.93280074, -87.64262923], [41.93283038, -87.64106092], [41.93285208, -87.63962687], [41.9270932, -87.634701]]",,,,
77,77,Belmont,57.64,55.74,83.5,79.0,,,119.0,120.0,"[[41.9340008, -87.63655255], [41.93311655, -87.63918003], [41.93450366, -87.63926562], [41.93576986, -87.63933276], [41.93676486, -87.63936476], [41.93788934, -87.63940466], [41.93870211, -87.63943264], [41.94018454, -87.63991532], [41.94014247, -87.64187708], [41.94011989, -87.64429106], [41.94011361, -87.64702261], [41.94005814, -87.64913468], [41.94002921, -87.65108108], [41.93997516, -87.65337745], [41.93994193, -87.65668798], [41.93990784, -87.65923187], [41.9398827, -87.66123959], [41.93983703, -87.6641252], [41.93982267, -87.6664128], [41.93975373, -87.66913293], [41.93973235, -87.67100895], [41.9396985, -87.67377502], [41.93967086, -87.67573411], [41.93964701, -87.67870854], [41.93962406, -87.68102384], [41.93957847, -87.68354686], [41.93955277, -87.68552555], [41.93955533, -87.68849068], [41.93953376, -87.69045055], [41.93950018, -87.69506918], [41.93950018, -87.69767219], [41.93945892, -87.700099], [41.93944131, -87.70307547], [41.93940362, -87.70531267], [41.93940266, -87.70755021], [41.93940386, -87.70987637], [41.93904851, -87.71220153], [41.93930384, -87.71521203], [41.93927613, -87.71787146], [41.93923372, -87.72097635], [41.93922638, -87.72376353], [41.93917641, -87.72738976], [41.93913616, -87.72980176], [41.93910939, -87.7323026], [41.9390667, -87.73449248], [41.93903942, -87.73693612], [41.93898687, -87.73939582], [41.9389382, -87.74379709], [41.93890003, -87.74720434], [41.93884878, -87.74919625], [41.93883289, -87.75169194], [41.93880393, -87.75413266], [41.93877947, -87.75650206], [41.93874392, -87.75906129], [41.93873015, -87.76145063], [41.9387018, -87.7639292], [41.93864775, -87.76678245], [41.93860251, -87.76886613], [41.93858334, -87.77127399], [41.93854514, -87.77500835], [41.93853338, -87.77606939], [41.93848837, -87.7785584], [41.93841435, -87.78101319], [41.9384054, -87.78343941], [41.93838926, -87.78630223], [41.93831546, -87.78839234], [41.93830245, -87.79081035], [41.93828544, -87.79319936], [41.93825219, -87.79558687], [41.93819497, -87.79804836], [41.93813911, -87.80158376], [41.93810449, -87.80414248], [41.93807632, -87.80647601], [41.93801296, -87.80902795], [41.93803281, -87.81114428], [41.93800963, -87.81397626], [41.93802156, -87.8163926], [41.93800703, -87.81920755], [41.93794241, -87.82130749], [41.93789851, -87.82374926], [41.93783022, -87.82620216], [41.93777522, -87.82871316], [41.93774932, -87.83104443], [41.93766852, -87.83354923], [41.93767475, -87.83474392], [41.93727458, -87.83554395]]","[[41.93727458, -87.83554395], [41.93759657, -87.83341978], [41.93764056, -87.83112578], [41.93768656, -87.82856178], [41.93769997, -87.82639511], [41.93771797, -87.82391638], [41.93776997, -87.82148038], [41.93782097, -87.81904138], [41.93784497, -87.81659139], [41.93792285, -87.81419181], [41.93793585, -87.81174181], [41.93790505, -87.8089434], [41.93793311, -87.80695871], [41.93797985, -87.80435981], [41.9380302, -87.80084869], [41.93806785, -87.79822581], [41.93810385, -87.7958028], [41.93814386, -87.7933788], [41.93820628, -87.79084241], [41.93824528, -87.78851341], [41.93825919, -87.78565831], [41.93830018, -87.78355979], [41.93833118, -87.78114079], [41.93839617, -87.7787155], [41.93839317, -87.77598844], [41.9384145, -87.77471635], [41.93846168, -87.77113316], [41.93845529, -87.76901685], [41.93851878, -87.76624933], [41.93855275, -87.76387296], [41.93858873, -87.7613608], [41.93856051, -87.75924672], [41.93865446, -87.75637528], [41.93867686, -87.75435079], [41.93871586, -87.75151027], [41.9387461, -87.74904912], [41.93877242, -87.74657113], [41.93881334, -87.74329901], [41.93883716, -87.73964585], [41.93889686, -87.73647062], [41.93893887, -87.73416732], [41.93893342, -87.73175406], [41.93890482, -87.7297172], [41.93903786, -87.72733578], [41.93906939, -87.72398978], [41.93911577, -87.72026836], [41.93915639, -87.71746677], [41.93922318, -87.71516905], [41.93921726, -87.71218857], [41.9392513, -87.71005936], [41.93927286, -87.70778478], [41.93929186, -87.70530078], [41.93930365, -87.70244747], [41.93930184, -87.70042064], [41.93933686, -87.69758278], [41.9393938, -87.69542819], [41.93942181, -87.69073919], [41.93939541, -87.68764413], [41.93943541, -87.68530361], [41.93947141, -87.68289447], [41.93948351, -87.68044691], [41.93951776, -87.67800424], [41.93955596, -87.67564664], [41.93958668, -87.67393001], [41.9396176, -87.67121369], [41.93965062, -87.66826154], [41.93968346, -87.66589632], [41.93969143, -87.66367767], [41.93966815, -87.66125618], [41.93977222, -87.65910863], [41.93980797, -87.65636199], [41.93987796, -87.65306818], [41.93991836, -87.65029829], [41.93996133, -87.64693015], [41.93999866, -87.64406545], [41.94002233, -87.64207215], [41.94005697, -87.63977817], [41.93887796, -87.63800024], [41.9378548, -87.63741078], [41.93670076, -87.63694184], [41.93570628, -87.63684586], [41.9340008, -87.63655255]]",,,,
78,78,Montrose,50.1,49.42,82.0,68.5,,,68.0,66.0,"[[41.96489718, -87.63921876], [41.9619709, -87.64720722], [41.96190636, -87.6498136], [41.96187773, -87.65221551], [41.96184946, -87.65463638], [41.96405422, -87.65649226], [41.9654608, -87.65817007], [41.96540651, -87.66120935], [41.96535874, -87.66403519], [41.96503652, -87.66677939], [41.96354387, -87.66641577], [41.96175205, -87.66608601], [41.96166339, -87.66959351], [41.96160287, -87.67219377], [41.96160287, -87.67369477], [41.96156568, -87.67516052], [41.96153894, -87.6773795], [41.96154194, -87.67924302], [41.96147928, -87.68210309], [41.96144885, -87.68431675], [41.96140586, -87.68630677], [41.96139405, -87.68850725], [41.96135839, -87.69149721], [41.96134648, -87.69392849], [41.96130875, -87.69835994], [41.96130875, -87.70076095], [41.96128005, -87.70363412], [41.96126786, -87.70568164], [41.96126474, -87.70811766], [41.96121988, -87.71058712], [41.96119004, -87.71293202], [41.96116714, -87.71540883], [41.96113292, -87.71831895], [41.96111631, -87.7203692], [41.96108172, -87.72283152], [41.96104014, -87.72520102], [41.96102397, -87.72771067], [41.96100668, -87.72957277], [41.96097134, -87.73265888], [41.96093872, -87.73557333], [41.96088772, -87.73831194], [41.96086215, -87.74117342], [41.96088246, -87.74284864], [41.96079993, -87.74509037], [41.9608024, -87.74791479], [41.96075686, -87.74981879], [41.96071177, -87.75228106], [41.96069886, -87.75434779], [41.96067774, -87.75727846], [41.96064263, -87.759756], [41.96064362, -87.76215701], [41.96064261, -87.76465702], [41.96055771, -87.76755739], [41.96051693, -87.76957289], [41.96048725, -87.77201048], [41.96042647, -87.77443444], [41.960428, -87.77684348], [41.960378, -87.77934987], [41.96034797, -87.7818463], [41.96031888, -87.78426003], [41.96033174, -87.78564843], [41.96031868, -87.78696526], [41.96024006, -87.79027346], [41.96021391, -87.79376047], [41.95920118, -87.79639434], [41.95870974, -87.79752706], [41.95726708, -87.80030371], [41.95595613, -87.80312946], [41.95410751, -87.80701917], [41.95325979, -87.80886318]]","[[41.95325979, -87.80886318], [41.95368989, -87.80719745], [41.95421034, -87.80635336], [41.95566632, -87.80327529], [41.95716797, -87.80020541], [41.95843865, -87.79734576], [41.95894075, -87.7964605], [41.95992048, -87.79430678], [41.96003645, -87.79059302], [41.96015946, -87.78700751], [41.96019686, -87.7844778], [41.96022986, -87.7820398], [41.96026286, -87.7795968], [41.96029686, -87.7771338], [41.96032886, -87.7746978], [41.96036186, -87.7722578], [41.96039486, -87.7698078], [41.96042463, -87.76688031], [41.96045486, -87.7645358], [41.96048786, -87.7624218], [41.96051886, -87.7599538], [41.96054586, -87.7574938], [41.96057186, -87.75463079], [41.96060186, -87.75251379], [41.96063686, -87.75007579], [41.96065561, -87.74772491], [41.96068186, -87.74518579], [41.96072222, -87.74266694], [41.96072228, -87.74118614], [41.96074867, -87.73856041], [41.96079657, -87.73572069], [41.96082566, -87.73279321], [41.96087786, -87.72981479], [41.96088351, -87.72795948], [41.96092886, -87.72548779], [41.96095886, -87.72303879], [41.96098886, -87.72059378], [41.96101784, -87.71817494], [41.96105386, -87.71569478], [41.96107886, -87.71325078], [41.96110786, -87.71080978], [41.96113786, -87.70835678], [41.96115386, -87.70591978], [41.96116263, -87.7034603], [41.9611825, -87.70102823], [41.96120261, -87.69801667], [41.96123071, -87.69336387], [41.96124286, -87.69192078], [41.96126836, -87.68831734], [41.96129586, -87.68637377], [41.96134154, -87.68350937], [41.96136487, -87.68151777], [41.96138538, -87.67881044], [41.96141987, -87.67760377], [41.96144716, -87.67516177], [41.96149687, -87.67228593], [41.96153391, -87.66895908], [41.96183032, -87.66591446], [41.96337887, -87.66626977], [41.96518338, -87.66663072], [41.96527087, -87.66371029], [41.96530063, -87.66082788], [41.96533444, -87.65781334], [41.96537587, -87.65454976], [41.96540787, -87.65216477], [41.96544444, -87.6501549], [41.96544345, -87.64874685], [41.96489718, -87.63921876]]",,,,
79,79,79th,61.23,61.89,77.5,81.5,,,141.0,146.0,"[[41.75188284, -87.54491571], [41.7520299, -87.54861928], [41.75200572, -87.55011963], [41.75196978, -87.55291451], [41.75193489, -87.55567513], [41.75189733, -87.55896736], [41.75186029, -87.56129162], [41.7518319, -87.56494368], [41.75180068, -87.56642041], [41.75177632, -87.56858866], [41.75172716, -87.57102791], [41.75172708, -87.57338365], [41.75168304, -87.57587616], [41.7516291, -87.57828466], [41.75161202, -87.58077302], [41.75158054, -87.58321367], [41.7515848, -87.58467106], [41.7515726, -87.58638901], [41.75152403, -87.58872651], [41.75150384, -87.59052701], [41.75149082, -87.59174701], [41.75148136, -87.59296862], [41.75145331, -87.59539123], [41.75143485, -87.59808838], [41.75140507, -87.60023152], [41.75137181, -87.60264274], [41.75136473, -87.6050574], [41.75130506, -87.60787575], [41.75125783, -87.60989873], [41.75119715, -87.61276898], [41.75119689, -87.61482016], [41.75112083, -87.61791773], [41.75105431, -87.62172151], [41.75111783, -87.62520573], [41.75107583, -87.62611574], [41.75097194, -87.62728488], [41.75093894, -87.6298359], [41.75088283, -87.63185374], [41.75085983, -87.63396074], [41.75081529, -87.63665144], [41.75076424, -87.6402895], [41.75075049, -87.64150687], [41.7507089, -87.64430821], [41.75067283, -87.64627374], [41.75064542, -87.64878169], [41.75059639, -87.6512032], [41.75057147, -87.65399327], [41.75054667, -87.65615858], [41.75050185, -87.65844006], [41.75047144, -87.66094489], [41.75043279, -87.66324186], [41.75046206, -87.66576131], [41.75037105, -87.66848297], [41.75033446, -87.67057011], [41.7503046, -87.67299117], [41.75026083, -87.67539775], [41.75024583, -87.67662075], [41.75017583, -87.68067875], [41.75069428, -87.68263794], [41.75020783, -87.68261775], [41.75018483, -87.68510375], [41.75011983, -87.68876375], [41.75010384, -87.69012488], [41.75002283, -87.69245276], [41.74998083, -87.69495576], [41.74994283, -87.69763776], [41.74991083, -87.69981276], [41.74988627, -87.70224609], [41.7499104, -87.70302394], [41.74987483, -87.70465776], [41.74984583, -87.70708876], [41.74980483, -87.70950376], [41.74977583, -87.71168876], [41.74973949, -87.71385912], [41.74970098, -87.71689107], [41.74965598, -87.72015507], [41.74962598, -87.72167307], [41.74957592, -87.72453177], [41.74951783, -87.72757077], [41.74945483, -87.73142077], [41.74940083, -87.73390877], [41.74935653, -87.73635357], [41.74931205, -87.73879997], [41.74925242, -87.74101272], [41.75090671, -87.741235], [41.75417646, -87.74133623], [41.75423237, -87.7337244], [41.75843525, -87.73241568]]","[[41.75843525, -87.73241568], [41.75782461, -87.73257519], [41.75434927, -87.7339332], [41.75410622, -87.74167851], [41.75187278, -87.74161576], [41.74906993, -87.74102231], [41.74909391, -87.73922113], [41.7491189, -87.73723293], [41.74918083, -87.73434077], [41.74923417, -87.73127005], [41.74930371, -87.72739784], [41.74937283, -87.72443876], [41.7494042, -87.72150543], [41.74943672, -87.71959764], [41.74948559, -87.71714778], [41.7495251, -87.714617], [41.74956966, -87.71172794], [41.74958563, -87.7098122], [41.74962781, -87.70741813], [41.74968492, -87.70392765], [41.74971653, -87.70257201], [41.74975845, -87.69999893], [41.74977201, -87.69762556], [41.74979401, -87.69515056], [41.74982658, -87.69265922], [41.74987501, -87.69025293], [41.74994083, -87.68915076], [41.74998583, -87.68550575], [41.7509229, -87.68209784], [41.75004283, -87.68065575], [41.75016218, -87.67683735], [41.75013794, -87.67568246], [41.75017705, -87.67326772], [41.75021301, -87.67089588], [41.75021413, -87.6696141], [41.75024909, -87.66833301], [41.75028109, -87.66592001], [41.75029715, -87.66364774], [41.75032642, -87.66105874], [41.75036976, -87.65834573], [41.75036734, -87.6562998], [41.75043518, -87.65387887], [41.75048507, -87.65112281], [41.75051481, -87.64862007], [41.75054791, -87.64654508], [41.75058375, -87.64419361], [41.75063402, -87.64141573], [41.75069007, -87.63693991], [41.75071728, -87.63446284], [41.75079083, -87.63205874], [41.75080783, -87.63009774], [41.75085313, -87.62716233], [41.75090636, -87.62494668], [41.75092769, -87.62147755], [41.75099881, -87.61822807], [41.7510622, -87.61465256], [41.75112283, -87.61268573], [41.75116483, -87.61024073], [41.75121083, -87.60784073], [41.75122065, -87.60547211], [41.7512753, -87.6028196], [41.75126598, -87.60047048], [41.75129829, -87.59801611], [41.75132927, -87.5955963], [41.75131493, -87.59314529], [41.75137451, -87.59194119], [41.75138576, -87.5907299], [41.75139681, -87.58860763], [41.7514379, -87.58620516], [41.75143547, -87.58490199], [41.75148483, -87.58304072], [41.75149983, -87.58089572], [41.75153283, -87.57860572], [41.75154049, -87.57579027], [41.75160583, -87.57369572], [41.75162284, -87.57133872], [41.75165484, -87.56881272], [41.75167084, -87.56639272], [41.75171601, -87.56485732], [41.75174854, -87.56119864], [41.75178084, -87.55910372], [41.75182265, -87.55637131], [41.75186084, -87.55308571], [41.75190356, -87.55016438], [41.75192967, -87.54833358], [41.75188284, -87.54491571]]",,,,
80,80,Irving Park,50.64,55.27,72.5,74.0,,,83.0,80.0,"[[41.9546071, -87.65200944], [41.95456767, -87.65434884], [41.95453113, -87.65644015], [41.95446084, -87.66207857], [41.95442592, -87.66467643], [41.95436938, -87.66880132], [41.95435975, -87.67250371], [41.95430446, -87.67492179], [41.95428313, -87.6785849], [41.95420486, -87.68099477], [41.95421455, -87.68380051], [41.95417015, -87.68594425], [41.95414169, -87.68822999], [41.95410141, -87.69107282], [41.95411341, -87.69306917], [41.95409922, -87.69619744], [41.95408812, -87.69805267], [41.95407779, -87.69938323], [41.95407679, -87.70058523], [41.95406639, -87.70304207], [41.95405256, -87.70546817], [41.95404199, -87.70790011], [41.95400968, -87.71034768], [41.95397615, -87.71279781], [41.95392454, -87.71524568], [41.95388607, -87.71897083], [41.95385306, -87.72132563], [41.9538224, -87.72255685], [41.95380419, -87.72509406], [41.95375785, -87.72796955], [41.95375355, -87.72904523], [41.953735, -87.73113816], [41.95370663, -87.73284764], [41.95368224, -87.73386743], [41.95367662, -87.73566725], [41.95363247, -87.7383574], [41.95361008, -87.74042668], [41.95354666, -87.74486562], [41.95353047, -87.74709164], [41.95349617, -87.74981519], [41.95344766, -87.75210185], [41.95343518, -87.7545966], [41.95340624, -87.75736068], [41.95337781, -87.75949001], [41.95334846, -87.76192339], [41.9532637, -87.76458768], [41.95329545, -87.76686049], [41.95326058, -87.76935971], [41.9532292, -87.77179796], [41.95319845, -87.77424701], [41.95316275, -87.77664812], [41.95306034, -87.77911136], [41.95306245, -87.78159386], [41.95303391, -87.78397653], [41.9529992, -87.78638713], [41.95297386, -87.78881179], [41.9529232, -87.79076866], [41.95285318, -87.79371943], [41.9528177, -87.79610501], [41.95281157, -87.79863624], [41.95280805, -87.8010515], [41.95282196, -87.80347282], [41.95284624, -87.80708463], [41.95280855, -87.80916685], [41.95273698, -87.8120841], [41.95267918, -87.81448737], [41.95262269, -87.81697108], [41.95255453, -87.81937597], [41.95249281, -87.82169432], [41.95244213, -87.82360844], [41.95240613, -87.82678224], [41.95230333, -87.82927044], [41.95223603, -87.83165114], [41.95218752, -87.83412677], [41.95214444, -87.83649894], [41.95223084, -87.83754062]]","[[41.95223084, -87.83754062], [41.95196252, -87.83642333], [41.95202813, -87.83439079], [41.9521082, -87.83189992], [41.95216814, -87.82944593], [41.95223224, -87.8270572], [41.95229574, -87.82372142], [41.95235278, -87.8221211], [41.95243016, -87.81948927], [41.95246437, -87.81723658], [41.95252365, -87.81476987], [41.95263017, -87.81048717], [41.95269829, -87.80687368], [41.9527052, -87.80370162], [41.95268486, -87.80127581], [41.95268386, -87.79885981], [41.95268386, -87.79638281], [41.95272786, -87.7939308], [41.95277683, -87.79102238], [41.95281169, -87.7893529], [41.95285544, -87.78625486], [41.9528988, -87.78369507], [41.95291986, -87.7818278], [41.95295586, -87.7793518], [41.95297518, -87.77690893], [41.95298965, -87.77444647], [41.95302633, -87.77201328], [41.95305663, -87.76955691], [41.95310184, -87.7666863], [41.95314886, -87.7646498], [41.95314945, -87.7621963], [41.95319363, -87.75927997], [41.95322315, -87.75688658], [41.95323793, -87.75478723], [41.95327463, -87.7520221], [41.95331561, -87.74995455], [41.95333382, -87.74753229], [41.95335063, -87.74660209], [41.95335908, -87.74472267], [41.95340506, -87.74079283], [41.95344288, -87.73813834], [41.95347388, -87.73551234], [41.95347709, -87.73413231], [41.9534899, -87.73269722], [41.95353758, -87.73014908], [41.95355966, -87.72779281], [41.95359175, -87.72519148], [41.95366318, -87.72279463], [41.95363601, -87.72157934], [41.95367307, -87.71933272], [41.95369333, -87.71790607], [41.95372692, -87.71546409], [41.95375937, -87.71303542], [41.95379224, -87.71057027], [41.95383334, -87.70763759], [41.95384125, -87.70568891], [41.95385667, -87.70322666], [41.95386419, -87.70079881], [41.95387019, -87.69957881], [41.95388325, -87.69803109], [41.95388836, -87.69619631], [41.95391482, -87.69315886], [41.95391419, -87.69097704], [41.95393272, -87.68817296], [41.9539583, -87.68617137], [41.95400617, -87.68340873], [41.95402796, -87.68128719], [41.95405738, -87.67888547], [41.95411059, -87.67487206], [41.95415668, -87.67157828], [41.95421013, -87.66826298], [41.95428146, -87.66434767], [41.95431732, -87.66240438], [41.95438885, -87.6570423], [41.95442641, -87.65469381], [41.95446541, -87.65192285], [41.95448474, -87.65064272], [41.95451877, -87.64941558], [41.95453887, -87.64770976], [41.95458442, -87.64548507], [41.95309616, -87.64510316], [41.95293381, -87.64804865], [41.95281416, -87.64949469], [41.9546071, -87.65200944]]",,,,
81,81,Lawrence,32.62,32.89,56.0,55.0,,,120.0,120.0,"[[41.96567295, -87.64858597], [41.96649587, -87.64879776], [41.967355, -87.64905787], [41.96919987, -87.65035676], [41.96916179, -87.65302504], [41.96915291, -87.65504366], [41.96913007, -87.65654779], [41.96910324, -87.65903582], [41.96910189, -87.6599457], [41.9690377, -87.66290161], [41.96902458, -87.66433862], [41.96898059, -87.66778554], [41.96896631, -87.66971881], [41.9689354, -87.67247101], [41.96891201, -87.67407702], [41.96888263, -87.67652423], [41.96884905, -87.67946939], [41.96880421, -87.68148012], [41.96878337, -87.68393698], [41.96873763, -87.68671723], [41.9687178, -87.68869175], [41.96867874, -87.69134999], [41.96865099, -87.69408254], [41.96864615, -87.69649441], [41.96860908, -87.69888969], [41.96855604, -87.70387379], [41.96855162, -87.70592362], [41.96854035, -87.70829928], [41.96849174, -87.71080134], [41.96849057, -87.71320418], [41.96845105, -87.71570935], [41.96842466, -87.71846311], [41.96840198, -87.72059794], [41.96838207, -87.72301056], [41.96837397, -87.72550901], [41.96832092, -87.72791345], [41.96830537, -87.73035123], [41.96827567, -87.73284686], [41.9682478, -87.73534396], [41.96822095, -87.7377286], [41.96820132, -87.74013199], [41.96818834, -87.74282513], [41.9681304, -87.74554394], [41.96811532, -87.74752974], [41.96807945, -87.74985252], [41.96803666, -87.75244233], [41.96800765, -87.75488333], [41.96797274, -87.75923389], [41.96983313, -87.76113466], [41.96985713, -87.76185604]]","[[41.96985713, -87.76185604], [41.96901632, -87.76185389], [41.96779827, -87.76028646], [41.96783295, -87.75776472], [41.96784579, -87.75515227], [41.96791886, -87.7527378], [41.96794086, -87.75064479], [41.96796333, -87.74795982], [41.96799358, -87.74540714], [41.96803186, -87.74296779], [41.96805164, -87.73951093], [41.96807703, -87.73770067], [41.96808122, -87.73553504], [41.96811493, -87.73279996], [41.96812109, -87.73058744], [41.96818452, -87.72781062], [41.96815587, -87.72569961], [41.96820581, -87.72325505], [41.96822552, -87.72080812], [41.96828994, -87.71804563], [41.96829936, -87.71592603], [41.96833913, -87.71305498], [41.96833473, -87.71103067], [41.96836266, -87.70861897], [41.96840411, -87.70614746], [41.96843985, -87.70372233], [41.9684631, -87.69825654], [41.96846048, -87.69633158], [41.96851533, -87.6935559], [41.96850832, -87.69149336], [41.96854438, -87.68914763], [41.96857252, -87.68663437], [41.96861135, -87.68384152], [41.96866912, -87.68167327], [41.96867981, -87.67935569], [41.96872816, -87.67596388], [41.96875065, -87.67397387], [41.96878702, -87.67113693], [41.9688116, -87.6691977], [41.96882631, -87.66763528], [41.9688799, -87.66464732], [41.96891138, -87.66313893], [41.96895353, -87.65984346], [41.96898435, -87.65841595], [41.96901836, -87.6563503], [41.96904143, -87.65459664], [41.96910764, -87.64975003], [41.96567295, -87.64858597]]",,,,
81W,81W,West Lawrence,35.03,35.04,32.5,33.0,,,41.0,41.0,"[[41.96975449, -87.76169645], [41.96901632, -87.76185389], [41.96776079, -87.76289799], [41.96785539, -87.76776033], [41.96780886, -87.7700748], [41.96776886, -87.7727168], [41.9677531, -87.77472701], [41.96773269, -87.77699696], [41.96859429, -87.77872682], [41.96855929, -87.78062695], [41.96854033, -87.78307342], [41.96850094, -87.78545562], [41.96848083, -87.78781939], [41.96844937, -87.79026011], [41.96845237, -87.79269512], [41.96843437, -87.79511012], [41.96838482, -87.79760643], [41.96839114, -87.80004431], [41.96832418, -87.80232429], [41.96831101, -87.80475116], [41.96750522, -87.80731135], [41.96727541, -87.80951632], [41.96725866, -87.81195575], [41.96719064, -87.81437549], [41.96708524, -87.81685683], [41.96704144, -87.81922936], [41.96703529, -87.8226039], [41.96693849, -87.8266036], [41.96685963, -87.82869377], [41.96677302, -87.83102429], [41.96678184, -87.83321845], [41.96670771, -87.83643879], [41.96670046, -87.83899905], [41.96663823, -87.84150956], [41.96657733, -87.84393146], [41.96661558, -87.84632272], [41.96810711, -87.84631385], [41.97000612, -87.84634485], [41.97127915, -87.84633989], [41.97362986, -87.84641082], [41.97487286, -87.84641282], [41.97672954, -87.84637529], [41.97842218, -87.84292792], [41.97942786, -87.84147982], [41.98088986, -87.84145982], [41.98116523, -87.8389771], [41.98032186, -87.83718982], [41.9836874, -87.83903363]]","[[41.9836874, -87.83903363], [41.98013986, -87.83701282], [41.98103186, -87.83916482], [41.98095681, -87.84158412], [41.97932286, -87.84156482], [41.97853283, -87.84299765], [41.97682895, -87.84655631], [41.97502486, -87.84655882], [41.97378186, -87.84655682], [41.97131058, -87.84658874], [41.97020985, -87.84663339], [41.96824885, -87.8466534], [41.966297, -87.84607159], [41.96636141, -87.84400787], [41.96639021, -87.84181317], [41.96644704, -87.83920726], [41.96650989, -87.83630175], [41.96654985, -87.83336109], [41.96658334, -87.83147721], [41.96665415, -87.82883029], [41.9666778, -87.82638579], [41.96674815, -87.82323212], [41.96690586, -87.81940581], [41.96693503, -87.81652477], [41.96700486, -87.81450781], [41.96708977, -87.81221109], [41.96710586, -87.80960881], [41.96811949, -87.80699032], [41.96821059, -87.80489829], [41.96820491, -87.80264276], [41.96823826, -87.80023365], [41.96829157, -87.79783324], [41.96832589, -87.79507549], [41.96832133, -87.79276402], [41.96829322, -87.79030038], [41.96835751, -87.78771749], [41.96839122, -87.78556336], [41.9684132, -87.78305324], [41.96841764, -87.78070848], [41.96847273, -87.7784183], [41.96759452, -87.77693385], [41.96764486, -87.7749228], [41.96763383, -87.77248869], [41.96767365, -87.76998259], [41.96772377, -87.76723747], [41.96758818, -87.76229953], [41.96836529, -87.76103222], [41.96983313, -87.76113466], [41.96975449, -87.76169645]]",,,,
82,82,Kimball/Homan,68.23,68.23,87.0,87.8,,,123.0,125.0,"[[42.00936681, -87.71446802], [42.00471256, -87.71173198], [41.99707714, -87.7118178], [41.99471571, -87.71405222], [41.99390208, -87.71417738], [41.99212087, -87.71411479], [41.99049047, -87.71409137], [41.98853887, -87.71400779], [41.98672087, -87.71394978], [41.98490687, -87.71389078], [41.98309187, -87.71381478], [41.98128487, -87.71375978], [41.97944987, -87.71371578], [41.97761287, -87.71367378], [41.97538562, -87.71364923], [41.97389787, -87.71359578], [41.9728069, -87.7135606], [41.97030686, -87.71349278], [41.96810706, -87.71344068], [41.96670886, -87.71338978], [41.96484686, -87.71333578], [41.96303586, -87.71327478], [41.96121586, -87.71321278], [41.95939786, -87.71314978], [41.95758686, -87.71309178], [41.95578186, -87.71303678], [41.95400269, -87.71301298], [41.95212786, -87.71292678], [41.95030986, -87.71288078], [41.94905105, -87.71285164], [41.94635502, -87.71280406], [41.94469848, -87.71276077], [41.94240263, -87.71265678], [41.93910066, -87.71257087], [41.93753786, -87.71252678], [41.93537143, -87.71245024], [41.93409186, -87.71243978], [41.93229886, -87.71240278], [41.93024386, -87.71235178], [41.92813325, -87.71228769], [41.92656186, -87.71223778], [41.92440774, -87.71221064], [41.92292286, -87.71211978], [41.92109786, -87.71206378], [41.91925686, -87.71200578], [41.91719017, -87.71199672], [41.91560486, -87.71192478], [41.91342486, -87.71186778], [41.91196786, -87.71181378], [41.910221, -87.71195406], [41.90829759, -87.71193571], [41.90651085, -87.71186478], [41.90469585, -87.71177778], [41.90257418, -87.71174013], [41.9002824, -87.71155266], [41.89923285, -87.71163178], [41.89741185, -87.71157078], [41.89525507, -87.71152304], [41.89375985, -87.71146878], [41.89193085, -87.71141478], [41.89030268, -87.71133505], [41.8896349, -87.71136375], [41.88754285, -87.71127277], [41.88643685, -87.71123978], [41.88470685, -87.71117177], [41.88366478, -87.71117412], [41.88281085, -87.71109877], [41.88110707, -87.71110647], [41.8793895, -87.71104494], [41.87743646, -87.7109963], [41.87463985, -87.71086477], [41.87371085, -87.71084677], [41.87190585, -87.71079977], [41.86982085, -87.71073877], [41.86792931, -87.71067722], [41.86602469, -87.71063148], [41.86460285, -87.71055977], [41.86301109, -87.71053062], [41.86294744, -87.71276135], [41.86230724, -87.71548822], [41.86088785, -87.71532877], [41.85878438, -87.71529929], [41.85722885, -87.71522577], [41.85413632, -87.7151587], [41.85146819, -87.71509033], [41.84992584, -87.71501777], [41.84811184, -87.71496777], [41.84628884, -87.71491577], [41.84612244, -87.71735385], [41.84444874, -87.71730751], [41.84259984, -87.71725277], [41.84076584, -87.71720077], [41.83893184, -87.71714977], [41.8371113, -87.7171131], [41.8370265, -87.71937237], [41.83698649, -87.72178236], [41.83694941, -87.72473103]]","[[41.83676196, -87.72550404], [41.8368167, -87.72459236], [41.83683905, -87.72195485], [41.83688905, -87.71954486], [41.83695123, -87.71713123], [41.83876584, -87.71700477], [41.84059984, -87.71705577], [41.84243384, -87.71710677], [41.84427727, -87.71716236], [41.8461093, -87.71721309], [41.84638484, -87.71476877], [41.84794584, -87.71482177], [41.84976084, -87.71487277], [41.85155591, -87.71490806], [41.85427506, -87.71499574], [41.85712848, -87.71501173], [41.8591902, -87.7151294], [41.86070548, -87.71511573], [41.86232933, -87.71504549], [41.86238285, -87.71297177], [41.86307698, -87.71037026], [41.86443685, -87.71041477], [41.86652685, -87.71046477], [41.86808585, -87.71052977], [41.86991585, -87.71059177], [41.87174085, -87.71065377], [41.87405216, -87.71069698], [41.87537285, -87.71075577], [41.87719007, -87.71079504], [41.87951285, -87.71089477], [41.88082785, -87.71091577], [41.88264475, -87.71093538], [41.8834932, -87.71100353], [41.88454075, -87.71100838], [41.88627175, -87.71107538], [41.88737675, -87.71110938], [41.88962743, -87.71112576], [41.89031184, -87.71102865], [41.89176585, -87.71126978], [41.89359485, -87.71132378], [41.89574549, -87.71135851], [41.89724685, -87.71142578], [41.89906785, -87.71148578], [41.89997087, -87.71166522], [41.90262646, -87.71158643], [41.90453085, -87.71163278], [41.90634585, -87.71171978], [41.90811961, -87.71174192], [41.9099153, -87.71182497], [41.91180285, -87.71166778], [41.91351986, -87.71171978], [41.91543886, -87.71177978], [41.91726086, -87.71181878], [41.91909186, -87.71185978], [41.92120307, -87.71192628], [41.92275786, -87.71197378], [41.92495937, -87.71202242], [41.92639686, -87.71209278], [41.92823186, -87.71214878], [41.93007786, -87.71220578], [41.93231086, -87.71222978], [41.93392586, -87.71229378], [41.93529519, -87.71230281], [41.93737286, -87.71238078], [41.93917826, -87.71238914], [41.9422274, -87.71246107], [41.94471446, -87.71258481], [41.94647003, -87.71262498], [41.94926086, -87.71271878], [41.95014386, -87.71273478], [41.95196286, -87.71278078], [41.95376364, -87.71276296], [41.95561686, -87.71289178], [41.95742186, -87.71294578], [41.95923186, -87.71300378], [41.96104986, -87.71306678], [41.96286986, -87.71312978], [41.96468186, -87.71319078], [41.96662586, -87.71324378], [41.96830423, -87.71327105], [41.97014187, -87.71334778], [41.97264664, -87.71337451], [41.97397778, -87.71341152], [41.97561187, -87.71348578], [41.97744687, -87.71352778], [41.97928387, -87.71356979], [41.98111987, -87.71361478], [41.98292687, -87.71366878], [41.98474187, -87.71374479], [41.98655487, -87.71380378], [41.98837387, -87.71386179], [41.99017113, -87.71389529], [41.99195587, -87.71396879], [41.99416586, -87.71403275], [41.99521511, -87.71318936], [41.99777931, -87.71163618], [42.00456685, -87.71156514], [42.00936681, -87.71446802]]",,,,
84,84,Peterson,30.48,33.21,44.5,49.5,,,69.0,67.0,"[[41.98370668, -87.65863384], [41.98393987, -87.66045277], [41.98558303, -87.66312981], [41.98666687, -87.66493277], [41.9883343, -87.66763066], [41.98966492, -87.66979257], [41.99084787, -87.67270477], [41.99085755, -87.67460464], [41.99082293, -87.67626941], [41.99075027, -87.6797585], [41.99072183, -87.68259955], [41.99070501, -87.68490096], [41.99063507, -87.68707194], [41.99062139, -87.68941075], [41.99060401, -87.69205096], [41.99057401, -87.69447397], [41.99048627, -87.69677295], [41.99056137, -87.69924043], [41.99046627, -87.70160995], [41.990527, -87.70400972], [41.99052201, -87.70520672], [41.99051599, -87.70730228], [41.99047801, -87.71078872], [41.99044693, -87.71382889], [41.9903394, -87.71624557], [41.9903144, -87.71865957], [41.9902904, -87.72102657], [41.99026987, -87.72466079], [41.99026007, -87.72904466], [41.99020955, -87.73287772], [41.99013687, -87.73520979], [41.99010873, -87.73823781], [41.99008627, -87.74067598], [41.99004538, -87.74196304], [41.98999445, -87.74571202], [41.9900092, -87.7481134], [41.99143537, -87.75401301], [41.99243659, -87.75616158], [41.99341793, -87.7582251], [41.99435733, -87.76019053], [41.99535633, -87.76228953], [41.99609687, -87.7645388]]","[[41.99609687, -87.7645388], [41.99529863, -87.76249177], [41.99431354, -87.76047947], [41.99334855, -87.75840347], [41.99238155, -87.75633447], [41.99141255, -87.75427547], [41.98979032, -87.74856764], [41.98986987, -87.74600079], [41.98991187, -87.74264279], [41.98991098, -87.7408996], [41.98993, -87.73776535], [41.98998087, -87.73547479], [41.98997892, -87.73321502], [41.99003515, -87.72817022], [41.99010987, -87.72475179], [41.99017127, -87.72124802], [41.99020326, -87.71882302], [41.99023426, -87.71638902], [41.99021368, -87.71416056], [41.99026925, -87.71119043], [41.99028878, -87.70750064], [41.9903267, -87.70546484], [41.99034945, -87.7043757], [41.99035345, -87.7019217], [41.99033866, -87.69955427], [41.99037245, -87.69708869], [41.99038546, -87.69466569], [41.99042742, -87.69216404], [41.99038913, -87.68988264], [41.99048842, -87.68713909], [41.99051387, -87.68505778], [41.99051697, -87.68340936], [41.99060179, -87.67969423], [41.99065587, -87.67717378], [41.99069215, -87.67435116], [41.99070187, -87.67221877], [41.98973822, -87.67024228], [41.98818405, -87.66763245], [41.98666187, -87.66516077], [41.98583882, -87.66380761], [41.98372192, -87.66034292], [41.98355744, -87.65884632], [41.98371887, -87.65538477], [41.98381187, -87.65551377], [41.98370668, -87.65863384]]",,,,
95,95,95th,88.3,88.23,71.5,69.0,,,4.0,3.0,"[[41.76910704, -87.62601851], [41.76911015, -87.62466673], [41.76911581, -87.62349443], [41.76915781, -87.62191142], [41.76917881, -87.62031142], [41.76920781, -87.61869442], [41.76923381, -87.61706841], [41.76928838, -87.61548827], [41.76936223, -87.61358591], [41.7704783, -87.61225425], [41.77101784, -87.61169673], [41.77293175, -87.61174869], [41.77300381, -87.61071418], [41.77304238, -87.60832882], [41.7730819, -87.60595047], [41.77311026, -87.60339222], [41.77312226, -87.60218122], [41.77314126, -87.60100722], [41.77314526, -87.59980722], [41.77315626, -87.59849522], [41.77317291, -87.59722612], [41.77318403, -87.59599614], [41.77320302, -87.59448114], [41.77321765, -87.59302821], [41.77322865, -87.59172621], [41.77326168, -87.58886129], [41.77327682, -87.58644474], [41.77329736, -87.58517981], [41.77331168, -87.5839802], [41.77334273, -87.5815175], [41.77337284, -87.57916572], [41.77339236, -87.57669883], [41.77151711, -87.57656173], [41.76973765, -87.57644122], [41.76790565, -87.57640122], [41.76634433, -87.57638842], [41.76425325, -87.576421], [41.76244952, -87.57629132], [41.76061252, -87.57623632], [41.75882584, -87.5738252], [41.75886901, -87.57134008], [41.75890584, -87.56893772], [41.75893084, -87.56644772], [41.75895484, -87.56523772], [41.75897155, -87.56284523], [41.75900038, -87.56131273], [41.75978178, -87.55866559], [41.76049622, -87.55724981], [41.75865613, -87.55529695], [41.7569033, -87.55340487], [41.75506764, -87.55142704], [41.75326557, -87.54949063], [41.75208692, -87.54830885], [41.7500469, -87.54808398], [41.74818766, -87.54804472], [41.74638774, -87.54800827], [41.74486596, -87.54797997], [41.74476071, -87.54904465], [41.7447292, -87.55134698], [41.74418643, -87.55227598], [41.74352964, -87.55181747], [41.74108089, -87.55158398], [41.73931548, -87.55154303], [41.72801178, -87.55266232], [41.72653168, -87.55389532], [41.72645378, -87.55664671], [41.72645378, -87.55794771], [41.72636885, -87.56071039], [41.7263696, -87.56322683], [41.72628658, -87.56562179], [41.72627137, -87.56691553], [41.72625297, -87.5705333], [41.72614997, -87.57283531], [41.72618428, -87.57531618], [41.72615195, -87.57773232], [41.72610438, -87.5802008], [41.72608725, -87.5825026], [41.72608498, -87.58483783], [41.72583883, -87.58549572], [41.7243073, -87.58541772], [41.72258683, -87.58530072], [41.7223816, -87.58785192], [41.72234119, -87.59058598], [41.72231042, -87.59242157], [41.72230065, -87.59468603], [41.72399198, -87.59467263], [41.72591064, -87.59513589], [41.72587762, -87.59723428], [41.72584745, -87.59954063], [41.72585896, -87.6008363], [41.72546449, -87.60468606], [41.72271838, -87.60462411], [41.72213204, -87.60680285], [41.7220855, -87.60922629], [41.72206083, -87.61154273], [41.72200483, -87.61397273], [41.72196371, -87.61646558], [41.72192477, -87.61882512], [41.72188457, -87.62103355], [41.72184183, -87.62438973], [41.72176327, -87.62918487], [41.72174583, -87.63120274], [41.72167783, -87.63322074], [41.72167245, -87.63585812], [41.72162583, -87.63819074], [41.72160083, -87.64057374], [41.72156727, -87.64355915], [41.72153783, -87.64544274], [41.72150483, -87.64787874], [41.72148283, -87.64993374], [41.72147669, -87.65111467], [41.72144283, -87.65278274], [41.72140983, -87.65518374], [41.72134483, -87.65757274], [41.72138283, -87.65883074], [41.72136083, -87.66007074], [41.72131385, -87.66319742], [41.72127836, -87.66618886], [41.72127773, -87.66737491], [41.72123904, -87.66913133], [41.72120548, -87.67221368], [41.72118163, -87.67426412], [41.72113912, -87.67707563], [41.72109701, -87.6794638], [41.7214868, -87.68195912], [41.72267801, -87.68202996], [41.72517949, -87.68210242], [41.72798891, -87.68218283], [41.73033652, -87.68223389], [41.73174579, -87.68227031], [41.73517879, -87.68236831], [41.73548045, -87.67614051], [41.73609836, -87.67250547], [41.73624241, -87.67298899]]","[[41.73624241, -87.67298899], [41.73573065, -87.67588001], [41.73214228, -87.68259988], [41.73004942, -87.68255709], [41.72833142, -87.68248808], [41.72510949, -87.68229242], [41.72283212, -87.68225584], [41.72086437, -87.6805913], [41.72089704, -87.67736214], [41.72094428, -87.67410796], [41.720983, -87.67199186], [41.72100241, -87.66931729], [41.72102213, -87.66804327], [41.72104895, -87.66619784], [41.72111455, -87.66295024], [41.72114983, -87.66082874], [41.72116083, -87.65926874], [41.72122124, -87.65756957], [41.72120974, -87.65548553], [41.72124048, -87.65305365], [41.72125489, -87.65093904], [41.72131014, -87.64811853], [41.72132922, -87.6457488], [41.7213629, -87.64280691], [41.72139483, -87.64093774], [41.72142483, -87.63851274], [41.72146583, -87.63610374], [41.72149783, -87.63411073], [41.72152487, -87.63121677], [41.72155799, -87.62877741], [41.72154788, -87.62463637], [41.72168377, -87.62074179], [41.72171112, -87.61911729], [41.72175499, -87.61666962], [41.7217841, -87.61434771], [41.72186958, -87.61183614], [41.72189483, -87.60956873], [41.72191557, -87.60698075], [41.72240981, -87.604366], [41.72553156, -87.60443926], [41.72572383, -87.60118573], [41.72572759, -87.59971696], [41.72576883, -87.59751272], [41.72579488, -87.5949986], [41.72412083, -87.59494972], [41.72210883, -87.59445672], [41.72216473, -87.59240156], [41.7221979, -87.59077277], [41.72221183, -87.58795772], [41.72269083, -87.58501572], [41.72446227, -87.58485067], [41.72587944, -87.5848265], [41.72592183, -87.58271672], [41.72596083, -87.58040172], [41.72599883, -87.57797972], [41.72606398, -87.57559706], [41.72605483, -87.57308972], [41.72610383, -87.57068372], [41.72614783, -87.56700772], [41.72619783, -87.56578772], [41.72624083, -87.56336172], [41.72626983, -87.56093871], [41.72631583, -87.55826171], [41.72635248, -87.55672065], [41.72636583, -87.55413771], [41.72758364, -87.55264993], [41.72812565, -87.55251551], [41.73912618, -87.55139078], [41.74125142, -87.55143048], [41.74338825, -87.55165639], [41.74453165, -87.55256649], [41.74460966, -87.55151533], [41.74463656, -87.54913273], [41.74486175, -87.54784624], [41.74670505, -87.54789006], [41.74838526, -87.5479019], [41.7502771, -87.54796949], [41.75224187, -87.54823814], [41.75364026, -87.54974274], [41.75553407, -87.55177877], [41.75729657, -87.55367943], [41.75903283, -87.55554668], [41.76050316, -87.55750518], [41.75995544, -87.55857726], [41.75912042, -87.56148861], [41.75909159, -87.56302112], [41.75907357, -87.56462228], [41.75905291, -87.56626298], [41.75902401, -87.56872144], [41.75899869, -87.57114673], [41.75896996, -87.57353351], [41.75894258, -87.57602427], [41.76091084, -87.57612372], [41.76277284, -87.57615072], [41.76452484, -87.57619572], [41.76635602, -87.57622564], [41.76813084, -87.57628572], [41.77004484, -87.57633372], [41.77169084, -87.5762272], [41.77353178, -87.57680707], [41.77349784, -87.57906872], [41.7734534, -87.58141398], [41.77342626, -87.58383618], [41.7733994, -87.58564316], [41.77339328, -87.58662153], [41.7733717, -87.58873024], [41.77334773, -87.59147341], [41.77333424, -87.59279125], [41.77331901, -87.59435301], [41.77330295, -87.59590507], [41.77329312, -87.59716488], [41.77328073, -87.59838383], [41.77326879, -87.59960694], [41.77325958, -87.60083075], [41.7732465, -87.60205094], [41.77321982, -87.60324177], [41.77322022, -87.60560431], [41.77316381, -87.60804758], [41.77312381, -87.61039859], [41.77282399, -87.61188851], [41.77132266, -87.61181732], [41.77075305, -87.6121053], [41.76942133, -87.61374894], [41.76940749, -87.61523438], [41.76938864, -87.61674419], [41.76937464, -87.6183762], [41.76929279, -87.62009266], [41.76929079, -87.62159267], [41.76925387, -87.623294], [41.76882756, -87.62585833]]",,,,
85,85,Central,45.48,43.53,64.0,56.4,,,86.0,91.0,"[[41.98458986, -87.7683868], [41.98275786, -87.7684258], [41.98120586, -87.7684568], [41.97932086, -87.7684908], [41.9783959, -87.76847802], [41.97579865, -87.76803109], [41.97462173, -87.76701288], [41.97067755, -87.76337455], [41.97008412, -87.76184828], [41.97033044, -87.76231427], [41.97053252, -87.76349686], [41.96974577, -87.76505584], [41.97015955, -87.76765551], [41.96759585, -87.7675703], [41.96607342, -87.76751139], [41.96387462, -87.76743477], [41.96242086, -87.7673748], [41.96059503, -87.76734149], [41.95873786, -87.7672548], [41.95781086, -87.7672248], [41.95691486, -87.7671948], [41.95508886, -87.7671348], [41.95332871, -87.76710168], [41.95141686, -87.7670118], [41.94961186, -87.7669508], [41.94778286, -87.7668888], [41.94598451, -87.76685804], [41.94413586, -87.7667618], [41.94230686, -87.7666968], [41.94047986, -87.7666328], [41.93843997, -87.76658363], [41.93683286, -87.7665048], [41.93478855, -87.76645028], [41.93318986, -87.7663788], [41.93137435, -87.76634925], [41.92953386, -87.7662508], [41.92748304, -87.76619497], [41.92588185, -87.76612279], [41.92412458, -87.76609439], [41.92223085, -87.76599079], [41.92044859, -87.76594497], [41.91910485, -87.76589642], [41.91678474, -87.76588121], [41.91532504, -87.76589989], [41.91237274, -87.76571567], [41.91128407, -87.76567413], [41.90952379, -87.76580462], [41.90770466, -87.76593773], [41.90590206, -87.76586737], [41.90403285, -87.76578979], [41.90190617, -87.76574148], [41.90040385, -87.76566179], [41.89862496, -87.76562636], [41.89675685, -87.76553479], [41.89496651, -87.76549635], [41.89301085, -87.76539479], [41.89118185, -87.76532279], [41.88938685, -87.76525279], [41.88790558, -87.76520819], [41.88699479, -87.76520225], [41.88585474, -87.76517126], [41.88436063, -87.76511761], [41.88236059, -87.76504241], [41.87996928, -87.764956], [41.87841885, -87.76485379], [41.87636468, -87.76481177], [41.87479785, -87.76471679], [41.8725738, -87.76480751]]","[[41.8725738, -87.76480751], [41.87464585, -87.76457079], [41.87671128, -87.76464814], [41.87826785, -87.76470779], [41.88047798, -87.76476811], [41.88214719, -87.76481909], [41.88411954, -87.76490148], [41.88558967, -87.76496142], [41.88711267, -87.7649957], [41.88788141, -87.76504735], [41.88922085, -87.76510679], [41.89101685, -87.76517779], [41.89284585, -87.76524979], [41.89502407, -87.7652998], [41.89663184, -87.76538323], [41.89839479, -87.76543498], [41.90026073, -87.76548763], [41.90245843, -87.76558502], [41.90386785, -87.76564479], [41.90563398, -87.76570821], [41.90746412, -87.76577282], [41.90920852, -87.76570287], [41.91111285, -87.76549179], [41.91258697, -87.76555998], [41.91539077, -87.76560241], [41.91675885, -87.76563379], [41.91914142, -87.7656666], [41.92015336, -87.76573538], [41.92211984, -87.76583923], [41.92384627, -87.76589981], [41.9257054, -87.76588064], [41.92754879, -87.76604258], [41.92936886, -87.7661048], [41.93119051, -87.76615676], [41.93302386, -87.7662328], [41.93484886, -87.7662958], [41.93666786, -87.7663588], [41.93873324, -87.7664171], [41.94077023, -87.76652113], [41.94214186, -87.7665518], [41.94397086, -87.7666168], [41.94578651, -87.76666985], [41.94761786, -87.7667428], [41.94944686, -87.7668048], [41.95125186, -87.7668658], [41.95341474, -87.76692326], [41.95493686, -87.7669888], [41.95695797, -87.76701215], [41.95857286, -87.7671098], [41.96039141, -87.76715815], [41.962226, -87.76719784], [41.96490702, -87.76731918], [41.96632546, -87.76736415], [41.96795175, -87.76739884], [41.9701585, -87.76746166], [41.96970213, -87.76477716], [41.97052858, -87.76328112], [41.97008412, -87.76184828], [41.97027842, -87.76236099], [41.97114957, -87.76360316], [41.9746153, -87.76663347], [41.97645096, -87.76827571], [41.97797086, -87.7683668], [41.97923786, -87.7683438], [41.98104086, -87.7683108], [41.98285286, -87.7682778], [41.98289086, -87.7660098]]",,,,
85A,85A,North Central,16.94,23.13,14.0,18.0,,,47.0,45.0,"[[42.01185415, -87.77345424], [42.00950187, -87.7721258], [42.00877187, -87.7717338], [42.00774287, -87.7711988], [42.00671587, -87.7706658], [42.00528287, -87.7699448], [42.00422687, -87.7693958], [42.00244787, -87.7684678], [42.00104487, -87.7677428], [41.99894487, -87.7666508], [41.99741859, -87.76592242], [41.99522259, -87.76466045], [41.99443787, -87.7649628], [41.99261787, -87.7656378], [41.99074519, -87.76617728], [41.9887409, -87.76689694], [41.98728086, -87.7683348], [41.98517702, -87.76838167], [41.98458986, -87.7683868], [41.98275786, -87.7684258], [41.98120586, -87.7684568], [41.97932086, -87.7684908], [41.9783959, -87.76847802], [41.97579865, -87.76803109], [41.97462173, -87.76701288], [41.97067755, -87.76337455], [41.97008412, -87.76184828], [41.97023741, -87.76240229]]","[[41.97023741, -87.76240229], [41.97114957, -87.76360316], [41.9746153, -87.76663347], [41.97645096, -87.76827571], [41.97797086, -87.7683668], [41.97923786, -87.7683438], [41.98104086, -87.7683108], [41.98285286, -87.7682778], [41.9848509, -87.76823005], [41.98712886, -87.7681898], [41.98870787, -87.7666058], [41.99064187, -87.7659048], [41.99246587, -87.7654918], [41.99428587, -87.7648168], [41.99546369, -87.76461788], [41.99644394, -87.76518442], [41.99720886, -87.76641687], [41.99781733, -87.767673], [41.99865687, -87.7696368], [41.99915187, -87.7706638], [42.00013587, -87.7727248], [42.00061687, -87.7737568], [42.00108587, -87.7748098], [42.00156187, -87.7758458], [42.00285391, -87.77842143], [42.003501, -87.77973473], [42.00415287, -87.78123081], [42.00482587, -87.78226081], [42.00556987, -87.78305581], [42.00727187, -87.78450981], [42.00900187, -87.78602081], [42.01004238, -87.78689159], [42.01178387, -87.78846981], [42.01195878, -87.7868516], [42.01196178, -87.7844646], [42.01196078, -87.7819946], [42.01195778, -87.7807486], [42.01194224, -87.77876944], [42.01192191, -87.77703122], [42.01185415, -87.77345424]]",,,,
86,86,Narragansett/Ridgeland,42.04,46.72,61.0,57.0,,,46.0,48.0,"[[41.99909554, -87.78868844], [41.99746865, -87.78815354], [41.99563487, -87.78757481], [41.99381297, -87.78760876], [41.99175727, -87.78765137], [41.99035628, -87.78767661], [41.98895734, -87.78770447], [41.98577076, -87.78775905], [41.98444871, -87.78777607], [41.98301886, -87.78780681], [41.98116086, -87.78784081], [41.97935686, -87.78787481], [41.97736424, -87.7879263], [41.97645841, -87.78795172], [41.97577918, -87.7879561], [41.97392186, -87.78797781], [41.972109, -87.78802883], [41.97030086, -87.78804681], [41.9684755, -87.78813614], [41.96332862, -87.78717393], [41.9599221, -87.78688894], [41.95830209, -87.78686839], [41.95645818, -87.78680443], [41.95518486, -87.7866998], [41.95304927, -87.78666392], [41.95027186, -87.7865088], [41.94929986, -87.7864708], [41.94749386, -87.7863938], [41.94577162, -87.78638904], [41.94391086, -87.7863578], [41.94208086, -87.7862798], [41.94023886, -87.7862018], [41.93817971, -87.78612585], [41.93657185, -87.7859428], [41.93474185, -87.7858828], [41.93291485, -87.7858238], [41.93083844, -87.78578186], [41.92925585, -87.7857018], [41.92745885, -87.7856408], [41.92586586, -87.78560573], [41.92346068, -87.78553278], [41.92249391, -87.78550567], [41.92013985, -87.7854088], [41.91831585, -87.7853858], [41.91674285, -87.7853838], [41.91467785, -87.7852468], [41.91285785, -87.7851898], [41.91103885, -87.7851338], [41.90910585, -87.78351072], [41.90744885, -87.7833568], [41.90586855, -87.78347923], [41.90388493, -87.78423287], [41.90194215, -87.78487589], [41.89997743, -87.78512617], [41.89831089, -87.78503255], [41.896494, -87.78505643], [41.89469545, -87.78499862], [41.8931851, -87.78495], [41.89179779, -87.78488121], [41.89048444, -87.78481164], [41.88816581, -87.78448137], [41.88811878, -87.78298565]]","[[41.88811878, -87.78298565], [41.88803524, -87.77987838], [41.88717101, -87.7844021], [41.88811493, -87.78450456], [41.89027806, -87.78459536], [41.89170585, -87.7847078], [41.89310585, -87.7847068], [41.8944481, -87.78477945], [41.89630585, -87.7848078], [41.89810585, -87.7848068], [41.89980695, -87.78497097], [41.9017712, -87.78467258], [41.9037656, -87.78406202], [41.90571002, -87.78337482], [41.90725063, -87.78321306], [41.90957549, -87.78493827], [41.91087385, -87.7849878], [41.91269285, -87.7850448], [41.91456962, -87.78504959], [41.91621933, -87.78502163], [41.91818951, -87.78516697], [41.91997952, -87.78518926], [41.92276601, -87.78533182], [41.92394065, -87.78536579], [41.92556085, -87.7854318], [41.92730785, -87.7854948], [41.92908985, -87.7855558], [41.93116798, -87.785605], [41.93274985, -87.7856778], [41.93457585, -87.7857368], [41.93640685, -87.7857968], [41.93820849, -87.78585558], [41.94007386, -87.7860558], [41.94191586, -87.7861348], [41.94374586, -87.7862128], [41.94558586, -87.7862308], [41.94741086, -87.7862478], [41.94921686, -87.7863248], [41.95011986, -87.7863628], [41.95282386, -87.78646797], [41.95503286, -87.7865538], [41.95646431, -87.78658778], [41.95801563, -87.78795589], [41.95926793, -87.79055714], [41.96052738, -87.78671286], [41.96371274, -87.78726548], [41.96870132, -87.78792505], [41.97013486, -87.78790181], [41.97192786, -87.7878558], [41.97375686, -87.78783181], [41.97557599, -87.7878014], [41.97647827, -87.78776823], [41.97739908, -87.78776752], [41.97919257, -87.78773534], [41.98101147, -87.78769745], [41.98280814, -87.78763094], [41.98478205, -87.78763548], [41.98621125, -87.78761194], [41.98834404, -87.78756583], [41.99003813, -87.78753293], [41.99127122, -87.7875072], [41.99350418, -87.78746804], [41.99515771, -87.78743677], [41.99909554, -87.78868844]]",,,,
87,87,87th,55.63,59.02,67.0,73.5,,,66.0,63.0,"[[41.73016205, -87.54976079], [41.73745108, -87.55173147], [41.73742583, -87.55366571], [41.73739283, -87.55611271], [41.73735283, -87.55851071], [41.73732283, -87.56095072], [41.73728583, -87.56341872], [41.73725283, -87.56548272], [41.737261, -87.56643397], [41.73723142, -87.56871839], [41.73721444, -87.57067968], [41.73716944, -87.57313169], [41.73712844, -87.57558169], [41.73707943, -87.57800969], [41.73706283, -87.58036872], [41.73703083, -87.58255872], [41.73699713, -87.58507086], [41.73698595, -87.58593388], [41.73695083, -87.58763372], [41.73691983, -87.59010373], [41.73687511, -87.59373298], [41.73680283, -87.59742773], [41.73678983, -87.59896273], [41.73676939, -87.60141109], [41.73671837, -87.60521361], [41.73669016, -87.60712197], [41.73666583, -87.60950873], [41.73661576, -87.61200471], [41.73657991, -87.61444128], [41.73656488, -87.61607691], [41.73653083, -87.61750373], [41.73650283, -87.61913773], [41.73648083, -87.62074373], [41.73643217, -87.6240306], [41.73641903, -87.62477147], [41.73635442, -87.62754863], [41.73630819, -87.62880981], [41.73604736, -87.6328306], [41.73623188, -87.63611994], [41.73620585, -87.6386459], [41.73619367, -87.6411036], [41.73617708, -87.64406985], [41.73615263, -87.6455516], [41.73610866, -87.64884351], [41.73607506, -87.65078407], [41.73603507, -87.65359521], [41.73600475, -87.65568867], [41.73596837, -87.65802733], [41.73593721, -87.66048928], [41.73591212, -87.6628913], [41.73586825, -87.66537114], [41.73582515, -87.66819823], [41.73579897, -87.67025899], [41.73577846, -87.67266775], [41.73573065, -87.67588001], [41.73565617, -87.68222082], [41.73562831, -87.68439108], [41.73555307, -87.68807629], [41.73552449, -87.68956852], [41.73547267, -87.69251698], [41.73543823, -87.6945598], [41.73539623, -87.6969088], [41.73537006, -87.69839909], [41.73538552, -87.69960609], [41.73537552, -87.70173809], [41.73529751, -87.7045231], [41.73524876, -87.70769179], [41.7351754, -87.71142582], [41.73508684, -87.71402423], [41.73504384, -87.71645923], [41.73501807, -87.71885792], [41.73498862, -87.72087813], [41.73494083, -87.72379744], [41.7348954, -87.72611341], [41.73481626, -87.72859037], [41.73480613, -87.73100336], [41.73477113, -87.73341237], [41.73473281, -87.73590388], [41.73469236, -87.73828199], [41.73279368, -87.74165988]]","[[41.73279368, -87.74165988], [41.73423688, -87.74090797], [41.73445259, -87.73854448], [41.73444475, -87.73670531], [41.73449673, -87.7337168], [41.73452786, -87.73175862], [41.7345792, -87.72878903], [41.73461031, -87.72686874], [41.73470903, -87.7239747], [41.73472208, -87.72172643], [41.73479489, -87.71911263], [41.73484767, -87.71604025], [41.73487928, -87.7142], [41.734944, -87.71177658], [41.73501072, -87.70744241], [41.73500364, -87.70404331], [41.73504671, -87.7025342], [41.73508364, -87.69988631], [41.73517708, -87.69711195], [41.73520389, -87.69500536], [41.7352659, -87.69242318], [41.7352854, -87.68998218], [41.73528415, -87.68764025], [41.73538625, -87.68465618], [41.73543102, -87.68187225], [41.73548045, -87.67614051], [41.73556115, -87.67229965], [41.73560316, -87.67044295], [41.73563484, -87.66807561], [41.73566386, -87.66562862], [41.73568335, -87.66256775], [41.73573597, -87.66073226], [41.73578404, -87.65777681], [41.73580907, -87.65588268], [41.73585195, -87.65305159], [41.73590115, -87.65105242], [41.73589233, -87.64809086], [41.73595465, -87.64545077], [41.73598431, -87.64313687], [41.73599634, -87.64129619], [41.73600988, -87.63886627], [41.73602024, -87.63651475], [41.73592735, -87.63281077], [41.73608605, -87.62904354], [41.73621366, -87.62780798], [41.73616913, -87.62483501], [41.73620123, -87.62378151], [41.73634643, -87.62114076], [41.73637029, -87.61960821], [41.73641783, -87.61791373], [41.73641814, -87.61628436], [41.73644269, -87.61467859], [41.73647655, -87.61221573], [41.73654083, -87.60981073], [41.73655272, -87.60733678], [41.73657162, -87.60505827], [41.73661813, -87.60250426], [41.73665283, -87.60132773], [41.73667201, -87.59930611], [41.73670249, -87.59714765], [41.73675778, -87.59308825], [41.73681231, -87.59064746], [41.73682073, -87.58824732], [41.73684702, -87.58581008], [41.73685483, -87.58482272], [41.73688783, -87.58290572], [41.73692583, -87.58071072], [41.73696324, -87.57824626], [41.73699945, -87.57550872], [41.73704083, -87.57346272], [41.73705283, -87.57104372], [41.73708983, -87.56900272], [41.73713632, -87.56584418], [41.73717583, -87.56382272], [41.73721083, -87.56142272], [41.73725583, -87.55856371], [41.73728283, -87.55713372], [41.73729578, -87.55430675], [41.73730833, -87.55154839], [41.73736583, -87.54892071], [41.73739083, -87.54602871], [41.73740583, -87.54462571], [41.73580983, -87.54447371], [41.73397783, -87.54443871], [41.73216983, -87.54440871], [41.73027928, -87.54438563], [41.73018889, -87.54685509], [41.73016205, -87.54976079]]",,,,
88,88,Higgins,21.5,23.17,21.0,23.0,,,50.0,48.0,"[[41.96969213, -87.76158466], [41.97053252, -87.76349686], [41.96974577, -87.76505584], [41.97032707, -87.76727126], [41.9713078, -87.77093095], [41.97193618, -87.77332854], [41.97258934, -87.77566657], [41.97339081, -87.77863895], [41.97399311, -87.78056183], [41.97487421, -87.78328167], [41.97554163, -87.78533473], [41.97630927, -87.78771147], [41.97710293, -87.79015014], [41.97790045, -87.7925534], [41.9787668, -87.79542716], [41.97915228, -87.79752892], [41.97965216, -87.79988939], [41.98017879, -87.80227148], [41.98068079, -87.80456949], [41.98114386, -87.80673181], [41.98299979, -87.80680386], [41.98660186, -87.80827639], [41.98745224, -87.81021562], [41.98873473, -87.81288255], [41.99068752, -87.81672961], [41.99184221, -87.81896857], [41.99333686, -87.82192882], [41.99494595, -87.82178806], [41.9968129, -87.82110517]]","[[41.9968129, -87.82110517], [41.99686186, -87.81909682], [41.99692283, -87.81680823], [41.99700296, -87.81369461], [41.99707286, -87.81048782], [41.99638019, -87.80922574], [41.99534586, -87.80693481], [41.99362086, -87.80690881], [41.99211486, -87.80692381], [41.99008486, -87.80694381], [41.98877586, -87.80694481], [41.98557018, -87.8070648], [41.98230416, -87.80712789], [41.9808827, -87.80636599], [41.98055344, -87.8047507], [41.97998566, -87.80211272], [41.97952153, -87.79983579], [41.97901958, -87.79759033], [41.97849342, -87.79519096], [41.97777719, -87.79277905], [41.97703592, -87.79035571], [41.97613215, -87.78758442], [41.97537828, -87.78523665], [41.97470862, -87.78316691], [41.97391774, -87.78073672], [41.97303488, -87.77793545], [41.97246457, -87.77594252], [41.97174152, -87.77312824], [41.97118484, -87.77110783], [41.97030864, -87.76770771], [41.96970213, -87.76477716], [41.97052858, -87.76328112], [41.96983313, -87.76113466], [41.96969213, -87.76158466]]",,,,
90,90,Harlem,36.95,40.49,50.5,52.0,,,60.0,64.0,"[[41.98194359, -87.80702241], [41.980795, -87.80713629], [41.97873786, -87.80708081], [41.97724695, -87.80709675], [41.97631586, -87.80710581], [41.97463886, -87.80715881], [41.97333828, -87.80719695], [41.97100086, -87.80724374], [41.96909315, -87.8072033], [41.96750522, -87.80731135], [41.96538804, -87.80729463], [41.96381899, -87.80737793], [41.96137922, -87.80737796], [41.95996495, -87.80731454], [41.95831591, -87.8074047], [41.95723148, -87.8074311], [41.95565124, -87.80740793], [41.95405973, -87.80741605], [41.95289509, -87.80738728], [41.95081086, -87.80727081], [41.94898786, -87.80720581], [41.94685541, -87.80718219], [41.94541945, -87.80711015], [41.94353586, -87.80701181], [41.94167586, -87.80694481], [41.93990085, -87.80688181], [41.93817482, -87.80685121], [41.93623769, -87.80675243], [41.93457911, -87.8066861], [41.93284908, -87.80670814], [41.93098696, -87.80659856], [41.92947028, -87.80658284], [41.92787764, -87.80652746], [41.92518424, -87.80644143], [41.92379026, -87.80634415], [41.92179638, -87.80639272], [41.91993455, -87.80638924], [41.91817139, -87.80630807], [41.91607333, -87.80609458], [41.91450313, -87.80602944], [41.91232108, -87.80597001], [41.91086752, -87.80591462], [41.90902252, -87.80600064], [41.90714039, -87.80595235], [41.90532929, -87.80580782], [41.90347114, -87.80579122], [41.90166018, -87.80567858], [41.89989731, -87.80566121], [41.89800298, -87.80554927], [41.89624039, -87.80559566], [41.89431004, -87.80542026], [41.89237614, -87.80526542], [41.89025032, -87.80524023], [41.88868748, -87.80527527], [41.88707195, -87.80409467], [41.88676715, -87.80320063]]","[[41.88676715, -87.80320063], [41.88672335, -87.8045024], [41.88883602, -87.80495072], [41.89096485, -87.80500425], [41.89288698, -87.80499969], [41.89416143, -87.80507894], [41.89619569, -87.80512201], [41.89800145, -87.80521328], [41.89959394, -87.80527352], [41.90142704, -87.80531826], [41.90321529, -87.80533344], [41.90509309, -87.80537782], [41.90694881, -87.80548222], [41.90914582, -87.8056297], [41.91056973, -87.80571282], [41.91241966, -87.80580902], [41.91416905, -87.80587028], [41.91612076, -87.8059237], [41.91794804, -87.80590035], [41.91971407, -87.80594567], [41.92101449, -87.80607228], [41.92225854, -87.80612384], [41.92422057, -87.80618464], [41.92704433, -87.80624565], [41.92885233, -87.80631065], [41.93100232, -87.8064159], [41.93249914, -87.80647047], [41.93427792, -87.80654976], [41.93628985, -87.80661481], [41.93781056, -87.80665441], [41.93973485, -87.80673581], [41.94151085, -87.80679881], [41.94337086, -87.80686581], [41.94512438, -87.80691388], [41.94701186, -87.80699581], [41.94882286, -87.80705981], [41.95064586, -87.80712481], [41.95300719, -87.80718892], [41.95499538, -87.80722266], [41.95810686, -87.80710881], [41.95910586, -87.80710781], [41.96091186, -87.80710781], [41.96274659, -87.80713309], [41.96356833, -87.80700881], [41.96540643, -87.80709649], [41.96720686, -87.80700881], [41.96811949, -87.80699032], [41.96907571, -87.80696137], [41.97089082, -87.80694228], [41.97180186, -87.80694854], [41.97479286, -87.80695581], [41.97623286, -87.80695981], [41.97703602, -87.80692998], [41.97780323, -87.8068984], [41.97904814, -87.80689572], [41.98299979, -87.80680386], [41.98194359, -87.80702241]]",,,,
91,91,Austin,43.48,42.91,54.5,46.5,,,76.0,74.0,"[[41.96981557, -87.76178458], [41.96901632, -87.76185389], [41.96776079, -87.76289799], [41.96785539, -87.76776033], [41.96780886, -87.7700748], [41.96776886, -87.7727168], [41.9677531, -87.77472701], [41.96744119, -87.77735349], [41.96580986, -87.7772798], [41.96497986, -87.7772478], [41.96405286, -87.7772178], [41.96224886, -87.7771568], [41.96043386, -87.7770958], [41.95860286, -87.7770348], [41.95677686, -87.7769728], [41.95495086, -87.7769118], [41.95317088, -87.77687664], [41.95129486, -87.7767798], [41.94949686, -87.7767108], [41.94767686, -87.7766398], [41.94587326, -87.77659814], [41.94381728, -87.77650414], [41.94218586, -87.7764278], [41.94034986, -87.7763578], [41.9382996, -87.77629409], [41.93669186, -87.7762248], [41.93487715, -87.77617244], [41.93304486, -87.7760998], [41.93121985, -87.7760378], [41.92938185, -87.7759768], [41.92756285, -87.7759158], [41.92573785, -87.7758558], [41.92396794, -87.7758142], [41.92208885, -87.7757318], [41.92070779, -87.77570874], [41.9180594, -87.77566697], [41.9143379, -87.77548894], [41.91298085, -87.7754238], [41.91116285, -87.7753638], [41.90897082, -87.77568373], [41.90728245, -87.77561634], [41.90562485, -87.77555779], [41.90369914, -87.77549848], [41.9018295, -87.77545034], [41.90029589, -87.77538498], [41.89823992, -87.77532957], [41.89648918, -87.77527344], [41.89481097, -87.77525051], [41.89174354, -87.77514], [41.89041808, -87.77507748], [41.88811266, -87.77501885], [41.88692258, -87.7749598], [41.88537784, -87.77490853], [41.88384985, -87.77483579], [41.88187585, -87.77481779], [41.87987987, -87.77474727], [41.87767885, -87.77461879], [41.87635059, -87.77454483], [41.87471438, -87.77455244], [41.87267881, -87.77445014], [41.87110977, -87.7743717], [41.86904283, -87.77434333], [41.86725084, -87.77307379], [41.86555884, -87.77296879], [41.86563684, -87.77405079]]","[[41.86563684, -87.77405079], [41.86746584, -87.77411779], [41.86917305, -87.77415168], [41.87032984, -87.77423779], [41.87269232, -87.77427447], [41.87461139, -87.7743744], [41.87653685, -87.77444179], [41.87778785, -87.77447079], [41.88035502, -87.7745829], [41.8822046, -87.77457354], [41.8840837, -87.77468041], [41.88568587, -87.77475868], [41.88698785, -87.77478579], [41.88817957, -87.77483515], [41.89012321, -87.77491371], [41.89179385, -87.77496379], [41.89494379, -87.77504923], [41.89665597, -87.77512435], [41.89851298, -87.77518173], [41.90027832, -87.77523717], [41.90190697, -87.7752754], [41.90394944, -87.77535612], [41.90568954, -87.77533631], [41.90756446, -87.77547834], [41.90911454, -87.77551641], [41.91099685, -87.7752188], [41.91281485, -87.7752778], [41.91417639, -87.7753109], [41.91782085, -87.7754438], [41.92076887, -87.77552605], [41.92192385, -87.7755858], [41.92369759, -87.77561535], [41.92557285, -87.7757098], [41.92739785, -87.7757708], [41.92925628, -87.77581992], [41.93109462, -87.77584171], [41.93287885, -87.7759548], [41.9350686, -87.77603251], [41.93652686, -87.7760788], [41.93862186, -87.7761398], [41.93943082, -87.7762022], [41.94018386, -87.7762118], [41.94201986, -87.7762828], [41.94385286, -87.7763538], [41.94569186, -87.7764248], [41.94751186, -87.7764948], [41.94933186, -87.7765648], [41.95112986, -87.7766348], [41.95316343, -87.77670603], [41.95478586, -87.7767668], [41.95661086, -87.7768278], [41.95843786, -87.7768888], [41.96026786, -87.7769498], [41.96208286, -87.7770108], [41.96390086, -87.7770718], [41.96483609, -87.77709071], [41.96574909, -87.7771207], [41.96759452, -87.77693385], [41.96764486, -87.7749228], [41.96763383, -87.77248869], [41.96767365, -87.76998259], [41.96772377, -87.76723747], [41.96758818, -87.76229953], [41.96836529, -87.76103222], [41.96983313, -87.76113466], [41.96981557, -87.76178458]]",,,,
92,92,Foster,34.54,32.06,48.0,43.0,,,78.0,77.0,"[[41.97810496, -87.65894335], [41.97815626, -87.65632745], [41.97801981, -87.65513486], [41.97646636, -87.65534858], [41.97640574, -87.65962579], [41.97634187, -87.66225077], [41.97631388, -87.66500854], [41.9762641, -87.66823743], [41.97624354, -87.66941805], [41.97620854, -87.67194005], [41.97617054, -87.67427806], [41.97613854, -87.67624206], [41.97610306, -87.67983611], [41.97605013, -87.68181573], [41.97601457, -87.68418158], [41.97598366, -87.68664311], [41.975966, -87.68951427], [41.97594106, -87.69263725], [41.97590486, -87.69398392], [41.97592285, -87.69636572], [41.97589483, -87.69878079], [41.97590766, -87.70143643], [41.97590765, -87.70293344], [41.97587651, -87.70726751], [41.97583312, -87.70845524], [41.97578452, -87.71098501], [41.97575453, -87.71343051], [41.97574392, -87.71589072], [41.97572218, -87.71857444], [41.97569184, -87.71970497], [41.97565943, -87.72129607], [41.97563149, -87.72495417], [41.97560076, -87.72806246], [41.97560797, -87.72935163], [41.97554991, -87.73339429], [41.97553106, -87.7346181], [41.97549093, -87.73821726], [41.97545143, -87.74083445], [41.97543966, -87.74630162], [41.97543166, -87.74773973], [41.97538942, -87.74916482], [41.97535286, -87.75171312], [41.97532807, -87.75547956], [41.97527186, -87.7576738], [41.97527409, -87.76011617], [41.97525663, -87.76264941], [41.97476268, -87.7667381], [41.97067755, -87.76337455], [41.97008412, -87.76184828], [41.97045762, -87.76218193]]","[[41.97045762, -87.76218193], [41.97114957, -87.76360316], [41.9746153, -87.76663347], [41.97510286, -87.7628708], [41.97513386, -87.7603888], [41.97517086, -87.7578908], [41.97519786, -87.7553798], [41.97523782, -87.75136359], [41.9752614, -87.74937268], [41.97527036, -87.74822541], [41.97530786, -87.74570566], [41.97535166, -87.74074805], [41.97538241, -87.73821044], [41.97540366, -87.73570904], [41.97540416, -87.73447701], [41.97541609, -87.7332441], [41.97544154, -87.72934349], [41.97546687, -87.72846153], [41.97551287, -87.72470279], [41.97552487, -87.72124779], [41.97553387, -87.71978579], [41.97559057, -87.71792805], [41.97561387, -87.71610379], [41.97563606, -87.71324945], [41.97566787, -87.71122878], [41.9756893, -87.70887215], [41.97576194, -87.70593594], [41.97566696, -87.70280194], [41.97567696, -87.70142695], [41.97575788, -87.6987452], [41.97579906, -87.69655788], [41.97579252, -87.69415867], [41.9758036, -87.69203189], [41.97582988, -87.68935131], [41.97591133, -87.68683181], [41.97594633, -87.6843868], [41.97594647, -87.68192014], [41.97596772, -87.67957451], [41.97601187, -87.67651677], [41.97607435, -87.6749524], [41.97607758, -87.67215682], [41.97610611, -87.66985669], [41.97613471, -87.66860925], [41.97619487, -87.66485688], [41.97623787, -87.66232577], [41.97686437, -87.6597594], [41.97810496, -87.65894335]]",,,,
93,93,California/Dodge,42.22,39.99,56.0,48.0,,,48.0,50.0,"[[42.04778238, -87.68347888], [42.04713058, -87.68474942], [42.04712062, -87.68661563], [42.04844679, -87.68663839], [42.04866743, -87.684694], [42.05222146, -87.68485577], [42.05219619, -87.68771705], [42.05232788, -87.68993578], [42.05222164, -87.69561485], [42.05197479, -87.69899547], [42.0484616, -87.69908582], [42.04548347, -87.69916153], [42.04398029, -87.69922396], [42.04285078, -87.69923293], [42.0409693, -87.69924332], [42.039325, -87.69920503], [42.03747914, -87.69924437], [42.0357115, -87.69928292], [42.03398017, -87.69944306], [42.03280123, -87.69942115], [42.03025191, -87.69935817], [42.02848295, -87.69947826], [42.02666702, -87.69961478], [42.02481625, -87.69952898], [42.02304925, -87.69958999], [42.02132566, -87.69958154], [42.01944262, -87.69968463], [42.01759387, -87.69969178], [42.01577487, -87.69972478], [42.01396087, -87.69975778], [42.01216814, -87.69981279], [42.01034287, -87.69981878], [42.0085433, -87.69986974], [42.00673387, -87.69987478], [42.00493087, -87.69990078], [42.00311087, -87.69985478], [42.00128987, -87.69980578], [41.99946987, -87.69975778], [41.99765406, -87.69973405], [41.99584687, -87.69964978], [41.99435675, -87.69960178], [41.99226387, -87.69953078], [41.99023134, -87.69949244], [41.98865587, -87.69941078], [41.98683787, -87.69935078], [41.98578743, -87.69934099], [41.98501287, -87.69928978], [41.98320687, -87.69922978], [41.98138287, -87.69917178], [41.97956187, -87.69911378], [41.97774287, -87.69905578], [41.97595799, -87.69902094], [41.97590766, -87.70143643], [41.97590765, -87.70293344], [41.97587651, -87.70726751], [41.97583312, -87.70845524], [41.97578452, -87.71098501], [41.97538562, -87.71364923], [41.97389787, -87.71359578], [41.9728069, -87.7135606], [41.97030686, -87.71349278], [41.96836098, -87.71230203]]","[[41.96836098, -87.71230203], [41.96833473, -87.71103067], [41.96878747, -87.70840467], [41.97020096, -87.70840955], [41.97198867, -87.70849608], [41.97381863, -87.70854891], [41.97562208, -87.70859645], [41.97576194, -87.70593594], [41.97566696, -87.70280194], [41.97567696, -87.70142695], [41.97603362, -87.6988476], [41.97757687, -87.69890978], [41.97939587, -87.69896778], [41.98121687, -87.69902678], [41.98304087, -87.69908478], [41.98532189, -87.69914923], [41.98667187, -87.69920478], [41.98848987, -87.69926578], [41.99030651, -87.69931428], [41.99209887, -87.69938578], [41.99388887, -87.69944478], [41.99568187, -87.69950478], [41.99747887, -87.69956378], [41.99930487, -87.69961278], [42.00112487, -87.69966078], [42.00294487, -87.69970878], [42.00476587, -87.69975478], [42.00656887, -87.69972878], [42.00837187, -87.69970078], [42.01017787, -87.69967278], [42.01198887, -87.69964478], [42.01379587, -87.69961178], [42.01560887, -87.69957878], [42.01742887, -87.69954578], [42.01920787, -87.69952578], [42.02120739, -87.69939628], [42.02296339, -87.69943128], [42.02473039, -87.69937027], [42.02677531, -87.69937938], [42.02820239, -87.69937725], [42.0305955, -87.69924983], [42.03257314, -87.69925527], [42.03406625, -87.69914231], [42.03558531, -87.6990953], [42.03736836, -87.69901462], [42.0391988, -87.6990174], [42.04095103, -87.69902096], [42.04260916, -87.69898348], [42.04410282, -87.69899794], [42.04692788, -87.69894579], [42.04822834, -87.69883571], [42.0520022, -87.69877236], [42.05208278, -87.69615276], [42.05212944, -87.69366001], [42.05211665, -87.6903365], [42.05198151, -87.68486226], [42.05007048, -87.68490069], [42.04778238, -87.68347888]]",,,,
94,94,California,86.38,87.95,115.2,111.2,,,78.0,79.0,"[[41.94599458, -87.69396457], [41.94677186, -87.69479859], [41.94631996, -87.69813758], [41.94292223, -87.69801745], [41.94033286, -87.69791878], [41.93953145, -87.69792395], [41.93765586, -87.69784278], [41.93582086, -87.69780278], [41.9346383, -87.69777155], [41.93194605, -87.69771708], [41.93027886, -87.69763678], [41.92877973, -87.69762667], [41.92813317, -87.69760657], [41.92676697, -87.69755315], [41.92460227, -87.69750142], [41.92310323, -87.69745151], [41.92180406, -87.69740918], [41.91971211, -87.69734632], [41.91760098, -87.6972851], [41.91577186, -87.69721477], [41.91411626, -87.69717646], [41.91245486, -87.69711777], [41.90996198, -87.69714678], [41.90852899, -87.69711703], [41.90669775, -87.69706662], [41.90566385, -87.69699177], [41.90476509, -87.69701828], [41.90303401, -87.69698687], [41.90119085, -87.69692077], [41.89939838, -87.69688622], [41.89818211, -87.69685353], [41.89578197, -87.69680134], [41.89571406, -87.69975158], [41.89203214, -87.70210361], [41.88955461, -87.70164129], [41.88641498, -87.7012044], [41.88645885, -87.69900977], [41.88648885, -87.69655377], [41.88533985, -87.69649077], [41.88403468, -87.69641919], [41.88270364, -87.69641242], [41.88089886, -87.69638038], [41.87933785, -87.69631577], [41.87726621, -87.69629035], [41.87359459, -87.69618673], [41.87114485, -87.69609777], [41.86931685, -87.69604977], [41.86814021, -87.69602708], [41.86622541, -87.69599972], [41.8647487, -87.69589035], [41.86259385, -87.69586477], [41.86151868, -87.69585865], [41.86088389, -87.69583043], [41.85922585, -87.69576977], [41.85747885, -87.69570877], [41.85563885, -87.69564277], [41.85410895, -87.69559854], [41.85200834, -87.6955336], [41.85015985, -87.69546477], [41.84800166, -87.69542512], [41.84653284, -87.69534877], [41.84474384, -87.69528877], [41.84352997, -87.69525634], [41.84102157, -87.69520443], [41.84009136, -87.69517455], [41.83753758, -87.69513529], [41.8361513, -87.69510521], [41.83368971, -87.69514059], [41.82988682, -87.6949158], [41.82834784, -87.69482476], [41.82740684, -87.69480876], [41.82473017, -87.69477243], [41.82290382, -87.69472298], [41.81958307, -87.69463714], [41.81738384, -87.69456276], [41.8155948, -87.69452129], [41.81382384, -87.69443676], [41.81200384, -87.69437176], [41.81019584, -87.69432076], [41.80822534, -87.6938379], [41.80826513, -87.69187273], [41.8083058, -87.68943018], [41.80833184, -87.68698874], [41.80838174, -87.6845683], [41.80515309, -87.68402584], [41.80129605, -87.68433521], [41.80113917, -87.68648082], [41.801118, -87.68904295], [41.80109917, -87.69146522], [41.80082059, -87.69409196], [41.79925084, -87.69391076], [41.79741863, -87.6939274], [41.79559275, -87.69393154], [41.79379187, -87.69387922], [41.79190917, -87.69385135], [41.79007617, -87.69383034], [41.78826417, -87.69379834], [41.78652747, -87.69369486], [41.7846915, -87.69360445], [41.7828835, -87.69357345], [41.7810565, -87.69354244], [41.77899242, -87.69346909], [41.77738183, -87.69337476], [41.77556883, -87.69333276], [41.7737443, -87.6933615], [41.77192939, -87.69331273], [41.77008183, -87.69314576], [41.76828961, -87.69320014], [41.76637597, -87.69314934], [41.76448632, -87.69284834], [41.76453783, -87.69068376], [41.76456883, -87.68824376], [41.76460683, -87.68579575], [41.76493387, -87.68312256], [41.76822828, -87.68321234], [41.76832983, -87.68089375], [41.76834483, -87.67968275], [41.76837783, -87.67616975], [41.76837691, -87.67377637], [41.76676583, -87.67364975], [41.76465991, -87.67363224], [41.76308483, -87.67355175], [41.76124683, -87.67351475], [41.75920583, -87.67307612]]","[[41.75939883, -87.67324489], [41.76108183, -87.67337075], [41.76291883, -87.67340675], [41.76490586, -87.67345257], [41.76659983, -87.67350475], [41.76851985, -87.67387598], [41.76845721, -87.67585834], [41.76844382, -87.67952718], [41.76844481, -87.68062718], [41.76814977, -87.68349439], [41.76485403, -87.6833858], [41.76468983, -87.68537676], [41.76464083, -87.68792176], [41.76467068, -87.69050325], [41.76461685, -87.69292196], [41.76628835, -87.69300993], [41.76807725, -87.69305269], [41.76992983, -87.69300076], [41.7717146, -87.69310954], [41.77357883, -87.69314476], [41.77540283, -87.69318776], [41.77721683, -87.69322976], [41.77928397, -87.69333232], [41.7808993, -87.69335157], [41.7827273, -87.69338257], [41.7845353, -87.69341357], [41.78632583, -87.69350116], [41.78815328, -87.69352548], [41.78996528, -87.69355748], [41.79179728, -87.69357849], [41.79357527, -87.6937165], [41.79545223, -87.69375334], [41.79730305, -87.69379838], [41.7990852, -87.69383168], [41.80086826, -87.69391128], [41.80097684, -87.69159176], [41.80102484, -87.68914376], [41.80104264, -87.6867924], [41.80140058, -87.68413399], [41.80534663, -87.68414107], [41.80850123, -87.68469235], [41.80845636, -87.68689377], [41.80842866, -87.68921914], [41.80839019, -87.69160507], [41.80836008, -87.694029], [41.81003084, -87.69417576], [41.81183884, -87.69422676], [41.81365784, -87.69429176], [41.81548254, -87.69429163], [41.81731712, -87.69435085], [41.82041111, -87.69448726], [41.82269471, -87.69456179], [41.82452784, -87.69456776], [41.82744292, -87.69464354], [41.82818184, -87.69467976], [41.82994623, -87.69467033], [41.83368834, -87.69489328], [41.8361871, -87.69489049], [41.83731636, -87.69493743], [41.83854093, -87.69500697], [41.84007312, -87.69503586], [41.8406465, -87.69505648], [41.84355381, -87.69510768], [41.84457785, -87.69514277], [41.84636684, -87.69520377], [41.84818299, -87.69526476], [41.84999485, -87.69531977], [41.85210526, -87.69537607], [41.85381611, -87.69541498], [41.85547385, -87.69549777], [41.85729532, -87.69553542], [41.85905939, -87.69558398], [41.86114242, -87.6956678], [41.86251085, -87.69571877], [41.86473817, -87.6957486], [41.86635763, -87.69578712], [41.86797947, -87.69587577], [41.86941147, -87.69590737], [41.87097985, -87.69595177], [41.87370067, -87.69600789], [41.87766586, -87.69611529], [41.87918864, -87.69616162], [41.88127115, -87.69621149], [41.8827737, -87.69626156], [41.8841144, -87.69631369], [41.88544885, -87.69634277], [41.88661583, -87.69630567], [41.88654149, -87.69877594], [41.88652934, -87.70120707], [41.89011559, -87.70165182], [41.891811, -87.70190775], [41.89544647, -87.70211563], [41.8955674, -87.6991223], [41.89584085, -87.69663077], [41.89819502, -87.69668825], [41.89943246, -87.69671262], [41.90107296, -87.6967317], [41.90321347, -87.69679951], [41.90461291, -87.69683007], [41.90560063, -87.69681263], [41.90643793, -87.6968694], [41.90833363, -87.69693163], [41.91050287, -87.69692022], [41.91190943, -87.69695312], [41.91300199, -87.69696272], [41.91560686, -87.69706977], [41.91740486, -87.69712177], [41.91932473, -87.69717862], [41.92179138, -87.69724381], [41.92269563, -87.69728241], [41.92499097, -87.69733592], [41.92652402, -87.69738348], [41.92881135, -87.69743797], [41.93019486, -87.69749077], [41.93240453, -87.69753576], [41.93458586, -87.69758978], [41.93572331, -87.6976166], [41.93747034, -87.69767455], [41.93933686, -87.69758278], [41.9393938, -87.69542819], [41.94299637, -87.69349389], [41.94599458, -87.69396457]]",,,,
96,96,Lunt,24.91,23.06,29.5,25.5,,,22.0,22.0,"[[42.00786837, -87.66563582], [42.00788431, -87.66380288], [42.00814087, -87.66160377], [42.00922928, -87.66239317], [42.00917885, -87.66613107], [42.00919004, -87.66807748], [42.00911534, -87.66994585], [42.00906179, -87.67242364], [42.00904319, -87.67418933], [42.00900843, -87.67586706], [42.00896413, -87.67794425], [42.00892356, -87.68005504], [42.0088955, -87.68167065], [42.00894638, -87.68380074], [42.00886782, -87.68592553], [42.00871328, -87.68802244], [42.00866428, -87.68996244], [42.00866694, -87.69257611], [42.00862767, -87.69489966], [42.00852472, -87.69718415], [42.00851306, -87.6996506], [42.01017787, -87.69967278], [42.01212627, -87.69999461], [42.01212337, -87.70214934], [42.01205543, -87.70425477], [42.01196994, -87.70664523], [42.01193637, -87.70942413], [42.01158172, -87.71169804], [42.00936681, -87.71446802], [42.00471256, -87.71173198], [41.99787399, -87.70953242]]","[[41.99787399, -87.70953242], [41.99777931, -87.71163618], [42.00456685, -87.71156514], [42.00936681, -87.71446802], [42.01174597, -87.71123049], [42.01179043, -87.70874184], [42.01186104, -87.70683069], [42.01191234, -87.70464395], [42.01192909, -87.70219213], [42.01198209, -87.69982913], [42.01034287, -87.69981878], [42.00843816, -87.69941838], [42.00847386, -87.69747554], [42.00852386, -87.69507354], [42.00853592, -87.69266176], [42.00858601, -87.68973918], [42.00861, -87.68811219], [42.00868346, -87.68613181], [42.00877446, -87.68407081], [42.00892557, -87.68204473], [42.00883769, -87.68017332], [42.00883158, -87.67817818], [42.00889931, -87.67595787], [42.00893887, -87.67409725], [42.00775567, -87.67228497], [42.00777751, -87.67017435], [42.00780288, -87.66792148], [42.00786837, -87.66563582]]",,,,
97,97,Skokie,41.5,44.32,45.5,50.0,,,50.0,48.0,"[[42.01875049, -87.67291177], [42.01948392, -87.67618993], [42.01950886, -87.67788781], [42.01951002, -87.68028623], [42.01955977, -87.68440382], [42.01960412, -87.68641863], [42.0196067, -87.68999134], [42.01953026, -87.69317846], [42.01947471, -87.6961886], [42.0194071, -87.69942715], [42.02120739, -87.69939628], [42.02296339, -87.69943128], [42.02473039, -87.69937027], [42.02663519, -87.69974292], [42.02655809, -87.70403987], [42.02651589, -87.70647134], [42.02645795, -87.71150397], [42.02639183, -87.71559298], [42.02639283, -87.71839299], [42.02639183, -87.720694], [42.02639083, -87.723193], [42.02630387, -87.72539379], [42.02629863, -87.72802429], [42.02629963, -87.73032429], [42.02629697, -87.73286651], [42.02629763, -87.7352263], [42.02629863, -87.7375233], [42.02629763, -87.73992631], [42.02634337, -87.74259087], [42.02635742, -87.74370736], [42.02634212, -87.74624429], [42.02632845, -87.74873262], [42.02635964, -87.75165497], [42.02642648, -87.75444635], [42.02777074, -87.75447716], [42.02978002, -87.75332187], [42.03175354, -87.75213988], [42.03339163, -87.75115264], [42.03621826, -87.74987093], [42.03741254, -87.74928379], [42.03887189, -87.74877223], [42.04087108, -87.74846207], [42.04000287, -87.75229247], [42.04093227, -87.75049371], [42.04432118, -87.75046884], [42.04619818, -87.75045983], [42.04798888, -87.7486768], [42.05018631, -87.74677099], [42.0521277, -87.74669604], [42.05359395, -87.74671092], [42.05542875, -87.74775373], [42.05539934, -87.74949618], [42.05546074, -87.75130056], [42.05945427, -87.7502762]]","[[42.05945427, -87.7502762], [42.06089688, -87.75076043], [42.05521805, -87.75122193], [42.05523121, -87.74868414], [42.05468121, -87.74699914], [42.05310121, -87.74699914], [42.05182121, -87.7470158], [42.04912621, -87.74704747], [42.04775121, -87.74704747], [42.04597121, -87.74704747], [42.04412788, -87.7470958], [42.04276121, -87.74715913], [42.04087108, -87.74846207], [42.04000287, -87.75229247], [42.04072856, -87.75083255], [42.04070287, -87.74849413], [42.03904335, -87.74906706], [42.03723337, -87.74967005], [42.03627029, -87.75007565], [42.03366217, -87.75129682], [42.03197552, -87.75234303], [42.02962991, -87.75362112], [42.02813363, -87.75447571], [42.02630679, -87.7544185], [42.02620787, -87.7518098], [42.0262276, -87.74893206], [42.0261517, -87.7465631], [42.02620587, -87.7439078], [42.02620687, -87.7426088], [42.02620587, -87.7402088], [42.02620687, -87.7378058], [42.02620587, -87.7355088], [42.02620587, -87.73280779], [42.02620787, -87.73060679], [42.02620687, -87.72830679], [42.02621228, -87.72570768], [42.02620587, -87.72350679], [42.02620687, -87.72100779], [42.02620787, -87.71870779], [42.02620687, -87.71590679], [42.02620587, -87.71469979], [42.02632499, -87.71134094], [42.02635472, -87.70707555], [42.02647274, -87.70548849], [42.02647398, -87.70414755], [42.02650488, -87.69960779], [42.02481625, -87.69952898], [42.02304925, -87.69958999], [42.02132566, -87.69958154], [42.01927347, -87.69931422], [42.01932379, -87.69741395], [42.01942664, -87.69338421], [42.01947371, -87.68975012], [42.01946598, -87.68661131], [42.01941903, -87.6842704], [42.01937474, -87.68054639], [42.01938149, -87.67774967], [42.01919304, -87.67633105], [42.01799279, -87.67581244], [42.01666146, -87.67381561], [42.01875049, -87.67291177]]",,,,
100,100,Jeffery Manor Express,38.44,38.48,36.0,35.0,,,23.0,22.0,"[[41.69192339, -87.52711003], [41.69171559, -87.52595426], [41.69356294, -87.52575445], [41.69531833, -87.5257154], [41.69711833, -87.52571541], [41.69891933, -87.52571442], [41.70080209, -87.52570518], [41.70279535, -87.52661723], [41.70277949, -87.52829853], [41.70278201, -87.53036092], [41.70280084, -87.53278109], [41.70280491, -87.53557208], [41.70281812, -87.53757662], [41.70282329, -87.53999669], [41.70285842, -87.54242767], [41.70285044, -87.54856031], [41.70285271, -87.55466971], [41.7028567, -87.5561377], [41.7028547, -87.5593677], [41.70451018, -87.55952926], [41.70621717, -87.55955085], [41.70831678, -87.55957282], [41.70999083, -87.55962571], [41.71186945, -87.55965602], [41.71365097, -87.56009382], [41.71363587, -87.56124565], [41.71361901, -87.56244326], [41.71374411, -87.56453371], [41.71526379, -87.56455734], [41.71703308, -87.56458284], [41.71888131, -87.56460838], [41.72016918, -87.56462141], [41.72243332, -87.56464231], [41.72263157, -87.56787657], [41.72259464, -87.57074522], [41.7225458, -87.57568173], [41.72248974, -87.57901677], [41.72246035, -87.58478052], [41.72243637, -87.58571902], [41.7223816, -87.58785192], [41.72234119, -87.59058598], [41.72231042, -87.59242157], [41.72230065, -87.59468603], [41.72226565, -87.59719086], [41.7221647, -87.60085948], [41.72215684, -87.60505913], [41.7220855, -87.60922629], [41.72200483, -87.61397273], [41.72188457, -87.62103355], [41.72137183, -87.62398373]]","[[41.72137183, -87.62398373], [41.72168377, -87.62074179], [41.7217841, -87.61434771], [41.72189483, -87.60956873], [41.72195156, -87.60455232], [41.72200618, -87.60082223], [41.72206216, -87.59731841], [41.72210883, -87.59445672], [41.72216473, -87.59240156], [41.7221979, -87.59077277], [41.72221183, -87.58795772], [41.72225383, -87.58545772], [41.72231113, -87.58175527], [41.72236435, -87.57918465], [41.72240837, -87.57498823], [41.72246358, -87.57153438], [41.7224786, -87.56787839], [41.72253059, -87.56486488], [41.72034825, -87.56475874], [41.71903563, -87.56472997], [41.71705182, -87.56469646], [41.71545227, -87.5646723], [41.71364974, -87.56465158], [41.71349406, -87.56316017], [41.71350961, -87.56195556], [41.71352607, -87.56074317], [41.71187612, -87.55980988], [41.71010886, -87.55975914], [41.70836584, -87.55976252], [41.70651808, -87.55974512], [41.70471508, -87.55972313], [41.70270076, -87.55907545], [41.70269042, -87.55755821], [41.70269692, -87.55496151], [41.70268702, -87.54937809], [41.70269855, -87.54266901], [41.70268703, -87.54025427], [41.7026874, -87.53782478], [41.70267687, -87.53543573], [41.70266592, -87.5329577], [41.70264709, -87.53053854], [41.70262457, -87.52707385], [41.7009682, -87.52703049], [41.69914627, -87.52705237], [41.69729056, -87.5270957], [41.69551654, -87.52708284], [41.69369939, -87.52709964], [41.69192339, -87.52711003]]",,,,
103,103,West 103rd,40.11,39.62,35.0,40.0,,,10.0,14.0,"[[41.72087583, -87.62461773], [41.72168377, -87.62074179], [41.72006167, -87.62064496], [41.71824945, -87.62060484], [41.71645683, -87.62055173], [41.71495079, -87.62056685], [41.71249509, -87.62023679], [41.71093537, -87.61998592], [41.70916335, -87.61998801], [41.70732057, -87.62029048], [41.70724193, -87.62338967], [41.70720527, -87.62578679], [41.70717154, -87.62868158], [41.70714604, -87.63059325], [41.70712096, -87.63250125], [41.70708785, -87.63544444], [41.7070527, -87.63788067], [41.70702332, -87.64030784], [41.70698689, -87.64320846], [41.70696904, -87.64517741], [41.70694371, -87.64759603], [41.7069226, -87.64999097], [41.70690172, -87.65237888], [41.70686724, -87.65547334], [41.70683801, -87.65698646], [41.70681211, -87.65855348], [41.70678696, -87.66036571], [41.70676528, -87.66198158], [41.70671096, -87.66435615], [41.70666533, -87.66702192], [41.70665426, -87.66861432], [41.70662719, -87.67054258], [41.70660165, -87.67199623], [41.70656779, -87.67305546], [41.70653528, -87.67514151], [41.70650985, -87.67672123], [41.70648068, -87.67831378], [41.706458, -87.67988123], [41.70646156, -87.6813799], [41.70648775, -87.68412087], [41.7064675, -87.68638105], [41.7064481, -87.68824706], [41.70642649, -87.69016651], [41.70641293, -87.69134858], [41.70638226, -87.69381225], [41.70635974, -87.69627656], [41.70631425, -87.69831393], [41.70629869, -87.70116166], [41.70626576, -87.7037057], [41.70622496, -87.70613636], [41.70620038, -87.70859871], [41.70617101, -87.71093218], [41.70612431, -87.71350034], [41.70607603, -87.71591121], [41.70603629, -87.71828512], [41.70748104, -87.72073606], [41.70944227, -87.72083994], [41.71130131, -87.72090271], [41.71139887, -87.72120324], [41.70951682, -87.72108976], [41.70760682, -87.72103076], [41.70557829, -87.72102104], [41.70416682, -87.72063076]]","[[41.70416682, -87.72063076], [41.70567209, -87.72080455], [41.70748104, -87.72073606], [41.70944227, -87.72083994], [41.71130131, -87.72090271], [41.71139887, -87.72120324], [41.70951682, -87.72108976], [41.70760682, -87.72103076], [41.7058536, -87.71856861], [41.70588805, -87.71612764], [41.70592549, -87.71368157], [41.70596571, -87.71117673], [41.70600233, -87.7088954], [41.70603439, -87.70635695], [41.70603497, -87.70388076], [41.70606905, -87.70148472], [41.7061113, -87.69911294], [41.70616671, -87.69683939], [41.70620269, -87.69404872], [41.70623103, -87.69163007], [41.70624861, -87.689961], [41.70628504, -87.68785194], [41.70628434, -87.68664942], [41.70631164, -87.68423161], [41.70630469, -87.68185034], [41.7063831, -87.67809006], [41.70640812, -87.6768855], [41.70645998, -87.67445767], [41.70648648, -87.67312282], [41.70652164, -87.67084769], [41.70653982, -87.66883674], [41.7065621, -87.66723203], [41.70661685, -87.66434696], [41.70666237, -87.66220739], [41.70667027, -87.66045816], [41.70669381, -87.65877037], [41.70670103, -87.65626212], [41.70673753, -87.65529642], [41.70677833, -87.65218503], [41.70679528, -87.65029303], [41.70680538, -87.64776456], [41.70683295, -87.64536424], [41.7068666, -87.64306965], [41.70689225, -87.64052205], [41.7069222, -87.63807893], [41.70695152, -87.63568129], [41.70698197, -87.6335687], [41.70701758, -87.63082626], [41.70704717, -87.62839745], [41.70707904, -87.62591124], [41.70710268, -87.62367678], [41.70749621, -87.62008182], [41.70898957, -87.61986268], [41.71074462, -87.61981554], [41.71259149, -87.62001669], [41.71449734, -87.6202654], [41.7162914, -87.62033868], [41.71809783, -87.62041473], [41.71989583, -87.62045173], [41.72188457, -87.62103355], [41.72087583, -87.62461773]]",,,,
106,106,East 103rd,24.41,25.49,22.0,19.0,,,55.0,59.0,"[[41.70874838, -87.58093291], [41.70839325, -87.59399536], [41.70942381, -87.58921354], [41.70768465, -87.59593908], [41.70761876, -87.59913198], [41.70758975, -87.60146198], [41.70756175, -87.60395998], [41.70751492, -87.60630791], [41.70746254, -87.60878261], [41.70742447, -87.61120099], [41.7073921, -87.61362767], [41.70736711, -87.61489263], [41.70734888, -87.61609547], [41.7073312, -87.61732131], [41.70731109, -87.61853392], [41.70729414, -87.62004691], [41.70898957, -87.61986268], [41.71074462, -87.61981554], [41.71259149, -87.62001669], [41.71449734, -87.6202654], [41.7162914, -87.62033868], [41.71809783, -87.62041473], [41.71989583, -87.62045173], [41.72188457, -87.62103355], [41.72087583, -87.62461773]]","[[41.72087583, -87.62461773], [41.72168377, -87.62074179], [41.72006167, -87.62064496], [41.71824945, -87.62060484], [41.71645683, -87.62055173], [41.71495079, -87.62056685], [41.71249509, -87.62023679], [41.71093537, -87.61998592], [41.70916335, -87.61998801], [41.70716518, -87.61997029], [41.70719118, -87.61876929], [41.70719218, -87.61752129], [41.70721667, -87.61629829], [41.70723019, -87.61506667], [41.70726294, -87.61338998], [41.70729593, -87.61144319], [41.7073328, -87.60899813], [41.70738775, -87.60615409], [41.70744364, -87.6034872], [41.70746519, -87.60131265], [41.70749419, -87.59895365], [41.70753989, -87.5966121], [41.70755071, -87.59455877], [41.70839325, -87.59399536], [41.70942381, -87.58921354], [41.70854102, -87.58117504]]",,,,
108,108,Halsted/95th,45.18,43.22,30.5,34.5,,,4.0,1.0,"[[41.72205083, -87.62402373], [41.72176327, -87.62918487], [41.72174583, -87.63120274], [41.72167783, -87.63322074], [41.72167245, -87.63585812], [41.72162583, -87.63819074], [41.72160083, -87.64057374], [41.72100812, -87.64333287], [41.71940549, -87.64329647], [41.71775983, -87.64321774], [41.71607583, -87.64319874], [41.71376629, -87.64318752], [41.71252983, -87.64308074], [41.71071782, -87.64302874], [41.70890782, -87.64298574], [41.70674588, -87.64295744], [41.70525582, -87.64289574], [41.70344082, -87.64283774], [41.70157582, -87.64277574], [41.69936024, -87.64274882], [41.69798782, -87.64266374], [41.69612082, -87.64259573], [41.69433482, -87.64254073], [41.69245486, -87.64251041], [41.6906156, -87.64245928], [41.68885582, -87.64236573], [41.68703982, -87.64232273], [41.68520061, -87.64228502], [41.68300695, -87.64222031], [41.68157874, -87.64216929], [41.67979082, -87.64208773], [41.67761813, -87.64203008], [41.67565121, -87.64196687], [41.67423539, -87.64190748], [41.67243982, -87.64186532], [41.67061165, -87.64180649], [41.66885582, -87.64171273], [41.66695896, -87.64168388], [41.66502282, -87.64157873], [41.66342082, -87.64152873], [41.66204575, -87.64112168], [41.66257082, -87.63921873], [41.65903539, -87.61751032], [41.65902708, -87.6152057], [41.65628664, -87.59098233]]","[[41.65628664, -87.59098233], [41.65921501, -87.6149246], [41.6591963, -87.61725087], [41.66355227, -87.61978999], [41.66331482, -87.64001773], [41.66331183, -87.64134014], [41.66494282, -87.64139073], [41.66679065, -87.6414196], [41.66858582, -87.64149573], [41.67075796, -87.64155217], [41.67228255, -87.64160673], [41.67400797, -87.64163596], [41.67620639, -87.64175257], [41.67799935, -87.64179146], [41.67959754, -87.64183713], [41.68165082, -87.64192073], [41.68393723, -87.64200826], [41.68524248, -87.64203277], [41.68677782, -87.64209773], [41.68858082, -87.64214874], [41.69039082, -87.64219874], [41.69224074, -87.64225897], [41.69403582, -87.64231373], [41.69581482, -87.64236773], [41.69766282, -87.64243574], [41.69948782, -87.64248273], [41.70128782, -87.64254574], [41.70312482, -87.64259774], [41.70494282, -87.64265774], [41.70707977, -87.64271445], [41.70860082, -87.64278374], [41.71044582, -87.64282774], [41.71224582, -87.64287274], [41.71453782, -87.64288874], [41.71525239, -87.64288439], [41.71769583, -87.64299074], [41.71951483, -87.64303274], [41.72130752, -87.64308432], [41.72139483, -87.64093774], [41.72142483, -87.63851274], [41.72146583, -87.63610374], [41.72149783, -87.63411073], [41.72152487, -87.63121677], [41.72155799, -87.62877741], [41.72205083, -87.62402373]]",,,,
111,111,111th/King Drive,33.63,35.74,34.5,37.5,,,69.0,67.0,"[[41.72117383, -87.62396973], [41.72168377, -87.62074179], [41.72171112, -87.61911729], [41.72175499, -87.61666962], [41.7217841, -87.61434771], [41.72021227, -87.61426319], [41.71835072, -87.61421244], [41.71421951, -87.61412012], [41.71103204, -87.61400346], [41.70745093, -87.61386706], [41.7037837, -87.6138456], [41.70006759, -87.61376016], [41.69650297, -87.61361609], [41.69282109, -87.61357547], [41.6927545, -87.61588368], [41.6927212, -87.61811798], [41.69268144, -87.62129939], [41.69266527, -87.62300685], [41.69261236, -87.6257099], [41.69258761, -87.62777286], [41.69254888, -87.63024776], [41.69253232, -87.63320637], [41.69252359, -87.63508723], [41.69249004, -87.6373989], [41.69245225, -87.63987105], [41.69241606, -87.64273966], [41.69239116, -87.64468832], [41.69237543, -87.64706813], [41.69231961, -87.64953171], [41.69228682, -87.65202816], [41.69230147, -87.65445225], [41.69224161, -87.65685441], [41.69224442, -87.65841225], [41.69218418, -87.66172307], [41.69201297, -87.66352515], [41.69024648, -87.66468096], [41.68847589, -87.6656643], [41.6867956, -87.66663041], [41.68465313, -87.66735437], [41.68468596, -87.66606347], [41.68468841, -87.66436482], [41.68469838, -87.66282294], [41.68358949, -87.66275709], [41.68039993, -87.66256315]]","[[41.68039993, -87.66256315], [41.6780562, -87.66122238], [41.68110614, -87.66122746], [41.68487031, -87.66305676], [41.68484297, -87.66399056], [41.68480221, -87.66608844], [41.68478299, -87.66737419], [41.68662507, -87.6665498], [41.68825642, -87.66562092], [41.69044769, -87.66436063], [41.69197326, -87.66334286], [41.69206082, -87.66194274], [41.69210914, -87.65869443], [41.69212786, -87.65708861], [41.69216083, -87.65463722], [41.6922098, -87.65220984], [41.6922238, -87.64979384], [41.69225479, -87.64733829], [41.69227579, -87.64504929], [41.69230602, -87.64212972], [41.69233275, -87.64006009], [41.6923661, -87.63762289], [41.6923936, -87.63526993], [41.69239208, -87.63304362], [41.69241784, -87.63045147], [41.69248701, -87.62753696], [41.69247408, -87.62590858], [41.6925258, -87.62323001], [41.69254734, -87.62122981], [41.69257908, -87.61841278], [41.69265082, -87.61572673], [41.69301969, -87.61324211], [41.69632457, -87.61337569], [41.6998892, -87.61351975], [41.70360531, -87.61360517], [41.70727253, -87.61362662], [41.71085364, -87.613763], [41.7146541, -87.61384653], [41.71817232, -87.61397195], [41.71992208, -87.61401922], [41.72199609, -87.61445396], [41.72196371, -87.61646558], [41.72192477, -87.61882512], [41.72188457, -87.62103355], [41.72117383, -87.62396973]]",,,,
111A,111A,Pullman Shuttle,15.3,17.86,15.5,19.5,,,41.0,41.0,"[[41.70836067, -87.58092616], [41.70420698, -87.59437306], [41.69758782, -87.59592239], [41.69522616, -87.59829072], [41.69297333, -87.60099628], [41.69289263, -87.60507715], [41.69287189, -87.60733638], [41.69246949, -87.61008406], [41.69108082, -87.61037972], [41.68899189, -87.61080495], [41.68745682, -87.61119673], [41.68559582, -87.61150573]]","[[41.68559582, -87.61150573], [41.68551593, -87.61297397], [41.68720152, -87.61311594], [41.68903532, -87.61318556], [41.69087096, -87.61323073], [41.69264574, -87.61329559], [41.69267829, -87.61226865], [41.69270728, -87.6093015], [41.69276685, -87.60731625], [41.69280782, -87.60480572], [41.69509949, -87.59870406], [41.7040931, -87.59402663], [41.70836067, -87.58092616]]",,,,
112,112,Vincennes/111th,34.78,34.98,34.0,41.5,,,59.0,60.0,"[[41.72251983, -87.62402473], [41.72176327, -87.62918487], [41.72174583, -87.63120274], [41.72167783, -87.63322074], [41.72167245, -87.63585812], [41.72162583, -87.63819074], [41.72160083, -87.64057374], [41.72156727, -87.64355915], [41.72153783, -87.64544274], [41.72150483, -87.64787874], [41.72094933, -87.65089324], [41.71930282, -87.65151855], [41.71707856, -87.65234004], [41.71596449, -87.65273082], [41.71419034, -87.65338207], [41.71151645, -87.65437346], [41.70908615, -87.65527726], [41.70717429, -87.65598372], [41.70505193, -87.65679372], [41.70319504, -87.65745886], [41.70094567, -87.65828431], [41.69923345, -87.65891863], [41.69680155, -87.66017269], [41.69589417, -87.66078441], [41.69456405, -87.66172279], [41.69298261, -87.66282585], [41.69201297, -87.66352515], [41.69024648, -87.66468096], [41.69083697, -87.66672281], [41.69136345, -87.66838426], [41.69200316, -87.67044514], [41.69200713, -87.67172151], [41.69197735, -87.67376612], [41.69191909, -87.67732447], [41.69186116, -87.68093043], [41.69184415, -87.68349093], [41.69181207, -87.68581786], [41.6917841, -87.68845242], [41.69178245, -87.69082666], [41.69170108, -87.69565536], [41.69168188, -87.69820857], [41.69164688, -87.70107425], [41.69159841, -87.70326297], [41.69157331, -87.7055682], [41.69151714, -87.70806101], [41.69148175, -87.71078896], [41.69145345, -87.71355327], [41.69140662, -87.7153502], [41.69108362, -87.71925887]]","[[41.69108362, -87.71925887], [41.69128482, -87.71546576], [41.69131972, -87.71326785], [41.69136524, -87.71037598], [41.69139882, -87.70826575], [41.69143882, -87.70583475], [41.69147582, -87.70341075], [41.69152111, -87.70057733], [41.69154282, -87.69848475], [41.69152135, -87.69614494], [41.69161965, -87.69099263], [41.69166082, -87.68864175], [41.69167522, -87.68615926], [41.69171582, -87.68376375], [41.69170551, -87.68065275], [41.69175438, -87.6776947], [41.69183782, -87.67424874], [41.69186182, -87.67080174], [41.69166405, -87.66986396], [41.69075691, -87.6670359], [41.69044769, -87.66436063], [41.69197326, -87.66334286], [41.69388644, -87.66203133], [41.69567957, -87.66075855], [41.69652973, -87.66016288], [41.69933453, -87.65869955], [41.70088838, -87.65813377], [41.70304935, -87.65733749], [41.70486969, -87.6566661], [41.70667638, -87.65596591], [41.70855908, -87.65529307], [41.71134056, -87.65425914], [41.71399417, -87.65326067], [41.71574285, -87.65262399], [41.7174524, -87.65199032], [41.71916917, -87.65137169], [41.72119077, -87.65060331], [41.72131014, -87.64811853], [41.72132922, -87.6457488], [41.7213629, -87.64280691], [41.72139483, -87.64093774], [41.72142483, -87.63851274], [41.72146583, -87.63610374], [41.72149783, -87.63411073], [41.72152487, -87.63121677], [41.72155799, -87.62877741], [41.72251983, -87.62402473]]",,,,
115,115,Pullman/115th,35.6,37.74,33.0,38.5,,,67.0,67.0,"[[41.72093283, -87.62396573], [41.72168377, -87.62074179], [41.72171112, -87.61911729], [41.72175499, -87.61666962], [41.7217841, -87.61434771], [41.72186958, -87.61183614], [41.72189483, -87.60956873], [41.72191557, -87.60698075], [41.72195156, -87.60455232], [41.72183548, -87.60331984], [41.72021293, -87.60372575], [41.71832793, -87.60413574], [41.71662865, -87.60454374], [41.71466121, -87.60498103], [41.71301105, -87.6053847], [41.7109716, -87.60581446], [41.70937309, -87.6061789], [41.70754669, -87.60661249], [41.70555096, -87.60702286], [41.70398883, -87.60741273], [41.70210082, -87.60781273], [41.70033182, -87.60823573], [41.69837282, -87.60866673], [41.69671782, -87.60907473], [41.69466318, -87.60948533], [41.6929052, -87.6099333], [41.69108082, -87.61037972], [41.68899189, -87.61080495], [41.68745682, -87.61119673], [41.68559582, -87.61150573], [41.68551593, -87.61297397], [41.68548192, -87.61536941], [41.68543699, -87.61832006], [41.68541801, -87.62112075], [41.68539972, -87.62267799], [41.6854004, -87.62553029], [41.68532307, -87.6274996], [41.68532107, -87.62989761], [41.68527044, -87.63236842], [41.68525605, -87.63480024], [41.68520917, -87.63721451], [41.68518205, -87.63957601], [41.6851613, -87.64256801], [41.68510522, -87.64694271], [41.68505382, -87.64936792], [41.68504175, -87.65183341], [41.68498709, -87.65422553], [41.68495368, -87.65655493], [41.68490961, -87.65988613], [41.68490015, -87.66144338], [41.68358949, -87.66275709], [41.68039993, -87.66256315]]","[[41.68039993, -87.66256315], [41.6780562, -87.66122238], [41.68110614, -87.66122746], [41.6847685, -87.66117652], [41.68480191, -87.65925647], [41.68481765, -87.65677509], [41.68484665, -87.65435709], [41.68489898, -87.6519694], [41.68494276, -87.64951505], [41.68496576, -87.64708104], [41.68503482, -87.64173652], [41.68505138, -87.64051259], [41.68510558, -87.6375109], [41.68515058, -87.63512789], [41.6851525, -87.6326299], [41.68517642, -87.63024181], [41.68517878, -87.62777196], [41.68524001, -87.62558458], [41.68524087, -87.62302515], [41.68528995, -87.62045703], [41.68529512, -87.61817202], [41.68535265, -87.61570344], [41.6856022, -87.61308881], [41.68720152, -87.61311594], [41.68903532, -87.61318556], [41.69087096, -87.61323073], [41.69264574, -87.61329559], [41.69267829, -87.61226865], [41.69310885, -87.60967137], [41.69464982, -87.60932273], [41.69651587, -87.60890511], [41.6980792, -87.60852408], [41.7002115, -87.6080585], [41.70188468, -87.60769246], [41.70369942, -87.60725366], [41.70553576, -87.60684395], [41.70782579, -87.60634234], [41.70920218, -87.60603149], [41.71118807, -87.60559179], [41.71275677, -87.60521748], [41.7146381, -87.60476529], [41.71655375, -87.60436418], [41.71835061, -87.60395933], [41.72020183, -87.60352166], [41.72152752, -87.60321745], [41.72215684, -87.60505913], [41.72213204, -87.60680285], [41.7220855, -87.60922629], [41.72206083, -87.61154273], [41.72200483, -87.61397273], [41.72196371, -87.61646558], [41.72192477, -87.61882512], [41.72188457, -87.62103355], [41.72093283, -87.62396573]]",,,,
119,119,Michigan/119th,34.24,34.35,32.0,35.0,,,90.0,90.0,"[[41.72267083, -87.62486173], [41.72168377, -87.62074179], [41.72006167, -87.62064496], [41.71824945, -87.62060484], [41.71645683, -87.62055173], [41.71495079, -87.62056685], [41.71249509, -87.62023679], [41.71093537, -87.61998592], [41.70916335, -87.61998801], [41.70732057, -87.62029048], [41.70547745, -87.62056749], [41.70361715, -87.62072932], [41.70170152, -87.62086594], [41.69967958, -87.62100785], [41.69817763, -87.62095795], [41.69634563, -87.62089595], [41.69451242, -87.62086954], [41.69240853, -87.62112582], [41.69086999, -87.62110866], [41.68907862, -87.62109026], [41.68715458, -87.62103121], [41.68509668, -87.62086291], [41.68403236, -87.62078178], [41.68266702, -87.62074451], [41.68174325, -87.62071119], [41.6800026, -87.62067001], [41.67818131, -87.62059243], [41.67808674, -87.62256612], [41.67806217, -87.62503724], [41.6780349, -87.62736175], [41.67801378, -87.62973583], [41.67798434, -87.63214341], [41.67795962, -87.63456921], [41.67793175, -87.63697659], [41.67789765, -87.63934748], [41.67788492, -87.6422611], [41.67785889, -87.6442334], [41.67782578, -87.64668457], [41.67774406, -87.65279209], [41.67767776, -87.65639212], [41.67764062, -87.65882694], [41.6776356, -87.66120191], [41.67758975, -87.66273224], [41.67755556, -87.66505484], [41.67748341, -87.66844939], [41.67742216, -87.67157729], [41.67731903, -87.67682165], [41.6775569, -87.6799084]]","[[41.6775569, -87.6799084], [41.67714851, -87.68031243], [41.67721426, -87.67706201], [41.6772653, -87.67255358], [41.67734708, -87.66899827], [41.67740654, -87.66524805], [41.67742462, -87.66267172], [41.67749985, -87.66049356], [41.67752611, -87.65908014], [41.67754811, -87.65659415], [41.677601, -87.65271988], [41.67767772, -87.64688555], [41.6777164, -87.64442881], [41.67775067, -87.642148], [41.67779248, -87.6396222], [41.67781882, -87.63720673], [41.67784382, -87.63479473], [41.67787172, -87.63240062], [41.67789816, -87.62999021], [41.67792421, -87.62757465], [41.67794953, -87.62524575], [41.67797399, -87.62278223], [41.67823531, -87.62044669], [41.67980787, -87.62049614], [41.68146997, -87.62055453], [41.68246829, -87.62056935], [41.68386063, -87.62062453], [41.68520907, -87.62072823], [41.68713282, -87.62081973], [41.689179, -87.62093936], [41.69103898, -87.62095367], [41.69275458, -87.6209768], [41.69468229, -87.62070169], [41.69648599, -87.62074601], [41.69801751, -87.62080109], [41.6998112, -87.62085793], [41.70168326, -87.62066201], [41.70337697, -87.62055223], [41.70528047, -87.62044149], [41.70749621, -87.62008182], [41.70898957, -87.61986268], [41.71074462, -87.61981554], [41.71259149, -87.62001669], [41.71449734, -87.6202654], [41.7162914, -87.62033868], [41.71809783, -87.62041473], [41.71989583, -87.62045173], [41.72188457, -87.62103355], [41.72267083, -87.62486173]]",,,,
120,120,Ogilvie/Streeterville Express,9.36,10.25,20.0,21.5,,,37.0,36.0,"[[41.89483545, -87.61785622], [41.89354848, -87.61784292], [41.89234786, -87.62038575], [41.89101394, -87.62429815], [41.88836886, -87.62493675], [41.88354985, -87.63986975]]","[[41.88354985, -87.63986975], [41.88806406, -87.62445718], [41.89084476, -87.62399922], [41.89171857, -87.61761293], [41.89338824, -87.61765567], [41.89496865, -87.61768009]]",,,,
121,121,Union/Streeterville Express,12.04,11.89,28.0,18.5,,,37.0,37.0,"[[41.89483545, -87.61785622], [41.89354848, -87.61784292], [41.89234786, -87.62038575], [41.89101394, -87.62429815], [41.88836886, -87.62493675], [41.87953168, -87.63700242], [41.87936585, -87.63940675], [41.87785369, -87.63988467]]","[[41.87785369, -87.63988467], [41.88806406, -87.62445718], [41.89084476, -87.62399922], [41.89171857, -87.61761293], [41.89338824, -87.61765567], [41.89496865, -87.61768009]]",,,,
124,124,Navy Pier,12.98,15.83,30.5,29.5,,,43.0,42.0,"[[41.89230598, -87.61000141], [41.89201886, -87.61213075], [41.89195686, -87.61539675], [41.8919258, -87.61799011], [41.89116386, -87.62036975], [41.88969786, -87.62053375], [41.88758486, -87.62084875], [41.88342185, -87.62459375], [41.88214785, -87.62597875], [41.8820588, -87.62856462], [41.88201942, -87.63265794], [41.88200766, -87.63564298], [41.88194468, -87.63902989], [41.88174698, -87.64128562], [41.87874885, -87.64117675]]","[[41.87874885, -87.64117675], [41.87691184, -87.64242129], [41.87813299, -87.64241107], [41.88054226, -87.64118307], [41.88211185, -87.63960775], [41.88313585, -87.63552175], [41.88314485, -87.63263075], [41.88315492, -87.63020179], [41.88317743, -87.6275027], [41.88429339, -87.62362601], [41.88736386, -87.62060075], [41.88943886, -87.62027375], [41.89085986, -87.62008575], [41.89100986, -87.61786575], [41.89104986, -87.61538175], [41.89230598, -87.61000141]]",,,,
125,125,Water Tower Express,14.44,15.46,35.5,33.5,,,25.0,26.0,"[[41.89846811, -87.62267882], [41.89773886, -87.62423975], [41.89583088, -87.62442823], [41.89429086, -87.62436975], [41.89330343, -87.62664708], [41.89335073, -87.62838355], [41.89172628, -87.63416709], [41.89011386, -87.63410575], [41.88873186, -87.63409575], [41.88688388, -87.635546], [41.88452104, -87.63711781], [41.88332185, -87.64131875], [41.88174698, -87.64128562], [41.87874885, -87.64117675], [41.87678585, -87.64232475], [41.87445069, -87.64435123]]","[[41.87445069, -87.64435123], [41.87461141, -87.64234476], [41.87691184, -87.64242129], [41.87813299, -87.64241107], [41.88054226, -87.64118307], [41.88211185, -87.63960775], [41.88434385, -87.63971275], [41.88601785, -87.63649275], [41.88855986, -87.63675675], [41.88982886, -87.63689875], [41.89175, -87.63693478], [41.89240808, -87.62784637], [41.89320186, -87.62409475], [41.89480586, -87.62410975], [41.89654286, -87.62413875], [41.8974886, -87.62178451], [41.89846811, -87.62267882]]",,,,
126,126,Jackson,47.76,45.04,63.5,58.0,,,64.0,67.0,"[[41.87486595, -87.62355688], [41.87584893, -87.62402984], [41.87669785, -87.62416575], [41.87958285, -87.62588975], [41.87951659, -87.62811104], [41.87948005, -87.63111025], [41.87943385, -87.63402975], [41.87940785, -87.63654775], [41.87814785, -87.64115675], [41.87678585, -87.64232475], [41.87673385, -87.64705376], [41.87668985, -87.64940675], [41.87665541, -87.6521725], [41.87662473, -87.65441295], [41.87658368, -87.65680927], [41.87653544, -87.65970406], [41.87650631, -87.66222754], [41.8764545, -87.66410593], [41.87421785, -87.66897576], [41.87419511, -87.67181114], [41.87414935, -87.67455277], [41.87411719, -87.67632629], [41.87564256, -87.67630955], [41.87756051, -87.67684116], [41.87755183, -87.67882794], [41.8776804, -87.68168576], [41.87764594, -87.68413736], [41.87761831, -87.6866272], [41.87759856, -87.68869043], [41.87756679, -87.69097654], [41.87753288, -87.69403808], [41.8775037, -87.69648924], [41.87748684, -87.69841808], [41.87745114, -87.70134023], [41.87741767, -87.70378846], [41.87740304, -87.70628389], [41.87737722, -87.70826384], [41.877361, -87.7111231], [41.87731351, -87.71366145], [41.87702457, -87.71587528], [41.87455629, -87.71580256], [41.87453781, -87.71791086], [41.87451733, -87.71961994], [41.87721835, -87.7210538], [41.87717625, -87.72333069], [41.87714451, -87.72580051], [41.87711549, -87.72820129], [41.87708512, -87.73065451], [41.87710235, -87.73311192], [41.87702535, -87.73556149], [41.87699504, -87.73799678], [41.87697331, -87.74070166], [41.8769345, -87.7428132], [41.87686678, -87.74542476], [41.87682886, -87.74714481], [41.87677894, -87.74973704], [41.87676513, -87.75161796], [41.87673642, -87.75354107], [41.87673823, -87.75524578], [41.87668465, -87.75783513], [41.87665683, -87.75968403], [41.87661996, -87.76155127], [41.87661149, -87.76460404], [41.87717765, -87.76801871], [41.87724593, -87.77130849], [41.87632969, -87.77411061]]","[[41.87632969, -87.77411061], [41.87707463, -87.77132373], [41.8769922, -87.76826417], [41.8764706, -87.7648733], [41.87652085, -87.76145179], [41.87655982, -87.75893123], [41.87657185, -87.75731879], [41.87660248, -87.75462104], [41.8766342, -87.75317419], [41.87665915, -87.75128834], [41.87667615, -87.74884301], [41.87669677, -87.74702316], [41.87677098, -87.74483644], [41.8768376, -87.74255479], [41.87684143, -87.74059103], [41.87689357, -87.73761999], [41.87692282, -87.7351646], [41.87694085, -87.73265578], [41.87697085, -87.73020578], [41.87701444, -87.72781365], [41.87704788, -87.725335], [41.8770764, -87.72296018], [41.8770885, -87.72083241], [41.87714967, -87.71548297], [41.87718885, -87.71324677], [41.877216, -87.71065246], [41.87723901, -87.70828241], [41.87726589, -87.7057797], [41.87729585, -87.70332877], [41.87732585, -87.70087277], [41.87734422, -87.69877421], [41.87737867, -87.69596091], [41.8773956, -87.69392517], [41.87743145, -87.6916633], [41.87746178, -87.68887127], [41.87749727, -87.68603149], [41.87750385, -87.68365776], [41.87755181, -87.6812767], [41.87740287, -87.67874163], [41.87742885, -87.67667812], [41.87514532, -87.67664815], [41.8740081, -87.67454887], [41.87406685, -87.67133976], [41.8741009, -87.66880334], [41.87655943, -87.66652097], [41.87759785, -87.66407376], [41.87764185, -87.66165776], [41.87769285, -87.65959278], [41.87773716, -87.65678492], [41.87775885, -87.65434376], [41.87781483, -87.65170444], [41.87785604, -87.64946649], [41.87789765, -87.64697233], [41.87793472, -87.6437564], [41.87795898, -87.64115793], [41.87801246, -87.63831201], [41.87805885, -87.63540675], [41.87808885, -87.63287375], [41.87812885, -87.62947275], [41.87814885, -87.62790475], [41.87821585, -87.62575775], [41.87627885, -87.62440175], [41.87486595, -87.62355688]]",,,,
130,130,Museum Campus,17.99,16.0,38.5,32.5,,,32.0,30.0,"[[41.86615285, -87.60785874], [41.86652468, -87.60986327], [41.86646285, -87.61360974], [41.86513375, -87.61452153], [41.86760108, -87.62450901], [41.86755947, -87.6266697], [41.86916753, -87.62733218], [41.87041285, -87.62737375], [41.87298515, -87.62742291], [41.87489071, -87.62745857], [41.87685552, -87.62754829], [41.87951659, -87.62811104], [41.87948005, -87.63111025], [41.87943385, -87.63402975], [41.87940785, -87.63654775], [41.87936585, -87.63940675], [41.88211185, -87.63960775], [41.88434385, -87.63971275], [41.88332185, -87.64131875]]","[[41.88332185, -87.64131875], [41.88174698, -87.64128562], [41.87874885, -87.64117675], [41.87801246, -87.63831201], [41.87805885, -87.63540675], [41.87808885, -87.63287375], [41.87665236, -87.63084914], [41.87500459, -87.62770176], [41.87206431, -87.62767144], [41.87033616, -87.62763223], [41.8690664, -87.62761295], [41.86729484, -87.6271163], [41.86734672, -87.62326307], [41.86480063, -87.61569498], [41.86608142, -87.6129639], [41.86618156, -87.60977362], [41.86615285, -87.60785874]]",,,,
134,134,Stockton/LaSalle Express,30.76,31.77,46.5,47.0,,,27.0,17.0,"[[41.93857809, -87.63957448], [41.93757324, -87.63954075], [41.93643247, -87.6395066], [41.93539039, -87.63947109], [41.93419414, -87.63943174], [41.93302333, -87.63940339], [41.93131186, -87.63903655], [41.92830034, -87.63900749], [41.92649591, -87.63778048], [41.88809797, -87.6208499], [41.88833474, -87.62286036], [41.88836786, -87.62506075], [41.8870347, -87.62815016], [41.88639163, -87.63263154], [41.88402622, -87.63257736], [41.88179773, -87.63246736], [41.87951096, -87.63243495], [41.87943385, -87.63402975], [41.87940785, -87.63654775]]","[[41.87792311, -87.63511522], [41.87873232, -87.63217186], [41.88184585, -87.63227075], [41.88431579, -87.63232494], [41.88630975, -87.63230534], [41.88675423, -87.62762805], [41.88814029, -87.62402944], [41.88779986, -87.62097275], [41.92663915, -87.63773393], [41.92830715, -87.63877302], [41.93132741, -87.63888937], [41.93311655, -87.63918003], [41.93450366, -87.63926562], [41.93576986, -87.63933276], [41.93676486, -87.63936476], [41.93788934, -87.63940466], [41.93870211, -87.63943264], [41.94003295, -87.6395069]]",,,,
135,135,Clarendon/LaSalle Express,40.43,41.24,64.0,60.0,,,19.0,23.0,"[[41.96353787, -87.65003428], [41.96193087, -87.64998976], [41.96043837, -87.64994122], [41.95856987, -87.64989076], [41.95708302, -87.64985194], [41.95586715, -87.64980757], [41.95451877, -87.64941558], [41.95453887, -87.64770976], [41.95458442, -87.64548507], [41.95309616, -87.64510316], [41.95206563, -87.64511955], [41.9502855, -87.64455019], [41.94859864, -87.64344051], [41.94756697, -87.64294996], [41.9466264, -87.64238392], [41.94598204, -87.64202067], [41.94466256, -87.64129768], [41.94322398, -87.64058447], [41.94037163, -87.63893373], [41.88809797, -87.6208499], [41.88833474, -87.62286036], [41.88836786, -87.62506075], [41.8870347, -87.62815016], [41.88639163, -87.63263154], [41.88402622, -87.63257736], [41.88179773, -87.63246736], [41.87951096, -87.63243495], [41.87943385, -87.63402975], [41.87940785, -87.63654775]]","[[41.87792311, -87.63511522], [41.87873232, -87.63217186], [41.88184585, -87.63227075], [41.88431579, -87.63232494], [41.88630975, -87.63230534], [41.88675423, -87.62762805], [41.88814029, -87.62402944], [41.88779986, -87.62097275], [41.94037961, -87.6394848], [41.94353748, -87.64048074], [41.94491802, -87.64125348], [41.94618554, -87.64195728], [41.94682456, -87.64231525], [41.94780477, -87.64292463], [41.94882951, -87.64347934], [41.9504367, -87.64449708], [41.95226545, -87.64493561], [41.95304406, -87.64496456], [41.95469818, -87.64569019], [41.95465607, -87.64814756], [41.95462607, -87.64951856], [41.95575979, -87.64964604], [41.95735087, -87.64970876], [41.95840487, -87.64974476], [41.96027168, -87.64979997], [41.96222606, -87.64984112], [41.96367187, -87.64989576]]",,,,
136,136,Sheridan/LaSalle Express,54.06,54.68,67.0,65.5,,,19.0,15.0,"[[41.99813835, -87.66023127], [41.99812855, -87.65845202], [41.99817586, -87.65688608], [41.99624387, -87.65565977], [41.99442687, -87.65560377], [41.99217487, -87.65553377], [41.98992387, -87.65546477], [41.98746657, -87.6553847], [41.98534687, -87.65532477], [41.98348887, -87.65525177], [41.98169187, -87.65522777], [41.97979032, -87.65516098], [41.97801981, -87.65513486], [41.97634287, -87.65476077], [41.97637986, -87.65225966], [41.97480287, -87.65163377], [41.97347987, -87.65115377], [41.97255387, -87.65082477], [41.97173087, -87.65055677], [41.97019687, -87.65002676], [41.96931626, -87.64976557], [41.96745787, -87.64920976], [41.96647687, -87.64893576], [41.96560761, -87.64871854], [41.96204712, -87.64696596], [41.96021155, -87.64685168], [41.95861115, -87.64657101], [41.95763163, -87.64634801], [41.95564743, -87.64555804], [41.88809797, -87.6208499], [41.88833474, -87.62286036], [41.88836786, -87.62506075], [41.8870347, -87.62815016], [41.88639163, -87.63263154], [41.88402622, -87.63257736], [41.88179773, -87.63246736], [41.87951096, -87.63243495], [41.87943385, -87.63402975], [41.87940785, -87.63654775]]","[[41.87792311, -87.63511522], [41.87873232, -87.63217186], [41.88184585, -87.63227075], [41.88431579, -87.63232494], [41.88630975, -87.63230534], [41.88675423, -87.62762805], [41.88814029, -87.62402944], [41.88779986, -87.62097275], [41.9549588, -87.64521655], [41.95579985, -87.64546532], [41.95782965, -87.64622469], [41.95853829, -87.64639577], [41.96013235, -87.64669775], [41.96216993, -87.64683551], [41.96567295, -87.64858597], [41.96649587, -87.64879776], [41.967355, -87.64905787], [41.96935771, -87.64960871], [41.97012205, -87.64982845], [41.97166237, -87.65034089], [41.97248314, -87.65061446], [41.97337419, -87.65092861], [41.97526622, -87.65164337], [41.9765076, -87.65258023], [41.97662787, -87.65490177], [41.97820992, -87.65493766], [41.98011087, -87.65502477], [41.98180087, -87.65507977], [41.98360187, -87.65511877], [41.98544187, -87.65517677], [41.98752787, -87.65522877], [41.99027987, -87.65531377], [41.99253087, -87.65538377], [41.99478287, -87.65545277], [41.99659987, -87.65550877], [41.99833948, -87.65694133], [41.99828173, -87.65835463], [41.99825839, -87.66108036]]",,,,
143,143,Stockton/Michigan Express,24.69,26.2,41.0,46.5,,,20.0,16.0,"[[41.93857809, -87.63957448], [41.93757324, -87.63954075], [41.93643247, -87.6395066], [41.93539039, -87.63947109], [41.93419414, -87.63943174], [41.93302333, -87.63940339], [41.93131186, -87.63903655], [41.92830034, -87.63900749], [41.92649591, -87.63778048], [41.89935286, -87.62425175], [41.89773886, -87.62423975], [41.89583088, -87.62442823], [41.89429086, -87.62436975], [41.89269886, -87.62433375], [41.89104012, -87.62429915], [41.88990186, -87.62424975], [41.88691229, -87.62468635], [41.88511186, -87.62462075], [41.88342185, -87.62459375], [41.88063279, -87.62452219], [41.87843685, -87.62445175], [41.87627885, -87.62440175]]","[[41.87486595, -87.62355688], [41.87584893, -87.62402984], [41.87814285, -87.62419875], [41.88067237, -87.62419229], [41.88237485, -87.62421075], [41.88469579, -87.6243233], [41.8867076, -87.62438975], [41.89021286, -87.62397475], [41.89177686, -87.62403975], [41.89320186, -87.62409475], [41.89480586, -87.62410975], [41.89807686, -87.62396575], [41.89944286, -87.62400975], [41.92663915, -87.63773393], [41.92830715, -87.63877302], [41.93132741, -87.63888937], [41.93311655, -87.63918003], [41.93450366, -87.63926562], [41.93576986, -87.63933276], [41.93676486, -87.63936476], [41.93788934, -87.63940466], [41.93870211, -87.63943264], [41.94003295, -87.6395069]]",,,,
146,146,Inner Lake Shore/Michigan Express,51.26,52.35,75.5,84.0,,,82.0,86.0,"[[41.9781011, -87.65930987], [41.97815626, -87.65632745], [41.97801981, -87.65513486], [41.97634287, -87.65476077], [41.97637986, -87.65225966], [41.97480287, -87.65163377], [41.97347987, -87.65115377], [41.97255387, -87.65082477], [41.97173087, -87.65055677], [41.97019687, -87.65002676], [41.96931626, -87.64976557], [41.96745787, -87.64920976], [41.96647687, -87.64893576], [41.96560761, -87.64871854], [41.96204712, -87.64696596], [41.96021155, -87.64685168], [41.95861115, -87.64657101], [41.95763163, -87.64634801], [41.95564743, -87.64555804], [41.95421223, -87.64526775], [41.95309616, -87.64510316], [41.95206563, -87.64511955], [41.9502855, -87.64455019], [41.94859864, -87.64344051], [41.94756697, -87.64294996], [41.9466264, -87.64238392], [41.94598204, -87.64202067], [41.94466256, -87.64129768], [41.94322398, -87.64058447], [41.94037163, -87.63893373], [41.89935286, -87.62425175], [41.89773886, -87.62423975], [41.89583088, -87.62442823], [41.89429086, -87.62436975], [41.89269886, -87.62433375], [41.89104012, -87.62429915], [41.88990186, -87.62424975], [41.88836786, -87.62506075], [41.88590086, -87.62805875], [41.88337885, -87.62797775], [41.88086385, -87.62783975], [41.87832585, -87.62777575], [41.87700065, -87.62776972], [41.87500459, -87.62770176], [41.87206431, -87.62767144], [41.87033616, -87.62763223], [41.8690664, -87.62761295], [41.86729484, -87.6271163], [41.86734672, -87.62326307], [41.86480063, -87.61569498], [41.86608142, -87.6129639], [41.86618156, -87.60977362], [41.86615285, -87.60785874]]","[[41.86615285, -87.60785874], [41.86652468, -87.60986327], [41.86646285, -87.61360974], [41.86513375, -87.61452153], [41.86760108, -87.62450901], [41.86755947, -87.6266697], [41.86916753, -87.62733218], [41.87041285, -87.62737375], [41.87298515, -87.62742291], [41.87489071, -87.62745857], [41.87685552, -87.62754829], [41.87940926, -87.62761545], [41.88193285, -87.62768075], [41.88435886, -87.62779675], [41.88560886, -87.62782875], [41.8867076, -87.62438975], [41.89021286, -87.62397475], [41.89177686, -87.62403975], [41.89320186, -87.62409475], [41.89480586, -87.62410975], [41.89807686, -87.62396575], [41.89944286, -87.62400975], [41.94037961, -87.6394848], [41.94353748, -87.64048074], [41.94491802, -87.64125348], [41.94618554, -87.64195728], [41.94682456, -87.64231525], [41.94780477, -87.64292463], [41.94882951, -87.64347934], [41.9504367, -87.64449708], [41.95226545, -87.64493561], [41.95304406, -87.64496456], [41.9549588, -87.64521655], [41.95579985, -87.64546532], [41.95782965, -87.64622469], [41.95853829, -87.64639577], [41.96013235, -87.64669775], [41.96216993, -87.64683551], [41.96567295, -87.64858597], [41.96649587, -87.64879776], [41.967355, -87.64905787], [41.96935771, -87.64960871], [41.97012205, -87.64982845], [41.97166237, -87.65034089], [41.97248314, -87.65061446], [41.97337419, -87.65092861], [41.97526622, -87.65164337], [41.9765076, -87.65258023], [41.97646636, -87.65534858], [41.97640574, -87.65962579], [41.9781011, -87.65930987]]",,,,
147,147,Outer DuSable Lake Shore Express,60.33,61.4,67.5,73.5,,,81.0,97.0,"[[42.01804308, -87.67306558], [42.01928949, -87.67059285], [42.01932034, -87.66932854], [42.0192029, -87.6661827], [42.01802888, -87.66580777], [42.01580855, -87.66511946], [42.01483191, -87.66469976], [42.01376488, -87.66415077], [42.01265687, -87.66353177], [42.01142187, -87.66295777], [42.00900987, -87.66215177], [42.00778487, -87.66175477], [42.00537187, -87.66100377], [42.00334945, -87.66092516], [42.00143087, -87.66086577], [42.00025487, -87.66081377], [41.99813835, -87.66023127], [41.99812855, -87.65845202], [41.99817586, -87.65688608], [41.99624387, -87.65565977], [41.99442687, -87.65560377], [41.99217487, -87.65553377], [41.98992387, -87.65546477], [41.98746657, -87.6553847], [41.98534687, -87.65532477], [41.98348887, -87.65525177], [41.98169187, -87.65522777], [41.97979032, -87.65516098], [41.97801981, -87.65513486], [41.97634287, -87.65476077], [41.97637986, -87.65225966], [41.89935286, -87.62425175], [41.89773886, -87.62423975], [41.89583088, -87.62442823], [41.89429086, -87.62436975], [41.89269886, -87.62433375], [41.89104012, -87.62429915], [41.88990186, -87.62424975], [41.88691229, -87.62468635], [41.88511186, -87.62462075], [41.88342185, -87.62459375], [41.88063279, -87.62452219], [41.87843685, -87.62445175], [41.87627885, -87.62440175], [41.87456745, -87.62437947], [41.8731092, -87.62358528]]","[[41.87486595, -87.62355688], [41.87584893, -87.62402984], [41.87577585, -87.62579375], [41.87685552, -87.62754829], [41.87940926, -87.62761545], [41.88193285, -87.62768075], [41.88316685, -87.62597175], [41.88469579, -87.6243233], [41.8867076, -87.62438975], [41.89021286, -87.62397475], [41.89177686, -87.62403975], [41.89320186, -87.62409475], [41.89480586, -87.62410975], [41.89807686, -87.62396575], [41.89944286, -87.62400975], [41.9765076, -87.65258023], [41.97662787, -87.65490177], [41.97820992, -87.65493766], [41.98011087, -87.65502477], [41.98180087, -87.65507977], [41.98360187, -87.65511877], [41.98544187, -87.65517677], [41.98752787, -87.65522877], [41.99027987, -87.65531377], [41.99253087, -87.65538377], [41.99478287, -87.65545277], [41.99659987, -87.65550877], [41.99833948, -87.65694133], [41.99828173, -87.65835463], [42.00038996, -87.66060636], [42.00170987, -87.66066377], [42.00387887, -87.66072259], [42.00572787, -87.66085377], [42.00814087, -87.66160377], [42.00936587, -87.66200077], [42.01166787, -87.66280877], [42.01301288, -87.66338077], [42.01412088, -87.66399977], [42.01521742, -87.66468025], [42.01627588, -87.66502377], [42.0180307, -87.66551883], [42.01931326, -87.66630727], [42.01909667, -87.66898917], [42.01809649, -87.67104436], [42.01745538, -87.67242718], [42.01804308, -87.67306558]]",,,,
148,148,Clarendon/Michigan Express,39.96,40.55,53.0,55.0,,,28.0,20.0,"[[41.97480287, -87.65163377], [41.97347987, -87.65115377], [41.97255387, -87.65082477], [41.97173087, -87.65055677], [41.97019687, -87.65002676], [41.96931626, -87.64976557], [41.96747957, -87.6501643], [41.96563328, -87.65008473], [41.96353787, -87.65003428], [41.96193087, -87.64998976], [41.96043837, -87.64994122], [41.95856987, -87.64989076], [41.95708302, -87.64985194], [41.95586715, -87.64980757], [41.95451877, -87.64941558], [41.95453887, -87.64770976], [41.95458442, -87.64548507], [41.89935286, -87.62425175], [41.89773886, -87.62423975], [41.89583088, -87.62442823], [41.89429086, -87.62436975], [41.89269886, -87.62433375], [41.89104012, -87.62429915], [41.88990186, -87.62424975], [41.88836786, -87.62506075], [41.88590086, -87.62805875], [41.88337885, -87.62797775], [41.88086385, -87.62783975], [41.87832585, -87.62777575], [41.87700065, -87.62776972], [41.87500459, -87.62770176]]","[[41.87489071, -87.62745857], [41.87685552, -87.62754829], [41.87940926, -87.62761545], [41.88193285, -87.62768075], [41.88435886, -87.62779675], [41.88560886, -87.62782875], [41.8867076, -87.62438975], [41.89021286, -87.62397475], [41.89177686, -87.62403975], [41.89320186, -87.62409475], [41.89480586, -87.62410975], [41.89807686, -87.62396575], [41.89944286, -87.62400975], [41.95469818, -87.64569019], [41.95465607, -87.64814756], [41.95462607, -87.64951856], [41.95575979, -87.64964604], [41.95735087, -87.64970876], [41.95840487, -87.64974476], [41.96027168, -87.64979997], [41.96222606, -87.64984112], [41.96367187, -87.64989576], [41.96573213, -87.6499598], [41.96728734, -87.64999836], [41.96935771, -87.64960871], [41.97012205, -87.64982845], [41.97166237, -87.65034089], [41.97248314, -87.65061446], [41.97337419, -87.65092861], [41.97526622, -87.65164337]]",,,,
151,151,Sheridan,58.37,57.48,97.5,98.0,,,102.0,109.0,"[[41.99973089, -87.67075332], [41.99801979, -87.67021778], [41.99804699, -87.66803552], [41.99807299, -87.66559552], [41.99809899, -87.66318852], [41.99810999, -87.66161852], [41.99813835, -87.66023127], [41.99812855, -87.65845202], [41.99817586, -87.65688608], [41.99624387, -87.65565977], [41.99442687, -87.65560377], [41.99217487, -87.65553377], [41.98992387, -87.65546477], [41.98746657, -87.6553847], [41.98534687, -87.65532477], [41.98348887, -87.65525177], [41.98169187, -87.65522777], [41.97979032, -87.65516098], [41.97801981, -87.65513486], [41.97622087, -87.65507477], [41.97510287, -87.65505377], [41.97312787, -87.65500677], [41.97144721, -87.65496145], [41.97024927, -87.65492897], [41.96893552, -87.65489967], [41.96709487, -87.65488777], [41.96525387, -87.65486377], [41.96342887, -87.65484376], [41.96186587, -87.65480777], [41.96083568, -87.65479933], [41.95934887, -87.65472376], [41.95820987, -87.65472949], [41.95563487, -87.65469428], [41.95430598, -87.65461685], [41.95263284, -87.65417389], [41.95267033, -87.65174415], [41.95269758, -87.64981013], [41.95281553, -87.64766469], [41.95206563, -87.64511955], [41.9502855, -87.64455019], [41.94859864, -87.64344051], [41.94756697, -87.64294996], [41.9466264, -87.64238392], [41.94598204, -87.64202067], [41.94466256, -87.64129768], [41.94322398, -87.64058447], [41.94129193, -87.6396757], [41.93857809, -87.63957448], [41.93757324, -87.63954075], [41.93643247, -87.6395066], [41.93539039, -87.63947109], [41.93419414, -87.63943174], [41.93302333, -87.63940339], [41.93131186, -87.63903655], [41.92830034, -87.63900749], [41.92649591, -87.63778048], [41.92548386, -87.63616676], [41.92212396, -87.63581172], [41.92031105, -87.6356968], [41.91880269, -87.63463893], [41.91574686, -87.63308975], [41.91362314, -87.63185634], [41.91050486, -87.62632275], [41.90934986, -87.62624575], [41.90757286, -87.62578775], [41.90660286, -87.62554775], [41.90566186, -87.62531575], [41.90470986, -87.62515375], [41.90382986, -87.62503675], [41.90298186, -87.62475775], [41.90223286, -87.62451875], [41.90095486, -87.62428975], [41.89935286, -87.62425175], [41.89773886, -87.62423975], [41.89583088, -87.62442823], [41.89429086, -87.62436975], [41.89269886, -87.62433375], [41.89104012, -87.62429915], [41.88990186, -87.62424975], [41.88691229, -87.62468635], [41.88511186, -87.62462075], [41.88342185, -87.62459375], [41.88063279, -87.62452219], [41.87958285, -87.62588975], [41.87951659, -87.62811104], [41.87948005, -87.63111025], [41.87943385, -87.63402975], [41.87940785, -87.63654775], [41.87936585, -87.63940675], [41.87775325, -87.63987518]]","[[41.87775325, -87.63987518], [41.87801246, -87.63831201], [41.87805885, -87.63540675], [41.87808885, -87.63287375], [41.87956864, -87.62925341], [41.88095585, -87.62929075], [41.88207815, -87.62929962], [41.88317743, -87.6275027], [41.88469579, -87.6243233], [41.8867076, -87.62438975], [41.88808386, -87.62443075], [41.89021286, -87.62397475], [41.89177686, -87.62403975], [41.89320186, -87.62409475], [41.89480586, -87.62410975], [41.89807686, -87.62396575], [41.89944286, -87.62400975], [41.90065186, -87.62401375], [41.90252786, -87.62444375], [41.90330986, -87.62470175], [41.90419886, -87.62497175], [41.90495686, -87.62502975], [41.90606986, -87.62527275], [41.90705186, -87.62551275], [41.90807186, -87.62576575], [41.90968335, -87.62607222], [41.91049435, -87.62612422], [41.91378286, -87.63170075], [41.91605968, -87.63324075], [41.91875793, -87.63440381], [41.92024404, -87.63547497], [41.92193127, -87.63563132], [41.92556976, -87.63587558], [41.92663915, -87.63773393], [41.92830715, -87.63877302], [41.93132741, -87.63888937], [41.93311655, -87.63918003], [41.93450366, -87.63926562], [41.93576986, -87.63933276], [41.93676486, -87.63936476], [41.93788934, -87.63940466], [41.93870211, -87.63943264], [41.94037961, -87.6394848], [41.94353748, -87.64048074], [41.94491802, -87.64125348], [41.94618554, -87.64195728], [41.94682456, -87.64231525], [41.94780477, -87.64292463], [41.94882951, -87.64347934], [41.9504367, -87.64449708], [41.95294662, -87.6452072], [41.95293381, -87.64804865], [41.95280178, -87.65006], [41.95277054, -87.65234587], [41.95287897, -87.65442944], [41.95381946, -87.65446282], [41.95465369, -87.65448322], [41.95668273, -87.65453845], [41.95819641, -87.65453361], [41.95916653, -87.65459424], [41.96146363, -87.65467309], [41.96196087, -87.65465976], [41.96350619, -87.65468823], [41.96534887, -87.65471577], [41.96718987, -87.65473877], [41.96925775, -87.65475935], [41.97026714, -87.6547842], [41.97175287, -87.65481377], [41.97348387, -87.65485577], [41.97545887, -87.65490277], [41.97662787, -87.65490177], [41.97820992, -87.65493766], [41.98011087, -87.65502477], [41.98180087, -87.65507977], [41.98360187, -87.65511877], [41.98544187, -87.65517677], [41.98752787, -87.65522877], [41.99027987, -87.65531377], [41.99253087, -87.65538377], [41.99478287, -87.65545277], [41.99659987, -87.65550877], [41.99833948, -87.65694133], [41.99828173, -87.65835463], [41.99825839, -87.66108036], [41.99824676, -87.66292745], [41.9982154, -87.66519838], [41.99819449, -87.66775759], [41.99815579, -87.67037701], [41.99973089, -87.67075332]]",,,,
152,152,Addison,55.47,53.14,78.5,70.0,,,65.0,72.0,"[[41.9504367, -87.64449708], [41.95226545, -87.64493561], [41.95206563, -87.64511955], [41.9502855, -87.64455019], [41.94861675, -87.64376875], [41.94800511, -87.64549316], [41.94746133, -87.64717317], [41.94737867, -87.64932321], [41.94735749, -87.6518015], [41.94730675, -87.65361672], [41.94728439, -87.65641092], [41.94721595, -87.65897634], [41.94717742, -87.66151053], [41.94713709, -87.66388929], [41.94710096, -87.66634353], [41.94707389, -87.66867899], [41.94703023, -87.67120951], [41.94696563, -87.67467323], [41.94694077, -87.67599238], [41.94693707, -87.67837278], [41.94687632, -87.6808648], [41.94687505, -87.68334608], [41.9468096, -87.68605902], [41.94680762, -87.68803239], [41.94679223, -87.69101887], [41.94677186, -87.69479859], [41.94675255, -87.69786135], [41.9467369, -87.70039564], [41.94672308, -87.70283515], [41.94670274, -87.7052077], [41.94670774, -87.70769706], [41.94667738, -87.70909215], [41.94663979, -87.71294158], [41.94660156, -87.71506716], [41.94659606, -87.7184161], [41.9465316, -87.72038274], [41.94652763, -87.72233317], [41.94647494, -87.72483371], [41.94644763, -87.727268], [41.94640917, -87.72907416], [41.9463849, -87.73214912], [41.94631123, -87.73546708], [41.94631406, -87.73719139], [41.94627356, -87.73965109], [41.94625661, -87.74199698], [41.94624334, -87.74442174], [41.94619088, -87.74740253], [41.94617598, -87.7494199], [41.94612665, -87.75185804], [41.9461285, -87.75434339], [41.94602466, -87.75675898], [41.94606065, -87.75925768], [41.946, -87.76226483], [41.94594152, -87.76423508], [41.94594293, -87.7672011], [41.94589349, -87.76903664], [41.94590042, -87.7715231], [41.94582427, -87.77399072], [41.94583713, -87.77705205], [41.94586045, -87.77883608], [41.94576244, -87.78123409], [41.94576043, -87.7837331], [41.94573156, -87.78666439], [41.94566808, -87.78995806], [41.94558572, -87.79342958], [41.94552279, -87.7958977], [41.94549277, -87.79829814], [41.94545809, -87.80066773], [41.94540939, -87.80323561], [41.94533227, -87.80732118], [41.94525644, -87.80932915], [41.94527396, -87.81174385], [41.94522673, -87.81419791], [41.94524031, -87.8166744], [41.94529443, -87.81947316], [41.94519342, -87.82165776], [41.94512353, -87.82512557], [41.94507769, -87.82764913], [41.94503992, -87.83024517], [41.94497461, -87.83267762], [41.94485881, -87.83512029], [41.94444599, -87.83549895]]","[[41.94444599, -87.83549895], [41.94481485, -87.83285181], [41.94488085, -87.83040882], [41.94490875, -87.82884262], [41.94502435, -87.82562051], [41.94506085, -87.82426681], [41.94512885, -87.82180081], [41.94517686, -87.81971181], [41.94512985, -87.81688181], [41.94506885, -87.81444681], [41.94511486, -87.81193681], [41.94515886, -87.80953081], [41.94520834, -87.80683001], [41.94528086, -87.80344981], [41.94532886, -87.80077281], [41.94537786, -87.79854681], [41.94542846, -87.79578387], [41.94544742, -87.79364003], [41.94554286, -87.7900958], [41.9456111, -87.78595695], [41.94564186, -87.7839148], [41.94566786, -87.7814878], [41.94569386, -87.7790508], [41.94571786, -87.7762588], [41.94574586, -87.7741858], [41.94578069, -87.77168541], [41.94577304, -87.76931201], [41.94582382, -87.76653116], [41.94583004, -87.76440701], [41.94586104, -87.76195401], [41.94594168, -87.75942925], [41.94591144, -87.75704139], [41.94600268, -87.75442625], [41.94603368, -87.75206625], [41.9460295, -87.74974392], [41.94606621, -87.74680154], [41.94610703, -87.74409874], [41.94613852, -87.74184493], [41.94617148, -87.73938059], [41.94619665, -87.73730853], [41.94621807, -87.73502571], [41.94624546, -87.73229989], [41.94629899, -87.72931777], [41.94631754, -87.72708016], [41.94633016, -87.72508478], [41.94636216, -87.72264178], [41.94641907, -87.7201528], [41.94642516, -87.71753078], [41.94646885, -87.71526625], [41.9465142, -87.71237609], [41.94656586, -87.70893878], [41.9465765, -87.70758931], [41.94659619, -87.7054843], [41.946605, -87.70303036], [41.946601, -87.70054914], [41.94663186, -87.69813978], [41.94665186, -87.69425077], [41.94668008, -87.69051339], [41.94666776, -87.68848011], [41.94672018, -87.68529959], [41.9467539, -87.68349956], [41.94677202, -87.68106481], [41.94680744, -87.67868217], [41.94684084, -87.67622859], [41.94684947, -87.67465352], [41.94686239, -87.67339515], [41.94690377, -87.67139877], [41.94692561, -87.66904647], [41.94698186, -87.66655277], [41.94702186, -87.66413977], [41.94706286, -87.66171477], [41.94707839, -87.65871927], [41.94715505, -87.65618762], [41.94720491, -87.65364057], [41.94723006, -87.65166708], [41.94724309, -87.64921185], [41.94726362, -87.64737677], [41.94785231, -87.64560146], [41.94854003, -87.64355784], [41.9504367, -87.64449708]]",,,,
155,155,Devon,18.23,20.77,27.0,31.0,,,100.0,103.0,"[[42.00786837, -87.66563582], [42.00788431, -87.66380288], [42.0079105, -87.66178495], [42.00537187, -87.66100377], [42.00334945, -87.66092516], [42.00143087, -87.66086577], [42.00025487, -87.66081377], [41.99825839, -87.66108036], [41.99824676, -87.66292745], [41.9982154, -87.66519838], [41.99819449, -87.66775759], [41.99815579, -87.67037701], [41.99806787, -87.67352578], [41.99803915, -87.67706727], [41.99796777, -87.68042952], [41.99790487, -87.68249478], [41.99788926, -87.68516394], [41.99787556, -87.68736205], [41.99781048, -87.68967571], [41.99778057, -87.69220873], [41.99770865, -87.69499169], [41.99765821, -87.69696061], [41.99762703, -87.6998667], [41.99757253, -87.70197719], [41.99754238, -87.70470318], [41.9974708, -87.70680616], [41.99746648, -87.70919538], [41.99779641, -87.70953453]]","[[41.99779641, -87.70953453], [41.99733457, -87.70905535], [41.99730449, -87.70703879], [41.99742472, -87.70432581], [41.9974434, -87.70221374], [41.99750968, -87.69980606], [41.9975284, -87.69735174], [41.99760488, -87.69458016], [41.99763462, -87.69231873], [41.99765338, -87.69009602], [41.99770784, -87.68753303], [41.99775632, -87.68484755], [41.99775509, -87.68267966], [41.99784695, -87.67972789], [41.99790266, -87.6765643], [41.99796192, -87.67359832], [41.99801979, -87.67021778], [41.99804699, -87.66803552], [41.99807299, -87.66559552], [41.99809899, -87.66318852], [41.99810999, -87.66161852], [42.00038996, -87.66060636], [42.00170987, -87.66066377], [42.00387887, -87.66072259], [42.0056343, -87.66119519], [42.00554487, -87.66391077], [42.00551355, -87.66613107], [42.00548593, -87.66787374], [42.00545373, -87.66975299], [42.00651875, -87.66991976], [42.00775187, -87.66996477], [42.00780288, -87.66792148], [42.00786837, -87.66563582]]",,,,
156,156,LaSalle,29.02,28.72,59.0,59.5,,,51.0,53.0,"[[41.94022698, -87.64877427], [41.93996133, -87.64693015], [41.93999866, -87.64406545], [41.94002233, -87.64207215], [41.94005697, -87.63977817], [41.93857809, -87.63957448], [41.93757324, -87.63954075], [41.93643247, -87.6395066], [41.93539039, -87.63947109], [41.93419414, -87.63943174], [41.93302333, -87.63940339], [41.93131186, -87.63903655], [41.92830034, -87.63900749], [41.92649591, -87.63778048], [41.92548386, -87.63616676], [41.92212396, -87.63581172], [41.92031105, -87.6356968], [41.91880269, -87.63463893], [41.91574686, -87.63308975], [41.91362314, -87.63185634], [41.91261175, -87.63332563], [41.9108188, -87.63330181], [41.90898186, -87.63317475], [41.90751483, -87.63317666], [41.90558033, -87.63311906], [41.9036596, -87.63305815], [41.90191321, -87.6329994], [41.90033486, -87.63294775], [41.89900886, -87.63291175], [41.89789886, -87.63288075], [41.89635063, -87.63285232], [41.89464422, -87.63281155], [41.89304564, -87.63277068], [41.89132529, -87.63274927], [41.88984324, -87.63270696], [41.88848652, -87.63270257], [41.88639163, -87.63263154], [41.88402622, -87.63257736], [41.88179773, -87.63246736], [41.87951096, -87.63243495], [41.87943385, -87.63402975], [41.87940785, -87.63654775], [41.87765493, -87.63985748]]","[[41.87765493, -87.63985748], [41.87801246, -87.63831201], [41.87805885, -87.63540675], [41.87873232, -87.63217186], [41.88184585, -87.63227075], [41.88431579, -87.63232494], [41.88630975, -87.63230534], [41.88855194, -87.63234287], [41.88938348, -87.63237443], [41.89070212, -87.63241818], [41.8918008, -87.63244497], [41.89393222, -87.6324947], [41.89485034, -87.63258155], [41.89687287, -87.63259829], [41.899298, -87.63264746], [41.90063664, -87.63266939], [41.9020331, -87.63274339], [41.90402808, -87.63279016], [41.90592796, -87.63285846], [41.90791073, -87.63292076], [41.90901156, -87.63296858], [41.91104182, -87.63298953], [41.91283781, -87.63297837], [41.91378286, -87.63170075], [41.91605968, -87.63324075], [41.91875793, -87.63440381], [41.92024404, -87.63547497], [41.92193127, -87.63563132], [41.92556976, -87.63587558], [41.92663915, -87.63773393], [41.92830715, -87.63877302], [41.93132741, -87.63888937], [41.93311655, -87.63918003], [41.93450366, -87.63926562], [41.93576986, -87.63933276], [41.93676486, -87.63936476], [41.93788934, -87.63940466], [41.93870211, -87.63943264], [41.94018454, -87.63991532], [41.94014247, -87.64187708], [41.94011989, -87.64429106], [41.94011361, -87.64702261], [41.94005814, -87.64913468], [41.94022698, -87.64877427]]",,,,
157,157,Streeterville/Taylor,45.35,45.6,84.0,78.5,,,60.0,60.0,"[[41.89842328, -87.61839447], [41.89808286, -87.61798075], [41.89769086, -87.62005975], [41.89765486, -87.62171675], [41.89672386, -87.62053575], [41.89513486, -87.62038075], [41.89345286, -87.62058375], [41.89340486, -87.62256375], [41.89269886, -87.62433375], [41.89104012, -87.62429915], [41.88990186, -87.62424975], [41.88691229, -87.62468635], [41.88511186, -87.62462075], [41.88342185, -87.62459375], [41.88214785, -87.62597875], [41.8820588, -87.62856462], [41.88201942, -87.63265794], [41.88200766, -87.63564298], [41.88194468, -87.63902989], [41.88174698, -87.64128562], [41.87814785, -87.64115675], [41.87559585, -87.64108575], [41.87176785, -87.64096475], [41.86987985, -87.64090175], [41.86979447, -87.64270113], [41.86969006, -87.64762079], [41.86965677, -87.64868836], [41.86956185, -87.65148876], [41.86952896, -87.65412041], [41.86948573, -87.6570132], [41.86944928, -87.65915128], [41.86940473, -87.66149894], [41.86937124, -87.66399119], [41.8693353, -87.6667838], [41.86930227, -87.66884214], [41.87164377, -87.66966974], [41.87163108, -87.67135173], [41.87157807, -87.67367702], [41.87154488, -87.67592912], [41.87071337, -87.67903542], [41.86916723, -87.68090171], [41.86907819, -87.68346009], [41.86630403, -87.6861623], [41.8632965, -87.69070026], [41.86216968, -87.69348765], [41.86139336, -87.69607527], [41.85944572, -87.70161835], [41.85816722, -87.70527149], [41.85730388, -87.70777923], [41.85641407, -87.71022458], [41.85561103, -87.71257114], [41.85475736, -87.71494408], [41.85381757, -87.71746096], [41.85296857, -87.71986497], [41.85220026, -87.72217677], [41.8518946, -87.72465888], [41.85387051, -87.72472496], [41.85369383, -87.72460534]]","[[41.85369383, -87.72460534], [41.8517927, -87.72238214], [41.85264238, -87.71995806], [41.85354697, -87.7171925], [41.85426708, -87.71524604], [41.85520173, -87.71270302], [41.85605473, -87.71029002], [41.85690673, -87.70787803], [41.85764624, -87.7056121], [41.8592191, -87.70113692], [41.86108819, -87.69591517], [41.86208557, -87.69311772], [41.86281904, -87.69099882], [41.86648423, -87.68590893], [41.86887965, -87.68598134], [41.86894585, -87.68377177], [41.86939353, -87.68030481], [41.87055085, -87.67890476], [41.87144696, -87.67547119], [41.87147041, -87.67387827], [41.87147485, -87.67159876], [41.87152996, -87.66971182], [41.86916344, -87.6684578], [41.86919727, -87.66574737], [41.86925537, -87.66426481], [41.86928281, -87.66107833], [41.8693221, -87.65929941], [41.86938246, -87.65661859], [41.86940249, -87.65438074], [41.86944085, -87.65129476], [41.86949185, -87.64875975], [41.86951485, -87.64737175], [41.86985899, -87.64217784], [41.87213066, -87.64230243], [41.87461141, -87.64234476], [41.87691184, -87.64242129], [41.87813299, -87.64241107], [41.88054226, -87.64118307], [41.88211185, -87.63960775], [41.88313585, -87.63552175], [41.88314485, -87.63263075], [41.88315492, -87.63020179], [41.88317743, -87.6275027], [41.88469579, -87.6243233], [41.8867076, -87.62438975], [41.88808386, -87.62443075], [41.89021286, -87.62397475], [41.89177686, -87.62403975], [41.89250686, -87.62285875], [41.89408886, -87.62022975], [41.89569686, -87.62029075], [41.89684602, -87.62171442], [41.8974886, -87.62178451], [41.89913686, -87.62183075], [41.89857586, -87.62025275], [41.89842328, -87.61839447]]",,,,
165,165,West 65th,21.4,21.36,15.0,16.0,,,10.0,9.0,"[[41.78647285, -87.73882768], [41.78224226, -87.74259353], [41.78031453, -87.74256064], [41.77859726, -87.74246473], [41.77675041, -87.74238251], [41.77497833, -87.74238177], [41.77479688, -87.74442912], [41.77474563, -87.74684119], [41.77475169, -87.74875993], [41.77469412, -87.75025686], [41.77466829, -87.75169231], [41.77462315, -87.7543083], [41.77456928, -87.75667323], [41.77452039, -87.75902008], [41.77449206, -87.76147526], [41.77445572, -87.76391271], [41.77439583, -87.76633402], [41.77434454, -87.76882556], [41.77428249, -87.77123463], [41.77424881, -87.77371545], [41.77418248, -87.77613264], [41.77415224, -87.77858773], [41.77410987, -87.78100223], [41.77405903, -87.78344536], [41.7740257, -87.78591028], [41.77398373, -87.7882899], [41.77394649, -87.79078346], [41.77390018, -87.79353945], [41.773873, -87.79571173], [41.77382611, -87.7981897], [41.77378755, -87.80062965], [41.77499016, -87.80090359]]","[[41.77499016, -87.80090359], [41.77363073, -87.80035476], [41.77364425, -87.79830208], [41.77370944, -87.79595359], [41.77371285, -87.7940949], [41.77376276, -87.79099253], [41.77380026, -87.78845908], [41.77386396, -87.78614423], [41.77390523, -87.7837318], [41.77393833, -87.78086623], [41.77399461, -87.77863415], [41.77404209, -87.77605405], [41.77408748, -87.77390854], [41.77412589, -87.77151542], [41.77417681, -87.76903647], [41.77420815, -87.76646439], [41.77425915, -87.76412539], [41.77430415, -87.7616864], [41.7743778, -87.75908298], [41.7744258, -87.75665598], [41.77446263, -87.75423492], [41.77450667, -87.75202914], [41.77451549, -87.75031722], [41.77459979, -87.74716959], [41.7745988, -87.74453245], [41.77644136, -87.74207604], [41.77821346, -87.74212745], [41.78017953, -87.74215955], [41.7819482, -87.74220222], [41.78647285, -87.73882768]]",,,,
169,169,69th/UPS Express,85.22,88.75,65.0,59.0,,,5.0,5.0,"[[41.76911576, -87.62527625], [41.76916524, -87.62971878], [41.76840774, -87.64459542], [41.75076203, -87.64415164], [41.75043279, -87.66324186], [41.75020783, -87.68261775], [41.74988627, -87.70224609], [41.74962598, -87.72167307], [41.74925242, -87.74101272], [41.74761182, -87.88430281], [41.75019982, -87.88234281]]","[[41.75019982, -87.88234281], [41.74906993, -87.74102231], [41.7494042, -87.72150543], [41.74971653, -87.70257201], [41.75000883, -87.68307275], [41.75029715, -87.66364774], [41.75083561, -87.64395362], [41.76873252, -87.64442641], [41.76901341, -87.63006612], [41.76911576, -87.62527625]]",,,,
171,171,U. of Chicago/Hyde Park,10.4,14.09,13.0,12.5,,,41.0,42.0,"[[41.7964428, -87.58101297], [41.79529223, -87.58415983], [41.79529614, -87.58806039], [41.79557292, -87.59160662], [41.79519958, -87.59360589], [41.7951666, -87.59638114], [41.79471784, -87.60150273], [41.79130694, -87.60151658], [41.78941611, -87.60132429], [41.7873842, -87.60130831], [41.78589605, -87.60089544], [41.78590627, -87.5995088], [41.78592946, -87.59772764]]","[[41.78592946, -87.59772764], [41.78595865, -87.59645483], [41.7860584, -87.59324202], [41.78624299, -87.59140417], [41.78787922, -87.59450636], [41.79134022, -87.59801475], [41.7949206, -87.5981054], [41.79498444, -87.59611747], [41.79504262, -87.59302328], [41.79474492, -87.59181988], [41.79512097, -87.58775464], [41.79543727, -87.58388592], [41.7983581, -87.58395435], [41.79947596, -87.5839665], [41.7964428, -87.58101297]]",,,,
172,172,U. of Chicago/Kenwood,11.72,13.83,17.0,17.0,,,65.0,59.0,"[[41.80259104, -87.58400631], [41.80257334, -87.58571276], [41.80253484, -87.58826773], [41.80250294, -87.59034241], [41.80245984, -87.59358273], [41.80216761, -87.59678162], [41.79954434, -87.59675313], [41.79937599, -87.60134159], [41.79471784, -87.60150273], [41.79130694, -87.60151658], [41.78941611, -87.60132429], [41.7873842, -87.60130831], [41.78589605, -87.60089544], [41.78590627, -87.5995088], [41.78592946, -87.59772764]]","[[41.78592946, -87.59772764], [41.78595865, -87.59645483], [41.7860584, -87.59324202], [41.78624299, -87.59140417], [41.78787922, -87.59450636], [41.78957392, -87.59635601], [41.79165644, -87.59640718], [41.79494963, -87.59648318], [41.79957411, -87.5964584], [41.80225803, -87.59665334], [41.80236487, -87.59324493], [41.8023947, -87.59017165], [41.80242084, -87.58808873], [41.80269717, -87.58637193], [41.80259104, -87.58400631]]",,,,
192,192,University of Chicago Hospitals Express,51.2,45.87,38.5,38.0,,,9.0,10.0,"[[41.88198385, -87.64127275], [41.87874885, -87.64117675], [41.86729484, -87.6271163], [41.79926881, -87.5874083], [41.78787922, -87.59450636], [41.78780953, -87.60101854], [41.78776928, -87.60362239], [41.79163955, -87.6060732]]","[[41.78776928, -87.60362239], [41.79163955, -87.6060732], [41.86755947, -87.6266697], [41.87813299, -87.64241107], [41.88054226, -87.64118307], [41.8819552, -87.64104917]]",,,,
201,201,Central/Ridge,45.48,45.68,43.0,46.0,,,38.0,34.0,"[[42.0182339, -87.67280422], [42.01948392, -87.67618993], [42.01950886, -87.67788781], [42.01951002, -87.68028623], [42.01955977, -87.68440382], [42.02113482, -87.68472082], [42.02325039, -87.68501035], [42.02447931, -87.68504777], [42.02545466, -87.68516812], [42.02649427, -87.6851569], [42.02862821, -87.68537941], [42.0306069, -87.68574304], [42.0326642, -87.68621057], [42.03387539, -87.68654865], [42.03571093, -87.68687741], [42.03748176, -87.68727812], [42.03927859, -87.6876786], [42.04101785, -87.68807903], [42.04258459, -87.68820339], [42.04404176, -87.68832822], [42.0455574, -87.6884633], [42.0469823, -87.68861038], [42.04839342, -87.68871911], [42.04840918, -87.68506396], [42.04845599, -87.68349865], [42.04844907, -87.68201615], [42.04769403, -87.67905879], [42.05220797, -87.67713095], [42.05405245, -87.67709309], [42.05742796, -87.67698945], [42.06182245, -87.67688989], [42.06420699, -87.67940849], [42.06419737, -87.68178776], [42.06417788, -87.68329578], [42.06425231, -87.6854749], [42.06428511, -87.68930562], [42.06433837, -87.69205836], [42.06438058, -87.69376607], [42.06440574, -87.69550562], [42.06442025, -87.69796194], [42.06447698, -87.69929021], [42.06444533, -87.70328021], [42.06448519, -87.70467029], [42.06454367, -87.70752141], [42.06455858, -87.71051751], [42.06458001, -87.71243067], [42.06455244, -87.71378898], [42.06458217, -87.71501741], [42.06458822, -87.71769356], [42.06463359, -87.72059752], [42.06470807, -87.72547405], [42.06467756, -87.72713487], [42.06254788, -87.7305958], [42.06261173, -87.74443879], [42.06260495, -87.74635028], [42.05945427, -87.7502762]]","[[42.05945427, -87.7502762], [42.06089688, -87.75076043], [42.06235346, -87.74683384], [42.06232329, -87.74473546], [42.0644251, -87.72754153], [42.06453788, -87.7257658], [42.06451781, -87.72405354], [42.06437435, -87.72047784], [42.06436349, -87.71784974], [42.06439788, -87.71557579], [42.0643655, -87.7139859], [42.06438443, -87.71080652], [42.0642533, -87.70774839], [42.0642372, -87.70473779], [42.0642728, -87.70356436], [42.06422442, -87.69885011], [42.06422295, -87.6980586], [42.06422281, -87.69582436], [42.06421961, -87.69396082], [42.06417739, -87.69225311], [42.06407384, -87.68934711], [42.06417045, -87.6858232], [42.06411282, -87.68371436], [42.06402889, -87.68183801], [42.06397372, -87.67963041], [42.06395434, -87.67727625], [42.06137784, -87.67730221], [42.0574355, -87.67730701], [42.05373164, -87.67734542], [42.05089467, -87.67759664], [42.0495527, -87.67816356], [42.04785582, -87.67894774], [42.0463185, -87.67968372], [42.04674965, -87.68143844], [42.04710202, -87.68333309], [42.04713058, -87.68474942], [42.04712062, -87.68661563], [42.04703035, -87.68884661], [42.04570509, -87.68873021], [42.04430359, -87.6886396], [42.04282081, -87.68858481], [42.0410374, -87.68844711], [42.039489, -87.68809515], [42.03771837, -87.68772928], [42.03594755, -87.68732855], [42.0340904, -87.6869208], [42.03287501, -87.68669683], [42.03092194, -87.68626312], [42.02904688, -87.68582865], [42.02670469, -87.68557335], [42.02459944, -87.68529908], [42.02359304, -87.68518392], [42.02149176, -87.68494799], [42.01941903, -87.6842704], [42.01937474, -87.68054639], [42.01938149, -87.67774967], [42.01919304, -87.67633105], [42.01799279, -87.67581244], [42.01666146, -87.67381561], [42.0182339, -87.67280422]]",,,,
206,206,Evanston Circulator,34.85,33.08,33.0,30.0,,,8.0,8.0,"[[42.01777517, -87.67280175], [42.01948392, -87.67618993], [42.01950886, -87.67788781], [42.01951002, -87.68028623], [42.01955977, -87.68440382], [42.01960412, -87.68641863], [42.0196067, -87.68999134], [42.02143905, -87.69004618], [42.02243991, -87.68997314], [42.02338211, -87.69001126], [42.0244108, -87.68991131], [42.02683602, -87.69020134], [42.02669219, -87.6922174], [42.02668941, -87.69452554], [42.0267041, -87.69699287], [42.02664968, -87.69921912], [42.02677531, -87.69937938], [42.02820239, -87.69937725], [42.0305955, -87.69924983], [42.03257314, -87.69925527], [42.03406625, -87.69914231], [42.03558531, -87.6990953], [42.03736836, -87.69901462], [42.0391988, -87.6990174], [42.04095103, -87.69902096], [42.04260916, -87.69898348], [42.04410282, -87.69899794], [42.04692788, -87.69894579], [42.04822834, -87.69883571], [42.0520022, -87.69877236], [42.0554232, -87.69863054], [42.05711788, -87.69424579], [42.06205791, -87.69670513], [42.06447698, -87.69929021], [42.06444533, -87.70328021], [42.06448519, -87.70467029], [42.06454367, -87.70752141], [42.06455858, -87.71051751], [42.06458001, -87.71243067], [42.06455244, -87.71378898], [42.06458217, -87.71501741], [42.06458822, -87.71769356], [42.06463359, -87.72059752], [42.06470807, -87.72547405], [42.06467756, -87.72713487], [42.0644251, -87.72754153], [42.06453788, -87.7257658], [42.06451781, -87.72405354]]","[[42.06451781, -87.72405354], [42.06437435, -87.72047784], [42.06436349, -87.71784974], [42.06439788, -87.71557579], [42.0643655, -87.7139859], [42.06438443, -87.71080652], [42.0642533, -87.70774839], [42.0642372, -87.70473779], [42.0642728, -87.70356436], [42.06422442, -87.69885011], [42.06221959, -87.69719418], [42.05976072, -87.69521128], [42.05711788, -87.69424579], [42.05580998, -87.69425345], [42.05568788, -87.69713579], [42.05544263, -87.69898397], [42.05197479, -87.69899547], [42.05027788, -87.69899579], [42.0484616, -87.69908582], [42.04548347, -87.69916153], [42.04398029, -87.69922396], [42.04285078, -87.69923293], [42.0409693, -87.69924332], [42.039325, -87.69920503], [42.03747914, -87.69924437], [42.0357115, -87.69928292], [42.03398017, -87.69944306], [42.03280123, -87.69942115], [42.03025191, -87.69935817], [42.02848295, -87.69947826], [42.02648608, -87.69913638], [42.02653643, -87.69796826], [42.02653379, -87.69467398], [42.02655245, -87.69240765], [42.02649364, -87.69016654], [42.02494398, -87.69013674], [42.02324675, -87.69023072], [42.02156503, -87.69019177], [42.02040774, -87.69026638], [42.01947371, -87.68975012], [42.01946598, -87.68661131], [42.01941903, -87.6842704], [42.01937474, -87.68054639], [42.01938149, -87.67774967], [42.01919304, -87.67633105], [42.01799279, -87.67581244], [42.01666146, -87.67381561], [42.01777517, -87.67280175]]",,,,
