route_id,route_number,route_description,distance_dir_0_km,distance_dir_1_km,trip_time_0_min,trip_time_1_min,road_gradient_0_%,road_gradient_1_%,number_of_daily_roundtrips_0,number_of_daily_roundtrips_1,stop_coordinates_array_0,stop_coordinates_array_1,daily_passenger_demand,emissions_impact_score,equity_score,base_buses
20-X30-G-015-1,X30,Harras - Candidplatz - Ostbahnhof - Arabellapark,12.01,12.39,39.5,39.0,0.758,1.017,93.0,95.0,"[[48.1167746, 11.53593132], [48.11617487, 11.54003662], [48.11219847, 11.54928028], [48.11209051, 11.55442763], [48.11113684, 11.57007628], [48.11249836, 11.57672382], [48.11558112, 11.57999368], [48.11940134, 11.58399119], [48.12829409, 11.60432904], [48.13212535, 11.60978182], [48.13529087, 11.60986267], [48.13645991, 11.61018606], [48.13680762, 11.61439018], [48.13730519, 11.61991481], [48.14660842, 11.62826016], [48.15365664, 11.62899678], [48.15389037, 11.6229601], [48.15321316, 11.62080415]]","[[48.15321915, 11.61989685], [48.1536087, 11.62357096], [48.15305734, 11.62912255], [48.14694407, 11.62814338], [48.13749104, 11.61973515], [48.13685558, 11.6140039], [48.13579446, 11.60940453], [48.1320594, 11.60952131], [48.12793433, 11.60394277], [48.11872968, 11.58320965], [48.11547917, 11.57968826], [48.11194656, 11.57534041], [48.11176662, 11.56984272], [48.11235441, 11.55281066], [48.11214449, 11.54819332], [48.1167746, 11.53593132]]",4869,2535.24,0.5811,8
20-X30-G-015-4,X30,Harras - Candidplatz - Ostbahnhof - Arabellapark,12.01,12.39,39.5,39.0,0.758,1.017,93.0,95.0,"[[48.1167746, 11.53593132], [48.11617487, 11.54003662], [48.11219847, 11.54928028], [48.11209051, 11.55442763], [48.11113684, 11.57007628], [48.11249836, 11.57672382], [48.11558112, 11.57999368], [48.11940134, 11.58399119], [48.12829409, 11.60432904], [48.13212535, 11.60978182], [48.13529087, 11.60986267], [48.13645991, 11.61018606], [48.13680762, 11.61439018], [48.13730519, 11.61991481], [48.14660842, 11.62826016], [48.15365664, 11.62899678], [48.15389037, 11.6229601], [48.15321316, 11.62080415]]","[[48.15321915, 11.61989685], [48.1536087, 11.62357096], [48.15305734, 11.62912255], [48.14694407, 11.62814338], [48.13749104, 11.61973515], [48.13685558, 11.6140039], [48.13579446, 11.60940453], [48.1320594, 11.60952131], [48.12793433, 11.60394277], [48.11872968, 11.58320965], [48.11547917, 11.57968826], [48.11194656, 11.57534041], [48.11176662, 11.56984272], [48.11235441, 11.55281066], [48.11214449, 11.54819332], [48.1167746, 11.53593132]]",4869,2535.24,0.5811,8
20-X35-G-015-1,X35,Moosach Bf. - OEZ West - Frankfurter Ring - Studentenstadt - Alte Heide,9.4,9.27,26.5,27.0,0.457,0.518,48.0,46.0,"[[48.18163023, 11.50878423], [48.17907256, 11.50712235], [48.18121693, 11.51222478], [48.181762, 11.51738111], [48.18385835, 11.53143076], [48.18606841, 11.54575889], [48.18673321, 11.56198246], [48.18742195, 11.57313954], [48.18779327, 11.59186043], [48.18349299, 11.60816485], [48.17988719, 11.60415836]]","[[48.17998902, 11.60468837], [48.18373257, 11.60809299], [48.18805678, 11.59183348], [48.18764354, 11.57211546], [48.18697277, 11.56176687], [48.18630798, 11.54568702], [48.18415782, 11.53139483], [48.18186981, 11.51735416], [48.18145053, 11.5130153], [48.18163023, 11.50878423]]",1227,944.09,0.4876,4
20-X36-G-015-1,X36,Allach Bf. - OEZ West - Frankfurter Ring - Studentenstadt - Alte Heide,14.52,14.96,35.0,37.0,0.516,0.561,49.0,48.0,"[[48.18984146, 11.46749766], [48.19422504, 11.46425474], [48.19732086, 11.46242218], [48.19796755, 11.46757851], [48.1966083, 11.48226596], [48.1939915, 11.49611798], [48.18189377, 11.52187268], [48.18385835, 11.53143076], [48.18606841, 11.54575889], [48.18673321, 11.56198246], [48.18742195, 11.57313954], [48.18779327, 11.59186043], [48.18349299, 11.60816485], [48.17988719, 11.60415836]]","[[48.17998902, 11.60468837], [48.18373257, 11.60809299], [48.18805678, 11.59183348], [48.18764354, 11.57211546], [48.18697277, 11.56176687], [48.18630798, 11.54568702], [48.18415782, 11.53139483], [48.18229508, 11.52136963], [48.19455439, 11.49226421], [48.19664423, 11.48248156], [48.19798551, 11.46692274], [48.19758433, 11.46279049], [48.19439271, 11.46391338], [48.18984146, 11.46749766]]",1449,1528.24,0.3661,4
20-X80-G-015-1,X80,Puchheim Bf. Süd - Lochhausen Bf. - Untermenzing Bf. - Moosach Bf.,13.48,13.67,29.5,29.0,0.616,0.651,49.0,49.0,"[[48.17202782, 11.35218991], [48.16956553, 11.35415722], [48.17873712, 11.3702191], [48.17927023, 11.38098091], [48.17699997, 11.40821783], [48.17523881, 11.41315857], [48.17699997, 11.46256591], [48.17766489, 11.47381282], [48.18048019, 11.50537063]]","[[48.18048019, 11.50537063], [48.17782662, 11.47373197], [48.17734741, 11.46316778], [48.17468768, 11.41819812], [48.17713176, 11.4081819], [48.17933013, 11.38051379], [48.17791048, 11.36916807], [48.16939778, 11.35450756], [48.17177022, 11.35277381]]",1262,1408.16,0.1621,4
3-100-G-015-23,100,Hauptbahnhof Nord - Odeonsplatz - Ostbahnhof (Museenlinie),7.76,7.13,28.0,30.5,0.94,0.743,60.0,58.0,"[[48.14138156, 11.56106618], [48.14137556, 11.55921565], [48.14237662, 11.56179382], [48.14545759, 11.56366231], [48.14810085, 11.56610573], [48.14673429, 11.57083985], [48.14536769, 11.57552007], [48.14493013, 11.5784935], [48.143018, 11.57765806], [48.14283818, 11.58920141], [48.14194503, 11.59362113], [48.14053634, 11.60066392], [48.13914559, 11.60702399], [48.13579446, 11.60940453], [48.1320594, 11.60952131], [48.12793433, 11.60394277]]","[[48.12799429, 11.60386192], [48.13212535, 11.60978182], [48.13529087, 11.60986267], [48.13954124, 11.60692518], [48.14065623, 11.60073578], [48.14210688, 11.59375587], [48.14331771, 11.58788089], [48.14398306, 11.58482662], [48.14493013, 11.5784935], [48.14308994, 11.57798146], [48.14566738, 11.57916723], [48.14774723, 11.57645432], [48.14834659, 11.5742804], [48.14915572, 11.57143274], [48.14997083, 11.56641116], [48.14695606, 11.56446181], [48.14518187, 11.56028465], [48.14138156, 11.56106618]]",1862,1009.1,1.0,4
3-100-G-015-3,100,Hauptbahnhof Nord - Odeonsplatz - Ostbahnhof (Museenlinie),7.76,7.13,28.0,30.5,0.94,0.743,85.0,83.0,"[[48.14138156, 11.56106618], [48.14137556, 11.55921565], [48.14237662, 11.56179382], [48.14545759, 11.56366231], [48.14810085, 11.56610573], [48.14673429, 11.57083985], [48.14536769, 11.57552007], [48.14493013, 11.5784935], [48.14308994, 11.57798146], [48.14493013, 11.57881689], [48.1435335, 11.58516798], [48.14283818, 11.58920141], [48.14194503, 11.59362113], [48.14053634, 11.60066392], [48.13914559, 11.60702399], [48.13579446, 11.60940453], [48.1320594, 11.60952131], [48.12793433, 11.60394277]]","[[48.12799429, 11.60386192], [48.13212535, 11.60978182], [48.13529087, 11.60986267], [48.13954124, 11.60692518], [48.14065623, 11.60073578], [48.14210688, 11.59375587], [48.14331771, 11.58788089], [48.14398306, 11.58482662], [48.14493013, 11.5784935], [48.14308994, 11.57798146], [48.14566738, 11.57916723], [48.14774723, 11.57645432], [48.14834659, 11.5742804], [48.14915572, 11.57143274], [48.14997083, 11.56641116], [48.14695606, 11.56446181], [48.14518187, 11.56028465], [48.14138156, 11.56106618]]",2722,1444.79,0.9834,6
3-130-G-015-4,130,Pasing Bf. - Laim Bf. - Westendstraße - Heimeranpl. Süd - Am Harras,9.46,9.04,32.5,31.0,0.666,0.453,59.0,57.0,"[[48.1488021, 11.45989791], [48.14657245, 11.46100284], [48.14601503, 11.465719], [48.1453497, 11.47104601], [48.14487618, 11.48355055], [48.14419286, 11.49039572], [48.14358146, 11.49649528], [48.14341362, 11.50205585], [48.14147147, 11.51209901], [48.13914559, 11.51172172], [48.13497913, 11.51420107], [48.1348832, 11.51677025], [48.13468536, 11.52350762], [48.13204741, 11.52951735], [48.13081232, 11.53113431], [48.1282761, 11.53431435], [48.12593763, 11.53555403], [48.12381493, 11.53470063], [48.12018694, 11.53460181], [48.1167746, 11.53593132], [48.11617487, 11.54003662]]","[[48.11692453, 11.53926407], [48.1169905, 11.53555403], [48.12089457, 11.53500605], [48.12407277, 11.53453893], [48.12668116, 11.53576064], [48.12838403, 11.53465571], [48.13222727, 11.5293826], [48.13478129, 11.52234879], [48.13506306, 11.51687805], [48.13545274, 11.51376988], [48.13938538, 11.51164986], [48.14172923, 11.51236851], [48.14341362, 11.50184025], [48.14380924, 11.4972319], [48.14449256, 11.49023402], [48.14523582, 11.48214918], [48.14558946, 11.47036329], [48.14639863, 11.46477576], [48.1467223, 11.46183827], [48.14896992, 11.46050877]]",1886,1216.39,0.5357,5
3-132-G-015-16,132,Marienplatz - Isartor - Fraunhoferstraße - Baldeplatz - Implerstraße - Harras - Forstenrieder Allee - Forstenrieder Park,14.37,13.45,54.5,49.5,1.023,0.788,62.0,80.0,"[[48.13639996, 11.57779281], [48.13508704, 11.57485532], [48.13407984, 11.57469362], [48.13404987, 11.58351508], [48.13302467, 11.58548239], [48.1311121, 11.5825449], [48.12949326, 11.57942774], [48.12812021, 11.57653517], [48.12573376, 11.57075002], [48.12377895, 11.56702201], [48.12058273, 11.56138059], [48.12042681, 11.55555951], [48.11978515, 11.55228964], [48.11938935, 11.54885808], [48.12294543, 11.54871434], [48.12227381, 11.54352208], [48.11997705, 11.54056663], [48.11692453, 11.53926407], [48.11700249, 11.53653319], [48.11324807, 11.53366756], [48.11222246, 11.5260229], [48.10994324, 11.5261846], [48.10644024, 11.52151336], [48.10500658, 11.51835129], [48.10068136, 11.51066171], [48.09738772, 11.50760744], [48.09445386, 11.50349315], [48.09483185, 11.50069041], [48.09456185, 11.49841767], [48.08982773, 11.49673782], [48.08700145, 11.49581256], [48.08484714, 11.49470763], [48.0825607, 11.49397101], [48.07996808, 11.49197675], [48.07750138, 11.48844637]]","[[48.07750138, 11.48844637], [48.08014213, 11.49226421], [48.08219462, 11.49401593], [48.08475112, 11.49487831], [48.08721148, 11.49604612], [48.08998375, 11.49693545], [48.09465785, 11.49819309], [48.09463385, 11.50070838], [48.09499384, 11.505173], [48.0986956, 11.50893694], [48.1011613, 11.51154206], [48.10486261, 11.51843214], [48.10636826, 11.521702], [48.10996123, 11.52626545], [48.11272027, 11.52655291], [48.11306214, 11.53389214], [48.11678059, 11.53667692], [48.11745828, 11.5402073], [48.12009099, 11.54087205], [48.12256165, 11.54539058], [48.12298741, 11.5484718], [48.11877765, 11.54820231], [48.1176262, 11.55035826], [48.11970119, 11.55237049], [48.1204448, 11.5551912], [48.1208286, 11.56190161], [48.12281351, 11.56695015], [48.12513413, 11.57128002], [48.12799429, 11.57666992], [48.12909154, 11.57906842], [48.13065044, 11.58202388], [48.13253304, 11.58532069], [48.13411582, 11.58319169], [48.13602827, 11.57958944], [48.13639996, 11.57779281]]",4630,2285.64,0.6979,11
3-134-G-015-3,134,Theresienhöhe - Schwanthalerhöhe - Harras - Obersendling - Solln Bf. - Fürstenried West,14.09,15.28,47.5,54.0,0.951,0.72,60.0,61.0,"[[48.13255702, 11.54597448], [48.1346374, 11.54625296], [48.13363619, 11.53965933], [48.1305605, 11.53910237], [48.12791634, 11.53903949], [48.1259796, 11.54029713], [48.12593763, 11.53555403], [48.12381493, 11.53470063], [48.12018694, 11.53460181], [48.11678059, 11.53667692], [48.11617487, 11.54003662], [48.11311013, 11.5392461], [48.11132278, 11.53938085], [48.10701009, 11.53983001], [48.10418476, 11.54018933], [48.10339291, 11.53793456], [48.10003945, 11.53814117], [48.09847363, 11.53792558], [48.09629579, 11.5410607], [48.09248586, 11.53972221], [48.08957572, 11.53717998], [48.08619135, 11.53396401], [48.08129442, 11.52892446], [48.07920588, 11.52741529], [48.07711125, 11.52532221], [48.07639102, 11.51916876], [48.07621696, 11.51408429], [48.07843166, 11.50813744], [48.07947595, 11.5037357], [48.08233265, 11.50393333], [48.08637737, 11.50318773], [48.08705546, 11.49927107], [48.0866114, 11.49641443], [48.08484714, 11.49470763], [48.08482313, 11.49083589], [48.08691744, 11.48547295], [48.08872364, 11.48034357]]","[[48.08872364, 11.48034357], [48.08673142, 11.48532024], [48.08470311, 11.49082691], [48.08475112, 11.49487831], [48.08632937, 11.4960551], [48.08694745, 11.49980108], [48.08689944, 11.50284637], [48.08215261, 11.50355604], [48.08011812, 11.50353807], [48.07835964, 11.50792185], [48.07608492, 11.51453345], [48.07634901, 11.51986944], [48.0766491, 11.5250617], [48.07815558, 11.52589714], [48.08071828, 11.52342677], [48.08271673, 11.51977063], [48.08383296, 11.51764162], [48.08770954, 11.51986046], [48.09052978, 11.53380231], [48.09001975, 11.53790761], [48.09301386, 11.54027018], [48.09642178, 11.54113256], [48.09840163, 11.53810524], [48.10070536, 11.53832982], [48.10366886, 11.53832084], [48.10429273, 11.54055764], [48.10730401, 11.54016238], [48.11116083, 11.53986594], [48.11692453, 11.53926407], [48.1169905, 11.53555403], [48.12089457, 11.53500605], [48.12407277, 11.53453893], [48.12573376, 11.53616488], [48.12571577, 11.54064747], [48.12795832, 11.53916525], [48.13102816, 11.53938983], [48.13331244, 11.53983001], [48.13447553, 11.54636076], [48.13255702, 11.54597448]]",3935,2066.86,0.4415,6
3-135-G-015-1,135,Thalkirchen (Tierpark) - Campingplatz Thalkirchen - Solln Bf. - Waldfriedhof Solln,4.9,5.04,15.0,15.5,1.368,0.595,61.0,61.0,"[[48.10101132, 11.54668415], [48.10055538, 11.54815739], [48.09676376, 11.54709738], [48.09468785, 11.54573194], [48.09162183, 11.54400717], [48.08718148, 11.5411685], [48.08241667, 11.53693743], [48.08129442, 11.52892446], [48.07920588, 11.52741529], [48.07711125, 11.52532221], [48.07536467, 11.52308541], [48.07218345, 11.51947418], [48.06913409, 11.5170128]]","[[48.06913409, 11.5170128], [48.07211142, 11.51973469], [48.07534666, 11.5234088], [48.0766491, 11.5250617], [48.07883377, 11.52736139], [48.0812284, 11.52911311], [48.08241067, 11.53709913], [48.08703746, 11.54117748], [48.09162183, 11.54400717], [48.09475385, 11.54534566], [48.09691975, 11.54408802], [48.10101132, 11.54668415]]",1057,706.39,0.1393,4
3-135-G-015-3,135,Thalkirchen (Tierpark) - Campingplatz Thalkirchen - Solln Bf. - Waldfriedhof Solln,4.9,5.04,15.0,15.5,1.368,0.595,61.0,61.0,"[[48.10101132, 11.54668415], [48.10055538, 11.54815739], [48.09676376, 11.54709738], [48.09468785, 11.54573194], [48.09162183, 11.54400717], [48.08718148, 11.5411685], [48.08241667, 11.53693743], [48.08129442, 11.52892446], [48.07920588, 11.52741529], [48.07711125, 11.52532221], [48.07536467, 11.52308541], [48.07218345, 11.51947418], [48.06913409, 11.5170128]]","[[48.06913409, 11.5170128], [48.07211142, 11.51973469], [48.07534666, 11.5234088], [48.0766491, 11.5250617], [48.07883377, 11.52736139], [48.0812284, 11.52911311], [48.08241067, 11.53709913], [48.08703746, 11.54117748], [48.09162183, 11.54400717], [48.09475385, 11.54534566], [48.09691975, 11.54408802], [48.10101132, 11.54668415]]",1057,706.39,0.1393,4
3-136-G-015-1,136,Wolfratshauser Str. - Obersendling - Aidenbachstr. - Solln Bf.,7.95,7.8,25.5,27.0,0.566,0.539,47.0,46.0,"[[48.09021176, 11.53705421], [48.09068579, 11.5328501], [48.09232985, 11.53013718], [48.09552183, 11.53241891], [48.09840163, 11.53810524], [48.10049539, 11.5378088], [48.10007545, 11.53353282], [48.09996146, 11.5295443], [48.09756171, 11.52430712], [48.09477785, 11.52316626], [48.09337387, 11.52244761], [48.09060778, 11.52052521], [48.09054178, 11.51785721], [48.09001375, 11.51414717], [48.08890366, 11.50916152], [48.08749351, 11.50710438], [48.08604733, 11.51039221], [48.08505117, 11.51316801], [48.08346089, 11.51755179], [48.08237466, 11.52012097], [48.08035218, 11.52377711], [48.07883377, 11.52736139], [48.08144445, 11.52757699]]","[[48.08144445, 11.52757699], [48.07920588, 11.52741529], [48.08071828, 11.52342677], [48.08271673, 11.51977063], [48.08391097, 11.51676127], [48.08514119, 11.51332072], [48.08639537, 11.50981729], [48.08749952, 11.50731998], [48.08880765, 11.50917949], [48.08992374, 11.51421005], [48.09040377, 11.51725534], [48.09069779, 11.52136064], [48.09343987, 11.52277998], [48.09541383, 11.52354355], [48.09799367, 11.52385796], [48.09891158, 11.52398373], [48.09969749, 11.52864598], [48.09989547, 11.5327962], [48.10003945, 11.53814117], [48.09847363, 11.53792558], [48.09533583, 11.53147567], [48.09235985, 11.52994854], [48.09052978, 11.53380231], [48.09021176, 11.53705421]]",1405,857.92,0.5357,3
3-139-G-015-1,139,Klinikum Harlaching - Mangfallplatz - Giesing Bf. - Neuperlach Zentrum - Trudering Bf. - Messestadt West,18.08,18.14,65.0,66.0,0.564,0.766,59.0,62.0,"[[48.08710947, 11.55625121], [48.08840561, 11.55946718], [48.09043977, 11.56412045], [48.09312186, 11.56998645], [48.09478385, 11.57398395], [48.09643978, 11.57777484], [48.09787368, 11.58130522], [48.09852162, 11.58272456], [48.09990147, 11.58647054], [48.1011073, 11.59115974], [48.1023791, 11.59636099], [48.10731601, 11.59625319], [48.11057303, 11.59557047], [48.10678815, 11.59670235], [48.10820976, 11.60393379], [48.10554646, 11.60454464], [48.10107131, 11.6071228], [48.10132327, 11.6104286], [48.1011193, 11.61692342], [48.10085534, 11.62304993], [48.09978748, 11.63075748], [48.09918155, 11.63662348], [48.10325494, 11.63746789], [48.10422675, 11.64079166], [48.1011193, 11.64697207], [48.10086134, 11.64782547], [48.10665618, 11.64655885], [48.10880959, 11.64660376], [48.11225844, 11.64949634], [48.11480745, 11.65255959], [48.11666665, 11.65593726], [48.11915546, 11.66050968], [48.12324526, 11.66639365], [48.12557186, 11.663007], [48.1235211, 11.66734586], [48.12161418, 11.670472], [48.12624344, 11.67402933], [48.12921746, 11.67676919], [48.13282082, 11.67996719], [48.13536881, 11.68452165], [48.13518296, 11.69018104], [48.13351629, 11.68951628]]","[[48.13333043, 11.69015409], [48.13553068, 11.689669], [48.13552468, 11.6845486], [48.13276686, 11.67977854], [48.12898362, 11.676338], [48.12636336, 11.67394848], [48.12195599, 11.67013962], [48.123683, 11.66742671], [48.12556586, 11.6635909], [48.12326325, 11.66623195], [48.11930539, 11.66058155], [48.11670263, 11.65569471], [48.11451357, 11.65200264], [48.11270228, 11.64982871], [48.10854566, 11.64630732], [48.10647623, 11.64621749], [48.1011193, 11.64697207], [48.10093933, 11.64736733], [48.1044427, 11.63997419], [48.10255907, 11.63647076], [48.09902557, 11.63585093], [48.10062737, 11.63046104], [48.10100532, 11.62184619], [48.10125728, 11.61689647], [48.10143125, 11.61049149], [48.10140726, 11.60644008], [48.10378884, 11.60566753], [48.10853967, 11.60331395], [48.10731601, 11.59625319], [48.11091492, 11.59543572], [48.10630227, 11.59623522], [48.102913, 11.59663947], [48.10127528, 11.59080042], [48.09998546, 11.58578782], [48.0987736, 11.58267066], [48.09774769, 11.58037098], [48.09655977, 11.57761315], [48.09492785, 11.57378632], [48.09318186, 11.56965407], [48.09005575, 11.56299756], [48.08865764, 11.55971871], [48.08710947, 11.55625121]]",4458,2503.8,0.4374,9
3-140-G-015-4,140,Kieferngarten - Heidemannstraße - Parzivalplatz - Scheidplatz,7.8,8.11,28.5,29.0,0.654,0.542,62.0,61.0,"[[48.20271566, 11.61272829], [48.20066199, 11.61159641], [48.20080569, 11.60599093], [48.20226661, 11.60285581], [48.20522425, 11.59968475], [48.20589479, 11.59413317], [48.20174571, 11.59268688], [48.20134456, 11.58886904], [48.20060212, 11.58506018], [48.19800348, 11.58459306], [48.19557237, 11.58409], [48.19276389, 11.58384746], [48.1873381, 11.58422475], [48.18402006, 11.58450323], [48.18153439, 11.58474577], [48.17837172, 11.58502425], [48.17601756, 11.585159], [48.17161445, 11.58588663], [48.17015865, 11.57738857], [48.17030842, 11.57432531], [48.1717822, 11.57293292]]","[[48.1717822, 11.57293292], [48.17017662, 11.57434328], [48.17006878, 11.57741552], [48.17189003, 11.5859585], [48.17564017, 11.58568002], [48.1779584, 11.58553629], [48.18203154, 11.58506018], [48.18463098, 11.58480865], [48.18817057, 11.58456611], [48.19252435, 11.58417085], [48.19609333, 11.58462001], [48.19856034, 11.58500628], [48.20094939, 11.58602138], [48.20133258, 11.59026143], [48.20220075, 11.59360316], [48.20572715, 11.59431283], [48.20539189, 11.59948712], [48.20214088, 11.60336785], [48.20039854, 11.60620652], [48.2011829, 11.61195574], [48.20271566, 11.61272829]]",1922,1130.84,0.5052,5
3-141-G-015-4,141,Dülferstraße - Harfhof - Heidemannstraße - Parzivalplatz - Scheidplatz,8.77,9.06,31.5,31.0,0.638,0.497,52.0,53.0,"[[48.21221653, 11.5623328], [48.20852296, 11.56303349], [48.20703228, 11.56324909], [48.2046016, 11.56422825], [48.2053859, 11.56817185], [48.20926528, 11.56801914], [48.21002556, 11.57207953], [48.21064216, 11.57542126], [48.21081576, 11.58126031], [48.2100974, 11.58686579], [48.20532004, 11.5859585], [48.20060212, 11.58506018], [48.19800348, 11.58459306], [48.19557237, 11.58409], [48.19276389, 11.58384746], [48.1873381, 11.58422475], [48.18402006, 11.58450323], [48.18153439, 11.58474577], [48.17837172, 11.58502425], [48.17601756, 11.585159], [48.17161445, 11.58588663], [48.17015865, 11.57738857], [48.17030842, 11.57432531], [48.1717822, 11.57293292]]","[[48.1717822, 11.57293292], [48.17017662, 11.57434328], [48.17006878, 11.57741552], [48.17189003, 11.5859585], [48.17564017, 11.58568002], [48.1779584, 11.58553629], [48.18203154, 11.58506018], [48.18463098, 11.58480865], [48.18817057, 11.58456611], [48.19252435, 11.58417085], [48.19609333, 11.58462001], [48.19856034, 11.58500628], [48.20175769, 11.58567104], [48.20596663, 11.58650647], [48.21056433, 11.58652444], [48.21084569, 11.58282338], [48.21071399, 11.57516973], [48.21004352, 11.57148664], [48.20949876, 11.56849525], [48.2051105, 11.56808202], [48.20498477, 11.56396774], [48.20737951, 11.56355451], [48.21222252, 11.56288078]]",1751,1080.87,0.4644,4
3-142-G-015-1,142,Scheidplatz - Parzivalplatz - Münchner Freiheit,3.21,3.16,12.0,11.5,0.592,1.108,105.0,104.0,"[[48.17160846, 11.57258258], [48.1758079, 11.57304971], [48.17752112, 11.57573567], [48.17602355, 11.57966131], [48.17531069, 11.58167353], [48.17235732, 11.58231134], [48.17103333, 11.58544646], [48.16662381, 11.58605731], [48.16283706, 11.58618308]]","[[48.16223188, 11.58653342], [48.167882, 11.58642562], [48.17120707, 11.58544646], [48.17248911, 11.58245507], [48.17532866, 11.58189811], [48.17608346, 11.57882587], [48.17561621, 11.57319344], [48.17160846, 11.57258258]]",1315,777.15,0.5808,4
3-143-G-015-1,143,"Freiham, Möbel Höffner - Langwied Bf. - Blutenburg - Amalienburgstraße - Georg-Brauchle-Ring - Olympia-Einkaufszentrum",15.4,15.28,47.0,47.5,0.507,0.727,56.0,43.0,"[[48.13423572, 11.41290704], [48.13514699, 11.41104753], [48.13843822, 11.40912513], [48.14166929, 11.40350168], [48.14246054, 11.40782258], [48.14551753, 11.41053549], [48.14641062, 11.4140479], [48.14886803, 11.41377841], [48.15038437, 11.41329332], [48.15379448, 11.41380536], [48.1572583, 11.41587148], [48.159859, 11.41517978], [48.16060803, 11.42047085], [48.16136903, 11.42363292], [48.16301083, 11.43262506], [48.16355609, 11.43574221], [48.16387365, 11.44376417], [48.16437097, 11.44796829], [48.16502406, 11.45298088], [48.16491621, 11.45719398], [48.16469452, 11.46418288], [48.16468254, 11.46810851], [48.16455072, 11.47354332], [48.16410733, 11.47868169], [48.16372386, 11.48593109], [48.16540753, 11.4944022], [48.16430506, 11.50298111], [48.16415527, 11.50745472], [48.16715704, 11.5097095], [48.17035635, 11.51115578], [48.1734057, 11.51532397], [48.17522084, 11.52132471], [48.17688017, 11.5293287], [48.18201956, 11.53037075]]","[[48.181762, 11.52918497], [48.17663457, 11.52827767], [48.17526876, 11.52065098], [48.17348357, 11.51474006], [48.16937382, 11.51030238], [48.16726489, 11.50936814], [48.16403543, 11.50699658], [48.1646346, 11.50219958], [48.16573107, 11.49406084], [48.16385568, 11.48676652], [48.16426911, 11.47868169], [48.16465258, 11.47333671], [48.1648503, 11.46609629], [48.16486229, 11.46274557], [48.16451477, 11.45630465], [48.1640594, 11.45530752], [48.1651379, 11.45295394], [48.16442489, 11.44759099], [48.16386766, 11.44272212], [48.1638377, 11.43513136], [48.16313067, 11.4322837], [48.16135704, 11.4230041], [48.16066196, 11.42009356], [48.15979908, 11.41505401], [48.15685679, 11.41588945], [48.15385441, 11.41375146], [48.15055219, 11.41302382], [48.14831662, 11.41376044], [48.14665637, 11.4142635], [48.14552353, 11.41035582], [48.14091399, 11.40953836], [48.13794065, 11.40913412], [48.13462541, 11.41103854], [48.13423572, 11.41290704]]",2506,1725.33,0.2966,8
3-144-G-015-3,144,Scheidplatz - Olympiaberg - Rotkreuzplatz,6.22,5.96,21.5,19.5,1.077,0.822,45.0,45.0,"[[48.17147666, 11.57304072], [48.16740868, 11.57189088], [48.16792394, 11.56544996], [48.16869082, 11.55942226], [48.16798984, 11.55467916], [48.16929593, 11.54920842], [48.17148864, 11.54595652], [48.17056005, 11.53957848], [48.16940976, 11.53744947], [48.16612651, 11.53734167], [48.16261536, 11.53742252], [48.15980507, 11.53512283], [48.15921782, 11.53006532], [48.1562815, 11.53123313], [48.15260187, 11.53392808]]","[[48.15260187, 11.53392808], [48.15261985, 11.53735964], [48.15626951, 11.53755727], [48.15937362, 11.53769202], [48.1649222, 11.53815914], [48.17050014, 11.53973119], [48.1713868, 11.5460733], [48.1691102, 11.54919944], [48.16778015, 11.55484984], [48.16854703, 11.55942226], [48.16778015, 11.56544996], [48.16742666, 11.56992357], [48.1707218, 11.57366056], [48.17147666, 11.57304072]]",1194,634.17,0.3826,3
3-145-G-015-1,145,Ostbahnhof - Karl-Preis-Platz - Balanstraße - Fasangarten,7.87,7.08,24.0,21.5,0.623,0.452,104.0,107.0,"[[48.12773047, 11.60365531], [48.12553588, 11.59975662], [48.12418071, 11.60129274], [48.12114643, 11.60561363], [48.11834586, 11.60911706], [48.11633679, 11.60349361], [48.11234241, 11.60297259], [48.10820976, 11.60393379], [48.10554646, 11.60454464], [48.10455668, 11.60925181], [48.10048939, 11.60644907], [48.09740572, 11.60768874], [48.09554583, 11.60926079], [48.09270786, 11.60972792], [48.08978573, 11.61109336], [48.08870564, 11.60762586], [48.08775754, 11.59940628], [48.09117781, 11.59767253], [48.09261786, 11.60150833], [48.09341587, 11.6040326]]","[[48.09341587, 11.6040326], [48.09281586, 11.60193953], [48.0908838, 11.59729524], [48.08742751, 11.59941526], [48.08856763, 11.60743721], [48.08985774, 11.61125505], [48.09285186, 11.60992555], [48.09553983, 11.60954826], [48.09733372, 11.6080301], [48.10140726, 11.60644008], [48.10378884, 11.60566753], [48.10907351, 11.60414938], [48.11266629, 11.60311632], [48.11594097, 11.60283784], [48.11872368, 11.60926079], [48.12127236, 11.60564058], [48.1251821, 11.59997221], [48.12716084, 11.60249648]]",2465,1810.22,0.3774,8
3-149-G-015-1,149,Ostbahnhof (Post) - Vogelweideplatz - Zamilapark,4.88,4.64,16.5,18.0,0.512,0.862,44.0,44.0,"[[48.1287198, 11.60479617], [48.13224526, 11.60517346], [48.13645991, 11.61018606], [48.13680762, 11.61439018], [48.13730519, 11.61991481], [48.13617215, 11.62447826], [48.13903169, 11.62865542], [48.14029656, 11.63690196], [48.1399189, 11.6440795], [48.13978102, 11.64749309], [48.14009274, 11.64831954], [48.14238261, 11.64977481]]","[[48.14238261, 11.64977481], [48.1421848, 11.64745716], [48.14009874, 11.64805005], [48.13993688, 11.64774462], [48.14005677, 11.64305542], [48.14039247, 11.63770146], [48.14035051, 11.63541075], [48.1391396, 11.62862847], [48.13749104, 11.61973515], [48.13685558, 11.6140039], [48.1362321, 11.60863197], [48.13332444, 11.60494888], [48.12882173, 11.60455362]]",1073,485.39,0.4737,2
3-150-G-015-1,150,Bremer Str. - Frankfurter Ring - Alte Heide - Nordfriedhof - Arabellapark,7.93,7.85,24.5,24.0,0.896,0.751,73.0,72.0,"[[48.18918269, 11.56988764], [48.18712849, 11.57258258], [48.1858528, 11.57269936], [48.18434349, 11.57535838], [48.18417579, 11.57857434], [48.18426563, 11.585159], [48.18406798, 11.59123161], [48.182918, 11.5965676], [48.18054608, 11.60153528], [48.17973744, 11.6032331], [48.17306423, 11.5976366], [48.15592793, 11.6071228], [48.15359072, 11.61702224], [48.15330905, 11.62018431]]","[[48.15330905, 11.62018431], [48.15381845, 11.62094788], [48.15396828, 11.61688749], [48.15613768, 11.6072845], [48.16955954, 11.59937034], [48.1741066, 11.59833728], [48.17978536, 11.60350259], [48.18091745, 11.60125681], [48.18301982, 11.59675625], [48.18425365, 11.59082737], [48.18435547, 11.5841978], [48.1842836, 11.57893367], [48.18446328, 11.57538533], [48.18603247, 11.57284309], [48.18785316, 11.57276224], [48.18918269, 11.56988764]]",1874,1290.53,0.4555,6
3-151-G-015-5,151,Westfriedhof - Romanpl. - Laim Bf. - Laimer Pl. - Holzapfelkreuth - Parkstadt Solln,14.75,12.8,54.5,47.0,0.963,0.438,58.0,56.0,"[[48.16933787, 11.52819682], [48.16866086, 11.52230388], [48.16837928, 11.51428192], [48.16937382, 11.51030238], [48.16726489, 11.50936814], [48.16403543, 11.50699658], [48.16105144, 11.51135341], [48.15794144, 11.51143426], [48.15590396, 11.51122765], [48.14623081, 11.52017487], [48.14338365, 11.51929452], [48.14341362, 11.50205585], [48.14017067, 11.50296315], [48.13604026, 11.50283738], [48.13132195, 11.50265772], [48.1258237, 11.50258585], [48.12087658, 11.50233433], [48.11589299, 11.5022445], [48.11157469, 11.50216365], [48.10817377, 11.50203788], [48.09738772, 11.50760744], [48.09420786, 11.50467893], [48.09146583, 11.50586471], [48.08961172, 11.50273857], [48.08689944, 11.50284637], [48.08215261, 11.50355604], [48.07947595, 11.5037357]]","[[48.07947595, 11.5037357], [48.08233265, 11.50393333], [48.08637737, 11.50318773], [48.0894257, 11.50308891], [48.09193384, 11.50632285], [48.09499384, 11.505173], [48.09857562, 11.50771524], [48.10716005, 11.50234331], [48.1126363, 11.50251399], [48.11665465, 11.5026128], [48.1217581, 11.50276552], [48.12584169, 11.503044], [48.13604026, 11.50316078], [48.13951127, 11.50325061], [48.14305397, 11.503574], [48.14740559, 11.50340332], [48.14964119, 11.50358298], [48.15133131, 11.50434655], [48.15297943, 11.50846982], [48.15494512, 11.51174867], [48.15907401, 11.51166782], [48.16119525, 11.51144324], [48.16415527, 11.50745472], [48.16715704, 11.5097095], [48.16954157, 11.51133545], [48.16806773, 11.51476701], [48.16855901, 11.52241167], [48.16933787, 11.52819682]]",3687,1773.3,0.417,11
3-153-G-015-1,153,Giesing Bf. - Candidpl. - Am Harras - Schwanthalerhöhe - Donnersbergerbrücke - Hochschule München (Lothstr.) - Josephspl. - Universität - Odeonsplatz,14.16,14.76,57.5,58.0,0.756,0.833,30.0,28.0,"[[48.11080096, 11.59398944], [48.10982328, 11.5890487], [48.11092691, 11.58449424], [48.11083095, 11.5791852], [48.11194656, 11.57534041], [48.11176662, 11.56984272], [48.11311612, 11.56608776], [48.11235441, 11.55281066], [48.11214449, 11.54819332], [48.11284023, 11.54022527], [48.1172004, 11.54018933], [48.12009099, 11.54087205], [48.12189602, 11.5412224], [48.12571577, 11.54064747], [48.12795832, 11.53916525], [48.13102816, 11.53938983], [48.13331244, 11.53983001], [48.13499711, 11.53740456], [48.13526689, 11.53414367], [48.13629804, 11.53442215], [48.13970909, 11.53480842], [48.14253247, 11.53489826], [48.14672829, 11.53661404], [48.1500847, 11.53710811], [48.15141522, 11.53827592], [48.15086983, 11.5450043], [48.1523981, 11.55048403], [48.15455558, 11.5544995], [48.15641334, 11.55904497], [48.15593992, 11.56220704], [48.1547953, 11.5660698], [48.15304536, 11.56595302], [48.15249998, 11.56796524], [48.15176882, 11.57051646], [48.15106761, 11.57293292], [48.15030646, 11.57569075], [48.14903585, 11.58018233], [48.14493013, 11.5784935], [48.14308994, 11.57798146]]","[[48.14308994, 11.57798146], [48.14566738, 11.57916723], [48.14916771, 11.58011945], [48.15025851, 11.57616686], [48.15100168, 11.57361564], [48.15173286, 11.57092968], [48.1526618, 11.56779456], [48.15320717, 11.56587217], [48.15485522, 11.56631234], [48.15604779, 11.56216212], [48.15652121, 11.5591348], [48.15468742, 11.5544456], [48.15242807, 11.5503403], [48.15043831, 11.54417785], [48.15147515, 11.53667692], [48.14992288, 11.53655116], [48.14606897, 11.53532945], [48.14267034, 11.53442215], [48.13943933, 11.53396401], [48.13633401, 11.53422452], [48.13489519, 11.53446706], [48.13485922, 11.53739557], [48.13363619, 11.53965933], [48.1305605, 11.53910237], [48.12791634, 11.53903949], [48.1259796, 11.54029713], [48.12207592, 11.54104273], [48.11997705, 11.54056663], [48.11617487, 11.54003662], [48.11311013, 11.5392461], [48.11132278, 11.53938085], [48.11219847, 11.54928028], [48.11209051, 11.55442763], [48.11277425, 11.56597098], [48.11113684, 11.57007628], [48.11249836, 11.57672382], [48.11120882, 11.57991283], [48.11093291, 11.5839822], [48.10970331, 11.58928226], [48.11082495, 11.59531894]]",2121,979.18,0.8148,12
3-154-G-015-9,154,Nordbad - Josephsplatz - Universität - Giselastraße - Herkomerplatz - Arabellapark - Johanneskirchen Bf. - Westerlandanger,12.35,12.27,45.0,44.0,0.737,0.742,105.0,102.0,"[[48.16087168, 11.56288078], [48.15771373, 11.5599882], [48.15641334, 11.55904497], [48.15593992, 11.56220704], [48.1547953, 11.5660698], [48.15304536, 11.56595302], [48.15249998, 11.56796524], [48.15176882, 11.57051646], [48.15106761, 11.57293292], [48.15030646, 11.57569075], [48.14903585, 11.58018233], [48.15142121, 11.58187116], [48.15532866, 11.58370373], [48.15707852, 11.58508713], [48.15655117, 11.58937209], [48.15256591, 11.59341451], [48.15014464, 11.59625319], [48.14877813, 11.60123884], [48.15076795, 11.6090452], [48.15184074, 11.6130966], [48.15359072, 11.61702224], [48.15354877, 11.62059753], [48.1536087, 11.62357096], [48.15349483, 11.6288261], [48.15505898, 11.63749484], [48.1570965, 11.64202235], [48.15908599, 11.64253439], [48.16242961, 11.64523832], [48.16526972, 11.64480713], [48.16839725, 11.64363932], [48.16933787, 11.6446634], [48.16930791, 11.64760089], [48.16684549, 11.65955747], [48.16221989, 11.66258479]]","[[48.16221989, 11.66258479], [48.16733679, 11.65957543], [48.16939778, 11.64760089], [48.16901435, 11.64335186], [48.16748058, 11.64357644], [48.16514389, 11.64460052], [48.16253747, 11.64499578], [48.15837889, 11.64184269], [48.15672496, 11.64116895], [48.1552088, 11.63728823], [48.15360271, 11.62856559], [48.15389037, 11.6229601], [48.15381845, 11.62094788], [48.15396828, 11.61688749], [48.15220033, 11.61280914], [48.1508998, 11.60858706], [48.148892, 11.60021476], [48.15028249, 11.59638794], [48.15101966, 11.5949686], [48.15293149, 11.5934774], [48.15671896, 11.58871632], [48.15723433, 11.58479967], [48.15501104, 11.58319169], [48.15147515, 11.58161065], [48.14916771, 11.58011945], [48.15025851, 11.57616686], [48.15100168, 11.57361564], [48.15173286, 11.57092968], [48.1526618, 11.56779456], [48.15320717, 11.56587217], [48.15485522, 11.56631234], [48.15604779, 11.56216212], [48.15652121, 11.5591348], [48.15773171, 11.56037448], [48.16087168, 11.56288078]]",6150,2980.76,0.5407,10
3-155-G-015-1,155,Max-Weber-Platz - Ostbahnhof (Post) - Karl-Preis-Platz - Emdenstraße,5.42,5.53,19.5,18.0,0.849,0.688,64.0,64.0,"[[48.13548871, 11.59990933], [48.13549471, 11.60489498], [48.13332444, 11.60494888], [48.12882173, 11.60455362], [48.12748463, 11.60255936], [48.12553588, 11.59975662], [48.12418071, 11.60129274], [48.12114643, 11.60561363], [48.11814196, 11.6100064], [48.11550316, 11.61419255], [48.1156351, 11.62128924], [48.11645674, 11.62520589], [48.1126483, 11.62634675], [48.1103751, 11.6273349], [48.10705808, 11.62783796]]","[[48.10705808, 11.62783796], [48.11086693, 11.62740676], [48.11319409, 11.62629285], [48.11672662, 11.62522386], [48.11576105, 11.62114551], [48.11568908, 11.61376135], [48.11872368, 11.60926079], [48.12127236, 11.60564058], [48.1251821, 11.59997221], [48.1287198, 11.60479617], [48.13224526, 11.60517346], [48.13575849, 11.60491295], [48.13576449, 11.60062799]]",1487,811.94,0.6773,3
3-157-G-015-6,157,"Germering, Neue Gautinger Str. - Germering-Upf. - Freiham Bf. - Pasing Bf. - Laim Bf. - Am Harras",28.11,27.72,93.0,91.5,0.576,0.592,44.0,43.0,"[[48.11803401, 11.37360575], [48.11666065, 11.36825179], [48.11714643, 11.36401174], [48.11757223, 11.35772353], [48.11965921, 11.3559808], [48.12215988, 11.35798404], [48.12771848, 11.35524418], [48.12879775, 11.3602478], [48.12922345, 11.36444293], [48.13117206, 11.36678753], [48.13122602, 11.37113538], [48.13148383, 11.37582459], [48.13207139, 11.37952564], [48.1374131, 11.37497119], [48.13767088, 11.37793563], [48.13674767, 11.38341535], [48.13604625, 11.38722421], [48.13889382, 11.41196381], [48.14091399, 11.40953836], [48.14166929, 11.40350168], [48.14264636, 11.40801122], [48.14493013, 11.40669968], [48.14638065, 11.40590018], [48.14946139, 11.40504678], [48.15201454, 11.40672663], [48.15254194, 11.41023006], [48.15379448, 11.41380536], [48.15700661, 11.41505401], [48.15811522, 11.41363468], [48.15687477, 11.41521571], [48.15583205, 11.41771303], [48.15579609, 11.42052475], [48.15650922, 11.42303105], [48.15729425, 11.42679499], [48.15768377, 11.43012774], [48.15671896, 11.43509543], [48.15311128, 11.4355895], [48.15205649, 11.44055718], [48.14919767, 11.44102431], [48.14607497, 11.44766286], [48.14808287, 11.45418463], [48.1488021, 11.45989791], [48.14657245, 11.46100284], [48.14601503, 11.465719], [48.1453497, 11.47104601], [48.14487618, 11.48355055], [48.14419286, 11.49039572], [48.14358146, 11.49649528], [48.14341362, 11.50205585], [48.14147147, 11.51209901], [48.13914559, 11.51172172], [48.13497913, 11.51420107], [48.1348832, 11.51677025], [48.13468536, 11.52350762], [48.13204741, 11.52951735], [48.13081232, 11.53113431], [48.1282761, 11.53431435], [48.12593763, 11.53555403], [48.12381493, 11.53470063], [48.12018694, 11.53460181], [48.1167746, 11.53593132], [48.11617487, 11.54003662]]","[[48.11692453, 11.53926407], [48.1169905, 11.53555403], [48.12089457, 11.53500605], [48.12407277, 11.53453893], [48.12668116, 11.53576064], [48.12838403, 11.53465571], [48.13222727, 11.5293826], [48.13478129, 11.52234879], [48.13506306, 11.51687805], [48.13545274, 11.51376988], [48.13938538, 11.51164986], [48.14172923, 11.51236851], [48.14341362, 11.50184025], [48.14380924, 11.4972319], [48.14449256, 11.49023402], [48.14523582, 11.48214918], [48.14558946, 11.47036329], [48.14639863, 11.46477576], [48.1467223, 11.46183827], [48.14947937, 11.45900858], [48.14836457, 11.45405886], [48.14644059, 11.44653996], [48.14934152, 11.44105126], [48.15205649, 11.44074583], [48.15311727, 11.43576018], [48.15671896, 11.43524814], [48.15779762, 11.43010079], [48.15731223, 11.42619312], [48.1566051, 11.42297715], [48.15587999, 11.42044391], [48.15591595, 11.41770404], [48.15700661, 11.41505401], [48.15811522, 11.41363468], [48.15687477, 11.41521571], [48.15385441, 11.41375146], [48.15258988, 11.40985277], [48.15209245, 11.40660087], [48.14965917, 11.40480424], [48.14598506, 11.40581933], [48.14480425, 11.40645714], [48.1426044, 11.40782258], [48.14121971, 11.40341185], [48.13869, 11.41120922], [48.14091399, 11.40953836], [48.13616615, 11.38734099], [48.13687356, 11.38347823], [48.13781476, 11.37796258], [48.13743708, 11.37451304], [48.13210137, 11.37913937], [48.13148982, 11.37552814], [48.13123801, 11.37124318], [48.13118405, 11.36606888], [48.12921146, 11.36368835], [48.12782041, 11.35530706], [48.12220185, 11.35767862], [48.1196892, 11.3558191], [48.11753625, 11.3576337], [48.11702648, 11.36398479], [48.1165467, 11.36814399], [48.11796205, 11.37365066]]",4929,2750.91,0.4083,10
3-159-G-015-1,159,Lochhausen Bf. - Paulaner Brauerei - Pasing Bf.,8.3,7.9,22.0,19.0,0.904,0.709,17.0,17.0,"[[48.17798236, 11.40731054], [48.17973744, 11.40791241], [48.17955774, 11.41825202], [48.18113907, 11.4238575], [48.1758678, 11.43702681], [48.17493329, 11.44680048], [48.1693199, 11.45699635], [48.16451477, 11.45630465], [48.15652121, 11.45758924], [48.14919767, 11.45929604]]","[[48.14947937, 11.45900858], [48.15651521, 11.45774196], [48.16564719, 11.45724788], [48.16933787, 11.4571311], [48.17523282, 11.44631539], [48.1758678, 11.43702681], [48.18120496, 11.42383055], [48.17963561, 11.41822507], [48.17979135, 11.40783156], [48.17798236, 11.40731054]]",407,301.28,0.0172,1
3-160-G-015-1,160,"Karlsfeld, Gartenstr. - Allach Bf. - Blutenburg - Pasing Bf. Nord - Pasing Bf. - Lochham Bf. - Waldfriedhof",20.96,20.69,63.5,64.0,0.606,0.372,1.0,6.0,"[[48.22910064, 11.47230365], [48.23023163, 11.47324688], [48.23336717, 11.47277975], [48.2344861, 11.47174669], [48.23036926, 11.46694969], [48.22898694, 11.46392237], [48.22735323, 11.46151488], [48.21665207, 11.45717602], [48.21289895, 11.45832586], [48.20536794, 11.45747246], [48.20255999, 11.45709517], [48.19879985, 11.45800247], [48.19627298, 11.46101182], [48.19439271, 11.46391338], [48.19175184, 11.46634782], [48.19020677, 11.46738088], [48.18833227, 11.46067945], [48.18505623, 11.46004164], [48.17960566, 11.46116454], [48.17790449, 11.46162268], [48.1726269, 11.45998774], [48.16967337, 11.45695144], [48.16491621, 11.45719398], [48.16469452, 11.46418288], [48.16410134, 11.46722817], [48.16121323, 11.46698562], [48.15727028, 11.46696765], [48.15423796, 11.46667121], [48.1504503, 11.46244913], [48.14639863, 11.46477576], [48.1467223, 11.46183827], [48.14936549, 11.45937689], [48.14836457, 11.45405886], [48.14566139, 11.45304377], [48.14212486, 11.45010628], [48.14063824, 11.44814795], [48.13800659, 11.44318027], [48.13436762, 11.43743105], [48.13180159, 11.43437678], [48.12844399, 11.43359524], [48.12617148, 11.43826648], [48.12519409, 11.44413248], [48.12479234, 11.4471598], [48.12326925, 11.45124714], [48.12150624, 11.45072611], [48.11990508, 11.45032187], [48.11790207, 11.44342281]]","[[48.11790207, 11.44342281], [48.11989309, 11.45043865], [48.12147625, 11.45089679], [48.12329923, 11.45141782], [48.12539797, 11.44599199], [48.12520609, 11.44326111], [48.12641733, 11.43817665], [48.12855191, 11.43370304], [48.1313939, 11.43419711], [48.13452349, 11.43774546], [48.13792266, 11.44331501], [48.14040446, 11.44800422], [48.14206491, 11.45028594], [48.14560744, 11.45316055], [48.14808287, 11.45418463], [48.14919767, 11.45929604], [48.14657245, 11.46100284], [48.1466264, 11.46553933], [48.15077394, 11.46216167], [48.1538664, 11.46685986], [48.15728227, 11.46713833], [48.16123121, 11.46713833], [48.1648503, 11.46609629], [48.16486229, 11.46274557], [48.16564719, 11.45724788], [48.16933787, 11.4571311], [48.17292045, 11.46037402], [48.17781464, 11.46179336], [48.17927023, 11.46148793], [48.18442734, 11.46028419], [48.18881139, 11.46144301], [48.18984146, 11.46749766], [48.19179376, 11.46648256], [48.19422504, 11.46425474], [48.19634483, 11.46110166], [48.19997941, 11.45824501], [48.20258394, 11.45722093], [48.20655334, 11.45764314], [48.21185736, 11.45855044], [48.21688551, 11.45721195], [48.22730536, 11.46164064], [48.22769434, 11.4639583], [48.22662313, 11.46810851], [48.22910064, 11.47230365]]",882,163.79,0.3118,4
3-161-G-015-1,161,Pasing Bf. Nord - Berduxstraße,1.58,1.89,5.5,7.5,0.506,0.633,60.0,60.0,"[[48.1504503, 11.46244913], [48.15005474, 11.46920446], [48.15005474, 11.47192635], [48.15019858, 11.47635505], [48.1516969, 11.48050527]]","[[48.1516969, 11.48050527], [48.15083387, 11.47497164], [48.15016262, 11.47210602], [48.15016262, 11.46912361], [48.1504503, 11.46244913]]",899,242.94,0.6729,1
3-162-G-015-4,162,Eichelhäherstraße - Lochhausen Bf. - Pasing Bf. - Obermenzing Bf. - Amalienburgstraße - Untermenzing Bf. - Krautheimstr. - Waldhornstraße - Moosach Bf.,19.71,19.98,66.0,66.0,0.599,0.576,58.0,59.0,"[[48.17399278, 11.3906378], [48.17463976, 11.39474311], [48.17541253, 11.39801297], [48.17628114, 11.40354659], [48.17620925, 11.40766088], [48.17299833, 11.40719375], [48.16757644, 11.41091278], [48.16407138, 11.41331128], [48.15979908, 11.41505401], [48.15685679, 11.41588945], [48.15392633, 11.4184227], [48.14970712, 11.42057865], [48.14750748, 11.42198002], [48.14839454, 11.42550142], [48.14918569, 11.43097216], [48.14921565, 11.43350541], [48.14499606, 11.43480797], [48.14607497, 11.44766286], [48.14808287, 11.45418463], [48.14901187, 11.45986198], [48.14657245, 11.46100284], [48.1466264, 11.46553933], [48.15005474, 11.46920446], [48.15005474, 11.47192635], [48.15092377, 11.47518724], [48.15287156, 11.47647183], [48.15649724, 11.47879847], [48.16105744, 11.47829541], [48.1637658, 11.47686709], [48.16410733, 11.47868169], [48.16372386, 11.48593109], [48.16574305, 11.49309965], [48.16544947, 11.48968605], [48.16707317, 11.48762891], [48.16912818, 11.48471836], [48.17076973, 11.48209528], [48.17380707, 11.47744201], [48.1755563, 11.47505249], [48.17745523, 11.4744057], [48.1792283, 11.47474706], [48.18169012, 11.47514232], [48.18284013, 11.47273484], [48.18342112, 11.47825948], [48.18334924, 11.48381107], [48.18388231, 11.4888596], [48.1793481, 11.49021605], [48.17846157, 11.49521069], [48.17925825, 11.49671087], [48.18051613, 11.50164262], [48.18111511, 11.50603539]]","[[48.18077369, 11.50610725], [48.18057603, 11.50140008], [48.17915642, 11.49582154], [48.17837771, 11.49426746], [48.17980333, 11.48985673], [48.18409194, 11.48939859], [48.18347502, 11.48414344], [48.18354091, 11.47825948], [48.18292399, 11.47264501], [48.18114506, 11.47513334], [48.17919835, 11.47463028], [48.17734141, 11.47424401], [48.17608346, 11.4744596], [48.17394485, 11.4770198], [48.17090153, 11.48168206], [48.16890051, 11.48481718], [48.16722295, 11.48725161], [48.16531166, 11.48972198], [48.165785, 11.49409678], [48.16385568, 11.48676652], [48.16426911, 11.47868169], [48.16348418, 11.47626522], [48.16093759, 11.47817863], [48.15637139, 11.47850202], [48.15367462, 11.47678624], [48.15083387, 11.47497164], [48.15016262, 11.47210602], [48.15016262, 11.46912361], [48.14639863, 11.46477576], [48.1467223, 11.46183827], [48.14912575, 11.46008656], [48.14836457, 11.45405886], [48.14602102, 11.44617166], [48.14500805, 11.43501458], [48.14942543, 11.43391863], [48.14936549, 11.43099911], [48.14864627, 11.42595956], [48.14757341, 11.42177341], [48.15000679, 11.42063255], [48.15419601, 11.4184227], [48.1572583, 11.41587148], [48.159859, 11.41517978], [48.16428708, 11.41332925], [48.16761239, 11.41103854], [48.1719739, 11.40711291], [48.17634703, 11.40775969], [48.17637099, 11.40337591], [48.17558026, 11.39811179], [48.17509504, 11.39500362], [48.17399278, 11.3906378]]",4458,2669.08,0.4768,8
3-163-G-015-1,163,Allach Bf. - Krautheimstr. - Moosach Bf. - OEZ - Dessauerstr.,5.0,5.04,16.5,16.0,0.84,0.695,33.0,34.0,"[[48.19276988, 11.46838699], [48.19352441, 11.47070465], [48.19368609, 11.47312111], [48.19132665, 11.47344451], [48.18903297, 11.47237551], [48.18721832, 11.47209703], [48.18419975, 11.47249229], [48.18284013, 11.47273484], [48.18342112, 11.47825948], [48.18334924, 11.48381107], [48.18388231, 11.4888596], [48.1793481, 11.49021605], [48.17846157, 11.49521069], [48.17925825, 11.49671087], [48.18051613, 11.50164262], [48.18077369, 11.50610725]]","[[48.18077369, 11.50610725], [48.18057603, 11.50140008], [48.17915642, 11.49582154], [48.17837771, 11.49426746], [48.17980333, 11.48985673], [48.18409194, 11.48939859], [48.18347502, 11.48414344], [48.18354091, 11.47825948], [48.18292399, 11.47264501], [48.18434948, 11.47261806], [48.18714645, 11.47236653], [48.18909885, 11.47271687], [48.19175783, 11.47358824], [48.19375197, 11.47327383], [48.19368011, 11.47097414], [48.19276988, 11.46838699]]",976,400.29,0.5779,2
3-164-G-015-1,164,Augustenfelder Str. - Allach Bf. - Untermenzing Bf. - Westfriedhof,14.15,14.09,43.0,44.5,0.594,0.454,57.0,51.0,"[[48.20062008, 11.44399773], [48.2000812, 11.44752811], [48.20131462, 11.45340309], [48.19879985, 11.45800247], [48.19627298, 11.46101182], [48.19439271, 11.46391338], [48.19175184, 11.46634782], [48.19005107, 11.46692274], [48.18917072, 11.46064351], [48.1910392, 11.4597452], [48.19487775, 11.45666398], [48.19190155, 11.45125612], [48.18633193, 11.44539012], [48.18242685, 11.44770777], [48.18104323, 11.44941457], [48.18007887, 11.44599199], [48.17652674, 11.44353061], [48.17493329, 11.44680048], [48.17699997, 11.46256591], [48.17739533, 11.46853072], [48.17766489, 11.47381282], [48.17801231, 11.48125985], [48.1793481, 11.49021605], [48.17776073, 11.49511187], [48.1726928, 11.5043735], [48.17053009, 11.50901779], [48.16954157, 11.51133545], [48.16806773, 11.51476701], [48.16855901, 11.52241167], [48.1693199, 11.52786445]]","[[48.169248, 11.52750512], [48.16866086, 11.52230388], [48.16837928, 11.51428192], [48.1708596, 11.50878423], [48.17281262, 11.50459808], [48.17837771, 11.49426746], [48.17959368, 11.48924587], [48.17815608, 11.48034357], [48.17782662, 11.47373197], [48.177593, 11.46745274], [48.17734741, 11.46316778], [48.17523282, 11.44631539], [48.17705388, 11.443324], [48.18013278, 11.44629742], [48.18131277, 11.44959424], [48.18250472, 11.4479054], [48.18636188, 11.4455608], [48.19198539, 11.45188494], [48.19463224, 11.45620584], [48.19086553, 11.45970028], [48.18881139, 11.46144301], [48.18984146, 11.46749766], [48.19179376, 11.46648256], [48.19422504, 11.46425474], [48.19634483, 11.46110166], [48.19920701, 11.45703229], [48.20124277, 11.45334919], [48.2004165, 11.44783354], [48.20062008, 11.44399773]]",2403,1716.43,0.3401,9
3-165-G-015-1,165,Allach Bf. - Untermenzing Bf. - Waldhornstraße - Westfriedhof,7.31,7.32,19.5,19.5,0.574,0.437,45.0,45.0,"[[48.19022474, 11.46760546], [48.18833227, 11.46067945], [48.18505623, 11.46004164], [48.17960566, 11.46116454], [48.17790449, 11.46162268], [48.17699997, 11.46256591], [48.17739533, 11.46853072], [48.17766489, 11.47381282], [48.17801231, 11.48125985], [48.1793481, 11.49021605], [48.17776073, 11.49511187], [48.1726928, 11.5043735], [48.17053009, 11.50901779], [48.16954157, 11.51133545], [48.16806773, 11.51476701], [48.16855901, 11.52241167], [48.1693199, 11.52786445]]","[[48.16926597, 11.52787343], [48.16866086, 11.52230388], [48.16837928, 11.51428192], [48.1708596, 11.50878423], [48.17281262, 11.50459808], [48.17837771, 11.49426746], [48.17959368, 11.48924587], [48.17815608, 11.48034357], [48.17782662, 11.47373197], [48.177593, 11.46745274], [48.17734741, 11.46316778], [48.17781464, 11.46179336], [48.17927023, 11.46148793], [48.18442734, 11.46028419], [48.18881139, 11.46144301], [48.19022474, 11.46760546]]",1185,745.91,0.3408,2
3-166-G-015-3,166,Forst-Kasten-Allee - Fürstenried West - Kemptener Straße,3.15,3.15,22.0,25.5,0.919,0.445,78.0,66.0,"[[48.09475985, 11.47642691], [48.09304386, 11.47541182], [48.09071579, 11.47517826], [48.08864564, 11.4805951], [48.08487714, 11.47846609], [48.08343088, 11.48376615], [48.0820806, 11.48514956], [48.07876775, 11.48418836]]","[[48.07876775, 11.48418836], [48.08168451, 11.48572448], [48.0835329, 11.48387395], [48.08490115, 11.47874457], [48.08818959, 11.47922067], [48.08879565, 11.48008306], [48.08858563, 11.48025374], [48.09323586, 11.48127782], [48.09515584, 11.48057713], [48.09475985, 11.47642691]]",1499,530.77,0.475,3
3-167-G-015-1,167,Blumenau - Am Hedernfeld - Holzapfelkreuth - Waldfriedhof (Wendeschl.),6.66,6.45,29.0,22.5,0.841,0.667,12.0,12.0,"[[48.12809622, 11.47491774], [48.12607554, 11.47923864], [48.12231579, 11.47544775], [48.12185405, 11.47219585], [48.1198811, 11.46906971], [48.11769217, 11.46911463], [48.1196772, 11.47348942], [48.12092455, 11.47585199], [48.12224383, 11.47948119], [48.11940734, 11.48147545], [48.12050477, 11.48652398], [48.12069067, 11.49141081], [48.11944332, 11.4961629], [48.11709245, 11.49534543], [48.11589299, 11.5022445], [48.11231242, 11.50309789]]","[[48.11231242, 11.50309789], [48.1129062, 11.50252297], [48.11637278, 11.50149889], [48.11727237, 11.49528255], [48.11950929, 11.49639646], [48.12055275, 11.49132098], [48.1206487, 11.48666771], [48.11952128, 11.48133172], [48.12003702, 11.47853795], [48.12231579, 11.47544775], [48.12185405, 11.47219585], [48.1198811, 11.46906971], [48.11769217, 11.46911463], [48.1196772, 11.47348942], [48.12092455, 11.47585199], [48.12588366, 11.47885237], [48.12572776, 11.47594182], [48.12809622, 11.47491774]]",769,182.46,0.6058,1
3-168-G-015-5,168,Wastl-Witt-Straße - Laimer Platz - Laim Bf. - Nymphenburg Süd,5.08,4.77,19.5,19.0,0.472,0.776,113.0,112.0,"[[48.12659721, 11.4696087], [48.12557786, 11.47470215], [48.12809622, 11.47491774], [48.12942131, 11.47955305], [48.13009883, 11.4839009], [48.12984102, 11.49018012], [48.12888768, 11.49453695], [48.13144786, 11.49834581], [48.13136991, 11.50306196], [48.13604026, 11.50316078], [48.13951127, 11.50325061], [48.14305397, 11.503574], [48.14636267, 11.50246009]]","[[48.14636267, 11.50246009], [48.14349155, 11.50295416], [48.14017067, 11.50296315], [48.13604026, 11.50283738], [48.13132195, 11.50265772], [48.13150182, 11.49818411], [48.12892366, 11.49389915], [48.13010483, 11.48900333], [48.13012881, 11.48245461], [48.12955922, 11.4795261], [48.12825811, 11.47425299], [48.12806624, 11.47031837], [48.12659721, 11.4696087]]",2071,1282.21,0.6201,6
3-170-G-015-3,170,Feldmoching - Harthof - Heidemannstraße - Kieferngarten,9.66,9.59,34.0,33.0,0.776,0.719,43.0,43.0,"[[48.21353945, 11.54049476], [48.21357537, 11.54314479], [48.20904378, 11.54381853], [48.20831343, 11.55145421], [48.20828948, 11.55575714], [48.20852296, 11.56303349], [48.20703228, 11.56324909], [48.2046016, 11.56422825], [48.2053859, 11.56817185], [48.20926528, 11.56801914], [48.21002556, 11.57207953], [48.21064216, 11.57542126], [48.21081576, 11.58126031], [48.2100974, 11.58686579], [48.20532004, 11.5859585], [48.20094939, 11.58602138], [48.20133258, 11.59026143], [48.20220075, 11.59360316], [48.20572715, 11.59431283], [48.20539189, 11.59948712], [48.20214088, 11.60336785], [48.20039854, 11.60620652], [48.2011829, 11.61195574], [48.20271566, 11.61272829]]","[[48.20271566, 11.61272829], [48.20066199, 11.61159641], [48.20080569, 11.60599093], [48.20226661, 11.60285581], [48.20522425, 11.59968475], [48.20589479, 11.59413317], [48.20174571, 11.59268688], [48.20134456, 11.58886904], [48.20175769, 11.58567104], [48.20596663, 11.58650647], [48.21056433, 11.58652444], [48.21084569, 11.58282338], [48.21071399, 11.57516973], [48.21004352, 11.57148664], [48.20949876, 11.56849525], [48.2051105, 11.56808202], [48.20498477, 11.56396774], [48.20727175, 11.5624945], [48.20712208, 11.56024871], [48.20840921, 11.55580205], [48.20844513, 11.55178658], [48.20915154, 11.54387243], [48.21406023, 11.54328852], [48.21388664, 11.54060256]]",1602,955.7,0.4773,4
3-170-G-015-8,170,Feldmoching - Harthof - Heidemannstraße - Kieferngarten,9.66,9.58,34.0,33.0,0.776,0.585,43.0,43.0,"[[48.21353945, 11.54049476], [48.21357537, 11.54314479], [48.20904378, 11.54381853], [48.20831343, 11.55145421], [48.20828948, 11.55575714], [48.20852296, 11.56303349], [48.20703228, 11.56324909], [48.2046016, 11.56422825], [48.2053859, 11.56817185], [48.20926528, 11.56801914], [48.21002556, 11.57207953], [48.21064216, 11.57542126], [48.21081576, 11.58126031], [48.2100974, 11.58686579], [48.20532004, 11.5859585], [48.20094939, 11.58602138], [48.20133258, 11.59026143], [48.20220075, 11.59360316], [48.20572715, 11.59431283], [48.20539189, 11.59948712], [48.20214088, 11.60336785], [48.20039854, 11.60620652], [48.2011829, 11.61195574], [48.20271566, 11.61272829]]","[[48.20271566, 11.61272829], [48.20066199, 11.61159641], [48.20080569, 11.60599093], [48.20226661, 11.60285581], [48.20522425, 11.59968475], [48.20589479, 11.59413317], [48.20174571, 11.59268688], [48.20134456, 11.58886904], [48.20175769, 11.58567104], [48.20596663, 11.58650647], [48.21056433, 11.58652444], [48.21084569, 11.58282338], [48.21071399, 11.57516973], [48.21004352, 11.57148664], [48.20949876, 11.56849525], [48.2051105, 11.56808202], [48.20498477, 11.56396774], [48.20727175, 11.5624945], [48.20712208, 11.56024871], [48.20840921, 11.55580205], [48.20852296, 11.55267592], [48.21349755, 11.55344847], [48.21487431, 11.54448328], [48.21388664, 11.54060256]]",1602,953.04,0.4855,4
3-171-G-015-1,171,Hochmuttinger Str. - Feldmoching Bf. - Harthof - Am Hart,5.65,5.65,35.0,20.5,0.867,0.637,45.0,45.0,"[[48.21741822, 11.53392808], [48.21693938, 11.53682963], [48.21388664, 11.54060256], [48.21353945, 11.54049476], [48.21357537, 11.54314479], [48.20904378, 11.54381853], [48.20831343, 11.55145421], [48.20828948, 11.55575714], [48.20852296, 11.56303349], [48.20703228, 11.56324909], [48.2046016, 11.56422825], [48.20490095, 11.56969899], [48.20441601, 11.57284309], [48.20035663, 11.57344496], [48.19691369, 11.57186393]]","[[48.19703943, 11.5717202], [48.20045243, 11.57366954], [48.20509852, 11.57251072], [48.20496681, 11.5690522], [48.20498477, 11.56396774], [48.20727175, 11.5624945], [48.20712208, 11.56024871], [48.20840921, 11.55580205], [48.20844513, 11.55178658], [48.20915154, 11.54387243], [48.21406023, 11.54328852], [48.21388664, 11.54060256], [48.21353945, 11.54049476], [48.2170531, 11.53686557], [48.21741822, 11.53392808]]",1246,591.3,0.5096,3
3-171-G-015-7,171,Hochmuttinger Str. - Feldmoching Bf. - Harthof - Am Hart,5.65,5.63,35.0,20.5,0.867,0.408,45.0,45.0,"[[48.21741822, 11.53392808], [48.21693938, 11.53682963], [48.21388664, 11.54060256], [48.21353945, 11.54049476], [48.21357537, 11.54314479], [48.20904378, 11.54381853], [48.20831343, 11.55145421], [48.20828948, 11.55575714], [48.20852296, 11.56303349], [48.20703228, 11.56324909], [48.2046016, 11.56422825], [48.20490095, 11.56969899], [48.20441601, 11.57284309], [48.20035663, 11.57344496], [48.19691369, 11.57186393]]","[[48.19703943, 11.5717202], [48.20045243, 11.57366954], [48.20509852, 11.57251072], [48.20496681, 11.5690522], [48.20498477, 11.56396774], [48.20727175, 11.5624945], [48.20712208, 11.56024871], [48.20840921, 11.55580205], [48.20852296, 11.55267592], [48.21349755, 11.55344847], [48.21487431, 11.54448328], [48.21388664, 11.54060256], [48.21353945, 11.54049476], [48.2170531, 11.53686557], [48.21741822, 11.53392808]]",1246,588.04,0.5228,3
3-172-G-015-3,172,Dachau Bf. - Karlsfelder Str. - Feldmoching Bf. - Am Hart,17.63,18.22,44.5,47.0,0.499,0.445,45.0,44.0,"[[48.25554977, 11.44302755], [48.25749358, 11.44229992], [48.25749358, 11.44618962], [48.25714071, 11.45157053], [48.25078264, 11.45507396], [48.22769434, 11.4639583], [48.22549804, 11.46744376], [48.2226493, 11.47203415], [48.21989018, 11.47644488], [48.21607146, 11.48078374], [48.21307853, 11.48546397], [48.21631089, 11.48662279], [48.21719077, 11.48975791], [48.21628694, 11.50883813], [48.21816641, 11.51747992], [48.21809458, 11.52496289], [48.21701719, 11.52879869], [48.2150898, 11.53127805], [48.21455706, 11.53492521], [48.21392854, 11.53902152], [48.21472466, 11.5453277], [48.21327607, 11.55579307], [48.21221653, 11.5623328], [48.20852296, 11.56303349], [48.20703228, 11.56324909], [48.20499076, 11.56353655], [48.20154214, 11.56402164], [48.19607537, 11.56473131], [48.19241057, 11.5651625], [48.19149433, 11.56757897], [48.1934765, 11.57077697], [48.19509931, 11.57220529], [48.19718913, 11.57176511]]","[[48.19718913, 11.57176511], [48.19497356, 11.57207054], [48.19356034, 11.57052544], [48.19160811, 11.56753405], [48.19225487, 11.56558471], [48.19596759, 11.56502775], [48.20154813, 11.56438995], [48.20498477, 11.56396774], [48.20737951, 11.56355451], [48.21222252, 11.56288078], [48.21337185, 11.55581104], [48.21487431, 11.54448328], [48.21353945, 11.54049476], [48.21465882, 11.53484436], [48.2151736, 11.53135889], [48.21762771, 11.52887056], [48.21819633, 11.52495391], [48.21838188, 11.51829739], [48.216263, 11.50833507], [48.21735837, 11.48920096], [48.21613132, 11.48652398], [48.21307254, 11.4845387], [48.21641264, 11.48082866], [48.22012361, 11.47647183], [48.2233615, 11.4713694], [48.22631194, 11.46660833], [48.22796962, 11.46389542], [48.25008877, 11.45521769], [48.25720052, 11.45281919], [48.25757732, 11.44669268], [48.25724837, 11.44227297], [48.25457485, 11.44327908]]",1861,1769.74,0.3296,6
3-173-G-015-1,173,Feldmoching - Robinienstr. - Olympiazentrum - Petuelring,6.56,6.61,20.0,20.5,0.991,0.711,93.0,92.0,"[[48.21353945, 11.54049476], [48.21465882, 11.53484436], [48.21480248, 11.53055041], [48.21122283, 11.53055939], [48.20870854, 11.5327962], [48.20397296, 11.53881491], [48.1999854, 11.54354903], [48.1964107, 11.54577685], [48.19126676, 11.54895689], [48.18546949, 11.55192133], [48.18254065, 11.55393356], [48.17865924, 11.55655664], [48.17588577, 11.55957498], [48.17531069, 11.56646505]]","[[48.17539456, 11.56660879], [48.17632906, 11.55974566], [48.17874311, 11.55680817], [48.18339117, 11.55377186], [48.18666134, 11.55148116], [48.19162009, 11.54892096], [48.19691967, 11.54562414], [48.20042848, 11.54334242], [48.20382927, 11.53874305], [48.20887616, 11.53280518], [48.21147425, 11.53046058], [48.21492818, 11.53073007], [48.21455706, 11.53492521], [48.21388664, 11.54060256]]",2047,1389.16,0.3662,7
3-174-G-015-1,174,Dientzenhoferstraße - Am Hart,1.49,1.01,5.0,4.0,0.47,0.79,78.0,79.0,"[[48.20333833, 11.5772628], [48.20441601, 11.57284309], [48.20035663, 11.57344496], [48.19691369, 11.57186393]]","[[48.19703943, 11.5717202], [48.20045243, 11.57366954], [48.20116494, 11.57687653], [48.20333833, 11.5772628]]",703,232.31,0.5667,1
3-175-G-015-1,175,Ludwigsfeld (Campingplatz) - Fasanerie Bf. - OEZ - Georg-Brauchle-Ring,7.04,7.0,23.0,23.0,0.597,0.528,57.0,45.0,"[[48.19900343, 11.49733969], [48.20168584, 11.50669116], [48.20041052, 11.51268292], [48.19915911, 11.51880045], [48.19882979, 11.52241167], [48.19751846, 11.52390288], [48.18595461, 11.5210642], [48.18189377, 11.52187268], [48.18196565, 11.52531323], [48.18245081, 11.53017312], [48.18385835, 11.53143076], [48.1845651, 11.53329027], [48.18318154, 11.53673082], [48.18003095, 11.53667692], [48.17756305, 11.53641641], [48.1766106, 11.53000244]]","[[48.1766106, 11.53000244], [48.17761097, 11.52969701], [48.17782662, 11.5366859], [48.17977338, 11.5368476], [48.18316357, 11.53689252], [48.18415782, 11.53139483], [48.18213935, 11.52911311], [48.18205549, 11.52556476], [48.18229508, 11.52136963], [48.18591868, 11.5212259], [48.19639273, 11.52446882], [48.19890164, 11.52238472], [48.19923695, 11.51871061], [48.20048835, 11.51272783], [48.2018475, 11.50625098], [48.19900343, 11.49733969]]",1297,814.02,0.4782,3
3-176-G-015-1,176,Karlsfelder Straße - Rangierbahnhof - Moosach Bf.,5.14,6.17,12.5,18.5,0.817,0.567,28.0,29.0,"[[48.21607146, 11.48078374], [48.21225844, 11.48474531], [48.20300903, 11.49391711], [48.1939915, 11.49611798], [48.19184765, 11.50207382], [48.18832628, 11.50327756], [48.18589472, 11.50406808], [48.18324742, 11.50752659], [48.18057603, 11.50508317]]","[[48.18057603, 11.50508317], [48.18370262, 11.50699658], [48.18609836, 11.50415791], [48.1883742, 11.50341231], [48.1918776, 11.5022445], [48.19420707, 11.49619883], [48.20241031, 11.49419559], [48.21307853, 11.48546397], [48.21631089, 11.48662279], [48.21835794, 11.48324513], [48.21607146, 11.48078374]]",504,360.33,0.2907,1
3-177-G-015-1,177,Petuelring - Frankfurter Ring - Studentenstadt,4.96,5.26,16.5,18.5,0.423,0.723,85.0,84.0,"[[48.17531069, 11.56646505], [48.18133673, 11.56700404], [48.18479869, 11.56668065], [48.18713447, 11.56679743], [48.18742195, 11.57313954], [48.18751178, 11.57587042], [48.18779926, 11.58548239], [48.18779327, 11.59186043], [48.187392, 11.59702574], [48.18671524, 11.60286479], [48.18636188, 11.60622449], [48.18391226, 11.60827265]]","[[48.18391226, 11.60827265], [48.18649364, 11.60715874], [48.18706859, 11.60193953], [48.18757766, 11.59707964], [48.18805678, 11.59183348], [48.18799689, 11.58359593], [48.18769744, 11.57579855], [48.18764354, 11.57211546], [48.18683502, 11.56595302], [48.18434948, 11.56639319], [48.18121693, 11.56680641], [48.17531069, 11.56646505]]",1822,984.61,0.5204,4
3-178-G-015-3,178,Freimanner Hölzl - Kieferngarten - Frankfurter Ring - Petuelring,9.35,8.87,37.0,37.5,0.653,0.496,43.0,42.0,"[[48.19203929, 11.60123884], [48.19171591, 11.60592805], [48.19376394, 11.60828163], [48.19597956, 11.60944046], [48.2011829, 11.61195574], [48.20190138, 11.61198269], [48.20066199, 11.61159641], [48.20002133, 11.60542499], [48.19693165, 11.60396972], [48.1929136, 11.59877746], [48.19287168, 11.59604658], [48.19225487, 11.59026143], [48.19191952, 11.5823293], [48.19263813, 11.5785474], [48.19236266, 11.57488227], [48.19144642, 11.57225919], [48.18764354, 11.57211546], [48.18726623, 11.56558471], [48.18642776, 11.56226992], [48.18323544, 11.56297959], [48.17947988, 11.56380604], [48.17535263, 11.56653692]]","[[48.17535263, 11.56653692], [48.17933612, 11.5640396], [48.18295992, 11.56320417], [48.18659546, 11.56248552], [48.18713447, 11.56679743], [48.18785316, 11.57276224], [48.19206324, 11.57245682], [48.19230877, 11.57500803], [48.19253034, 11.5785474], [48.19155421, 11.58215862], [48.19246447, 11.59042312], [48.19271598, 11.59614539], [48.19275191, 11.59970272], [48.19688974, 11.60415836], [48.20039854, 11.60620652], [48.2011829, 11.61195574], [48.20271566, 11.61272829], [48.20066199, 11.61159641], [48.19576998, 11.60917096], [48.19312319, 11.60772468], [48.19203929, 11.60123884]]",1945,883.79,0.5143,4
3-179-G-015-3,179,Olschewskibogen - Frankfurter Ring,3.0,2.52,9.5,7.0,0.566,0.278,19.0,31.0,"[[48.20025484, 11.55893717], [48.20121882, 11.56360841], [48.19607537, 11.56473131], [48.19241057, 11.5651625], [48.19149433, 11.56757897], [48.19154823, 11.57061527], [48.18785316, 11.57276224]]","[[48.18785316, 11.57276224], [48.19165003, 11.5716663], [48.19160811, 11.56753405], [48.19225487, 11.56558471], [48.19596759, 11.56502775], [48.20134456, 11.56349163], [48.20025484, 11.55893717]]",412,154.54,0.3895,1
3-180-G-015-3,180,Kieferngarten - Am Hart Süd - Olympiazentrum - Westfriedhof - Obermenzing Bf. - Berduxstr.,17.59,17.46,65.0,60.5,0.699,0.59,47.0,48.0,"[[48.20243426, 11.61247676], [48.20066199, 11.61159641], [48.20069193, 11.60534414], [48.20107512, 11.6023258], [48.20159004, 11.59772643], [48.20174571, 11.59268688], [48.20134456, 11.58886904], [48.20060212, 11.58506018], [48.19800348, 11.58459306], [48.19591968, 11.58298507], [48.19620711, 11.57855638], [48.19497356, 11.57207054], [48.19165003, 11.5716663], [48.19160811, 11.56753405], [48.18726623, 11.56558471], [48.18697277, 11.56176687], [48.18647567, 11.55632308], [48.18546949, 11.55192133], [48.18254065, 11.55393356], [48.17865924, 11.55655664], [48.17644887, 11.5367398], [48.17607746, 11.52893344], [48.17161445, 11.52851123], [48.16964941, 11.52865496], [48.16928395, 11.52819682], [48.16866086, 11.52230388], [48.16837928, 11.51428192], [48.16937382, 11.51030238], [48.16726489, 11.50936814], [48.16403543, 11.50699658], [48.1646346, 11.50219958], [48.16573107, 11.49406084], [48.16385568, 11.48676652], [48.16426911, 11.47868169], [48.16348418, 11.47626522], [48.16093759, 11.47817863], [48.15637139, 11.47850202], [48.15367462, 11.47678624], [48.15083387, 11.47497164], [48.15019858, 11.47635505], [48.1516969, 11.48050527]]","[[48.1516969, 11.48050527], [48.15287156, 11.47647183], [48.15649724, 11.47879847], [48.16105744, 11.47829541], [48.1637658, 11.47686709], [48.16410733, 11.47868169], [48.16372386, 11.48593109], [48.16540753, 11.4944022], [48.16430506, 11.50298111], [48.16415527, 11.50745472], [48.16715704, 11.5097095], [48.16954157, 11.51133545], [48.16806773, 11.51476701], [48.16855901, 11.52241167], [48.16933787, 11.52819682], [48.1698591, 11.5286909], [48.17188404, 11.52864598], [48.17598761, 11.52918497], [48.17619727, 11.53586844], [48.17874311, 11.55680817], [48.18339117, 11.55377186], [48.18593665, 11.55237947], [48.18637985, 11.55789513], [48.18673321, 11.56198246], [48.1875597, 11.56628539], [48.19149433, 11.56757897], [48.19154823, 11.57061527], [48.19509931, 11.57220529], [48.19691369, 11.57186393], [48.19609932, 11.57835875], [48.19609333, 11.58462001], [48.19856034, 11.58500628], [48.20094939, 11.58602138], [48.20133258, 11.59026143], [48.20167985, 11.59383672], [48.20131462, 11.5983822], [48.20070989, 11.60304445], [48.20039854, 11.60620652], [48.2011829, 11.61195574], [48.20243426, 11.61247676]]",4141,1900.1,0.4174,7
3-181-G-015-1,181,"(Dirnismaning, Kranzberger Allee -) Wallnerstraße - Bayer. Rundfunk - Studentenstadt",6.56,6.36,14.0,10.0,0.793,0.55,2.0,1.0,"[[48.22677873, 11.63989335], [48.21479649, 11.63552753], [48.21019318, 11.63300327], [48.20418251, 11.62932018], [48.19906929, 11.62624794], [48.19565022, 11.62410995], [48.19148235, 11.62153178], [48.19081762, 11.62403808], [48.19011095, 11.6274427], [48.19081163, 11.62481063], [48.19130868, 11.62004956], [48.19015287, 11.61540527], [48.18446927, 11.60887452]]","[[48.18446927, 11.60887452], [48.19011694, 11.61575561], [48.19179974, 11.62143297], [48.19558435, 11.62429859], [48.19906331, 11.62649947], [48.20434416, 11.62967052], [48.21052842, 11.63351531], [48.21476656, 11.63577906], [48.22892111, 11.64096234]]",461,21.66,0.0,1
3-182-G-015-1,182,Kieferngarten - Neufreimann,1.76,1.79,6.0,7.0,0.455,0.558,11.0,12.0,"[[48.20271566, 11.61272829], [48.20066199, 11.61159641], [48.20069193, 11.60534414], [48.20107512, 11.6023258], [48.20109907, 11.59766354], [48.19839268, 11.59804084]]","[[48.19839268, 11.59804084], [48.20131462, 11.5983822], [48.20070989, 11.60304445], [48.20039854, 11.60620652], [48.2011829, 11.61195574], [48.20271566, 11.61272829]]",457,48.57,0.4743,1
3-183-G-015-3,183,Arabellapark - Daglfing Bf. - Messestadt West,8.42,8.32,26.5,26.5,0.677,0.709,46.0,49.0,"[[48.15321316, 11.62048974], [48.15354877, 11.62059753], [48.1536087, 11.62357096], [48.15349483, 11.6288261], [48.15505898, 11.63749484], [48.15643132, 11.64165404], [48.15302138, 11.64115997], [48.15080391, 11.64065691], [48.14838255, 11.64040539], [48.14638665, 11.64059403], [48.14713587, 11.64409746], [48.1485204, 11.64869684], [48.14883207, 11.65041262], [48.14965917, 11.65789558], [48.14696804, 11.65842559], [48.14285616, 11.66128223], [48.14044642, 11.6627375], [48.13970309, 11.67015759], [48.13967912, 11.67409221], [48.1403625, 11.67997617], [48.14087203, 11.68562658], [48.13840824, 11.68921984], [48.13518296, 11.69018104], [48.13351629, 11.68951628]]","[[48.13333043, 11.69015409], [48.13582444, 11.69033375], [48.13851615, 11.68946238], [48.14086603, 11.68520437], [48.1407941, 11.68199738], [48.14045241, 11.67985939], [48.13976304, 11.67402933], [48.13999683, 11.66841486], [48.14070418, 11.6623153], [48.1429161, 11.6614619], [48.14718382, 11.65856932], [48.149815, 11.65803033], [48.14886204, 11.64997244], [48.14846047, 11.64819378], [48.14715984, 11.64339678], [48.14650652, 11.64045928], [48.14797499, 11.640612], [48.15037239, 11.64071081], [48.15356675, 11.6414115], [48.15571819, 11.64169896], [48.15672496, 11.64116895], [48.1552088, 11.63728823], [48.15360271, 11.62856559], [48.15389037, 11.6229601], [48.15321316, 11.62048974]]",1248,933.39,0.328,5
3-184-G-015-1,184,Arabellapark - Cosimabad - Bruno-Walter-Ring,2.78,2.46,9.0,8.5,0.865,0.894,56.0,57.0,"[[48.15321316, 11.62048974], [48.15354877, 11.62059753], [48.1536087, 11.62357096], [48.15349483, 11.6288261], [48.15505898, 11.63749484], [48.1570965, 11.64202235], [48.15881034, 11.64166303], [48.1603204, 11.64085454], [48.1622858, 11.64005504]]","[[48.1622858, 11.64005504], [48.16019456, 11.64029759], [48.15837889, 11.64184269], [48.15672496, 11.64116895], [48.1552088, 11.63728823], [48.15360271, 11.62856559], [48.15389037, 11.6229601], [48.15321316, 11.62048974]]",861,354.31,0.3093,3
3-185-G-015-3,185,Arabellapark - Berg am Laim Bf. - Trudering Bf. - Iltisstraße,10.69,10.55,33.5,33.5,0.757,0.0,51.0,49.0,"[[48.15331504, 11.62078618], [48.15090579, 11.62649947], [48.14786111, 11.62587064], [48.14724376, 11.62916746], [48.14666835, 11.63214089], [48.14618286, 11.63758468], [48.14600304, 11.63983046], [48.14274826, 11.63864469], [48.14115377, 11.63691094], [48.13565657, 11.63329971], [48.13299469, 11.63363209], [48.13080633, 11.64539104], [48.12941532, 11.65070906], [48.12770049, 11.65557793], [48.12590165, 11.6613541], [48.12556586, 11.6635909], [48.1235211, 11.66734586], [48.12161418, 11.670472], [48.12010898, 11.67658054], [48.11804001, 11.68291367], [48.11710445, 11.68268909], [48.11462753, 11.68686625], [48.11138875, 11.69075596], [48.10849768, 11.69425939], [48.10650622, 11.69738552], [48.10765192, 11.70029607], [48.10381283, 11.70407797]]","[[48.10381283, 11.70407797], [48.10746597, 11.6995864], [48.10645223, 11.69703518], [48.10852767, 11.69444803], [48.11207251, 11.69073799], [48.11462753, 11.687001], [48.11741031, 11.68248247], [48.1186817, 11.68292265], [48.11991108, 11.6769758], [48.12195599, 11.67013962], [48.123683, 11.66742671], [48.12557186, 11.663007], [48.12608754, 11.66104867], [48.12766451, 11.65619777], [48.12951125, 11.65080788], [48.13109412, 11.64493289], [48.13326448, 11.63306615], [48.13584242, 11.63364107], [48.1382224, 11.63520414], [48.14136357, 11.63752179], [48.14331771, 11.63922859], [48.14641062, 11.63930046], [48.14632671, 11.63688399], [48.14684817, 11.63200614], [48.1476813, 11.62792779], [48.14827467, 11.62561013], [48.15139724, 11.62625692], [48.15321316, 11.62080415]]",1778,1215.74,0.3533,4
3-186-G-015-1,186,Messestadt Ost - Hofbräuallee,2.7,2.9,5.0,5.5,0.0,0.76,11.0,11.0,"[[48.13345034, 11.70361085], [48.13693951, 11.71533386], [48.14449856, 11.70576681], [48.1438452, 11.70093387]]","[[48.1438452, 11.70093387], [48.14433672, 11.7058746], [48.13641794, 11.71519912], [48.13327647, 11.70379051]]",232,66.94,0.1603,1
3-187-G-015-4,187,Arabellapark - Rümelinstraße - Herkomerplatz - Richard-Strauss-Str. - Berg am Laim Bf. - Josephsburg - Michaelibad,12.02,11.91,40.0,39.0,0.899,0.839,45.0,45.0,"[[48.15331504, 11.62078618], [48.15381845, 11.62094788], [48.15396828, 11.61688749], [48.15800137, 11.61955549], [48.1611593, 11.62174738], [48.16384969, 11.62175636], [48.16570711, 11.62305892], [48.16873875, 11.62145093], [48.16594078, 11.61785767], [48.16277714, 11.61523459], [48.15902008, 11.61192879], [48.15541256, 11.60838943], [48.15263183, 11.60580228], [48.15031845, 11.60239767], [48.14877813, 11.60123884], [48.15049225, 11.6088296], [48.14879611, 11.61670783], [48.14837656, 11.62277146], [48.14786111, 11.62587064], [48.14694407, 11.62814338], [48.14187909, 11.62715524], [48.13903169, 11.62865542], [48.14024261, 11.63566228], [48.13565657, 11.63329971], [48.13300668, 11.63243733], [48.13096221, 11.63186241], [48.12791634, 11.63162885], [48.12674711, 11.63424294], [48.12391087, 11.6322936], [48.11929939, 11.63065867]]","[[48.11910749, 11.63092816], [48.12391087, 11.63254513], [48.126915, 11.63453939], [48.12833006, 11.63104494], [48.13092024, 11.63205105], [48.13277286, 11.63254513], [48.13584242, 11.63364107], [48.1382224, 11.63520414], [48.14035051, 11.63541075], [48.1391396, 11.62862847], [48.14177719, 11.62732592], [48.1476813, 11.62792779], [48.14822672, 11.62484657], [48.14862229, 11.62212467], [48.14898191, 11.61674376], [48.15073798, 11.60967402], [48.1508998, 11.60858706], [48.148892, 11.60021476], [48.15005474, 11.60199342], [48.1525719, 11.60593703], [48.15555638, 11.60875774], [48.15870847, 11.61184794], [48.16241164, 11.61523459], [48.16685747, 11.618747], [48.16861293, 11.62150483], [48.16658786, 11.62363384], [48.16462861, 11.62197196], [48.16320856, 11.62401113], [48.16087767, 11.62178331], [48.1580553, 11.61920515], [48.15359072, 11.61702224], [48.15331504, 11.62078618]]",2025,1253.78,0.2923,4
3-188-G-015-1,188,"Unterföhring, Fichtenstr. - St. Emmeram - Richard-Strauss-Str. - Daglfing Bf.",9.64,9.63,29.0,29.5,1.504,1.215,48.0,48.0,"[[48.1988717, 11.64919989], [48.196758, 11.64628037], [48.194752, 11.64257931], [48.19165003, 11.64012691], [48.18844007, 11.63648873], [48.18380445, 11.63340751], [48.1799411, 11.63110782], [48.17643089, 11.63044307], [48.17364532, 11.62843983], [48.17183012, 11.62620302], [48.16990103, 11.62441537], [48.16658786, 11.62363384], [48.16462861, 11.62197196], [48.16198021, 11.61923209], [48.15902607, 11.61644732], [48.15592793, 11.61375237], [48.15382445, 11.61136285], [48.15049225, 11.6088296], [48.14879611, 11.61670783], [48.14837656, 11.62277146], [48.14786111, 11.62587064], [48.14724376, 11.62916746], [48.14666835, 11.63214089], [48.14618286, 11.63758468], [48.14638665, 11.64059403], [48.14713587, 11.64409746], [48.1485204, 11.64869684]]","[[48.14846047, 11.64819378], [48.14715984, 11.64339678], [48.14641062, 11.63930046], [48.14632671, 11.63688399], [48.14684817, 11.63200614], [48.1476813, 11.62792779], [48.14822672, 11.62484657], [48.14862229, 11.62212467], [48.14898191, 11.61674376], [48.15073798, 11.60967402], [48.1543698, 11.61214439], [48.15646727, 11.61441712], [48.1583729, 11.61606104], [48.16187236, 11.61940277], [48.16384969, 11.62175636], [48.16570711, 11.62305892], [48.16990103, 11.62457707], [48.1723034, 11.62715524], [48.17353749, 11.62855661], [48.17655669, 11.63068561], [48.17990516, 11.63134138], [48.18383439, 11.63370395], [48.18835623, 11.63681212], [48.19308726, 11.6413037], [48.19523105, 11.64374712], [48.1963089, 11.64593002], [48.1988717, 11.64919989]]",1566,1104.86,0.2375,4
3-189-G-015-1,189,Unterföhring Bf. - St. Emmeram - Richard-Strauss-Str. - Daglfing Bf.,10.66,10.45,31.5,31.0,1.294,1.13,45.0,41.0,"[[48.19147636, 11.64783445], [48.19111106, 11.65072703], [48.19061999, 11.6557037], [48.18781123, 11.65472453], [48.18479869, 11.6519128], [48.18583483, 11.63717145], [48.18380445, 11.63340751], [48.1799411, 11.63110782], [48.17643089, 11.63044307], [48.17364532, 11.62843983], [48.17183012, 11.62620302], [48.16990103, 11.62441537], [48.16658786, 11.62363384], [48.16462861, 11.62197196], [48.16198021, 11.61923209], [48.15902607, 11.61644732], [48.15592793, 11.61375237], [48.15382445, 11.61136285], [48.15049225, 11.6088296], [48.14879611, 11.61670783], [48.14837656, 11.62277146], [48.14786111, 11.62587064], [48.14724376, 11.62916746], [48.14666835, 11.63214089], [48.14618286, 11.63758468], [48.14638665, 11.64059403], [48.14713587, 11.64409746], [48.1485204, 11.64869684]]","[[48.14846047, 11.64819378], [48.14715984, 11.64339678], [48.14641062, 11.63930046], [48.14632671, 11.63688399], [48.14684817, 11.63200614], [48.1476813, 11.62792779], [48.14822672, 11.62484657], [48.14862229, 11.62212467], [48.14898191, 11.61674376], [48.15073798, 11.60967402], [48.1543698, 11.61214439], [48.15646727, 11.61441712], [48.1583729, 11.61606104], [48.16187236, 11.61940277], [48.16384969, 11.62175636], [48.16570711, 11.62305892], [48.16990103, 11.62457707], [48.1723034, 11.62715524], [48.17353749, 11.62855661], [48.17655669, 11.63068561], [48.17990516, 11.63134138], [48.18383439, 11.63370395], [48.18567312, 11.63833028], [48.18476874, 11.65144568], [48.18796695, 11.65490419], [48.19076971, 11.65497606], [48.19147636, 11.64783445]]",1575,1070.48,0.2495,4
3-190-G-015-1,190,Ostbahnhof Friedenstr. - Berg am Laim Bf.  - Riem Bf. - Messestadt Ost,11.45,14.36,38.5,50.0,0.585,0.752,60.0,60.0,"[[48.12719682, 11.60721264], [48.12532002, 11.61023996], [48.12467841, 11.61271033], [48.12459446, 11.61925006], [48.12670514, 11.62198094], [48.13009883, 11.62304993], [48.13125, 11.6279727], [48.13092024, 11.63205105], [48.13277286, 11.63254513], [48.13584242, 11.63364107], [48.1382224, 11.63520414], [48.14029656, 11.63690196], [48.1399189, 11.6440795], [48.13978102, 11.64749309], [48.13979901, 11.65482335], [48.14044642, 11.6627375], [48.13970309, 11.67015759], [48.13967912, 11.67409221], [48.1403625, 11.67997617], [48.14334769, 11.67914074], [48.14103987, 11.68134161], [48.14087203, 11.68562658], [48.13840824, 11.68921984], [48.13518296, 11.69018104], [48.13351629, 11.68951628], [48.1294333, 11.68940848], [48.12947528, 11.69458278], [48.12948127, 11.69980199], [48.12953523, 11.70246999], [48.13345034, 11.70361085]]","[[48.13327647, 11.70379051], [48.12979305, 11.70274847], [48.12959519, 11.69969419], [48.12955922, 11.69453786], [48.12952324, 11.68940848], [48.13333043, 11.69015409], [48.13582444, 11.69033375], [48.13851615, 11.68946238], [48.14086603, 11.68520437], [48.1407941, 11.68199738], [48.1434376, 11.6788982], [48.1405723, 11.68029957], [48.13976304, 11.67402933], [48.13999683, 11.66841486], [48.14070418, 11.6623153], [48.13992489, 11.65476945], [48.13993688, 11.64774462], [48.14005677, 11.64305542], [48.14039247, 11.63770146], [48.13565657, 11.63329971], [48.13300668, 11.63243733], [48.13096221, 11.63186241], [48.13132195, 11.6281344], [48.13004487, 11.62288824], [48.12629141, 11.6216306], [48.12472638, 11.61938481], [48.12480433, 11.6120815], [48.12579972, 11.60975487], [48.12668715, 11.60615262], [48.12122439, 11.5991817], [48.12719682, 11.60721264]]",3574,1773.01,0.3634,5
3-191-G-015-1,191,Ostbahnhof Friedenstr. - Berg am Laim Bf.  - Zamilapark,5.02,8.12,18.5,31.0,0.498,0.887,44.0,43.0,"[[48.12719682, 11.60721264], [48.12532002, 11.61023996], [48.12467841, 11.61271033], [48.12459446, 11.61925006], [48.12670514, 11.62198094], [48.13009883, 11.62304993], [48.13125, 11.6279727], [48.13092024, 11.63205105], [48.13277286, 11.63254513], [48.13584242, 11.63364107], [48.1382224, 11.63520414], [48.14029656, 11.63690196], [48.1399189, 11.6440795], [48.13978102, 11.64749309], [48.14009274, 11.64831954], [48.14238261, 11.64977481]]","[[48.14238261, 11.64977481], [48.1421848, 11.64745716], [48.14009874, 11.64805005], [48.13880389, 11.64740326], [48.1382224, 11.63941724], [48.13565657, 11.63329971], [48.13300668, 11.63243733], [48.13096221, 11.63186241], [48.13132195, 11.6281344], [48.13004487, 11.62288824], [48.12629141, 11.6216306], [48.12472638, 11.61938481], [48.12480433, 11.6120815], [48.12579972, 11.60975487], [48.12668715, 11.60615262], [48.12122439, 11.5991817], [48.12719682, 11.60721264]]",1236,657.41,0.4606,3
3-192-G-015-1,192,Trudering Bf. - Am Hochacker - Quiddestr. - Neuperlach Zentrum,6.75,6.93,20.0,22.0,0.74,0.476,85.0,84.0,"[[48.12556586, 11.6635909], [48.1235211, 11.66734586], [48.12161418, 11.670472], [48.12010898, 11.67658054], [48.11804001, 11.68291367], [48.11409974, 11.67741598], [48.11108286, 11.67345441], [48.10938541, 11.67104692], [48.1057684, 11.66760637], [48.10885757, 11.66313276], [48.11117283, 11.65641336], [48.11270228, 11.64982871], [48.10854566, 11.64630732], [48.10647623, 11.64621749], [48.10095733, 11.6478614]]","[[48.10086134, 11.64782547], [48.10665618, 11.64655885], [48.10880959, 11.64660376], [48.11225844, 11.64949634], [48.11102288, 11.65664693], [48.10853367, 11.66345616], [48.10591237, 11.66836096], [48.10967332, 11.67150506], [48.11138875, 11.67405628], [48.11403377, 11.67750581], [48.11751826, 11.68248247], [48.1186817, 11.68292265], [48.11991108, 11.6769758], [48.12195599, 11.67013962], [48.123683, 11.66742671], [48.12556586, 11.6635909]]",2043,1314.95,0.4591,6
3-193-G-015-4,193,"Trudering Bf. - Friedenspromenade - Haar, Jagdfeldzentrum",5.6,5.42,18.0,18.0,0.715,0.442,104.0,102.0,"[[48.12556586, 11.6635909], [48.12326325, 11.66623195], [48.12111045, 11.66514499], [48.11956326, 11.67049895], [48.11932338, 11.67739801], [48.1182679, 11.68400961], [48.11733234, 11.69096257], [48.1151613, 11.69572364], [48.11302016, 11.70140998], [48.11222846, 11.70493137], [48.11122081, 11.70983617], [48.11033911, 11.71693286], [48.10958335, 11.71976256], [48.10742398, 11.71984341], [48.10757394, 11.7220353]]","[[48.10757394, 11.7220353], [48.10983527, 11.71987934], [48.11089692, 11.71511827], [48.11165266, 11.70888396], [48.1123904, 11.70512002], [48.11339202, 11.7010237], [48.11583302, 11.69483431], [48.11750626, 11.6911063], [48.1186817, 11.68292265], [48.11958725, 11.67624817], [48.11980314, 11.67098404], [48.12132034, 11.66530669], [48.12324526, 11.66639365], [48.12557186, 11.663007]]",2000,1310.88,0.4378,4
3-194-G-015-1,194,Riem Bf. - Moosfeld Gewerbegebiet - Trudering - Nauestr.,9.3,9.01,31.5,30.5,0.731,0.455,44.0,44.0,"[[48.1434376, 11.6788982], [48.1405723, 11.68029957], [48.13976304, 11.67402933], [48.13937938, 11.66898978], [48.13568055, 11.66838791], [48.13229322, 11.66906164], [48.13455946, 11.66343819], [48.13294673, 11.66004256], [48.13051254, 11.65803033], [48.12600359, 11.65561386], [48.12590165, 11.6613541], [48.12556586, 11.6635909], [48.1235211, 11.66734586], [48.12161418, 11.670472], [48.11799803, 11.66995996], [48.11488542, 11.66753451], [48.11179661, 11.66598941], [48.10868962, 11.66404904], [48.10503657, 11.66730993], [48.10246308, 11.66507312], [48.10129328, 11.66907961], [48.09970949, 11.67243033], [48.09882159, 11.67725428]]","[[48.09882159, 11.67725428], [48.10071136, 11.67269084], [48.10144325, 11.66947487], [48.10223512, 11.6652977], [48.1057684, 11.66760637], [48.10847968, 11.66400413], [48.11213849, 11.66630382], [48.11414772, 11.6671662], [48.11787809, 11.67008572], [48.12195599, 11.67013962], [48.123683, 11.66742671], [48.12557186, 11.663007], [48.12608754, 11.66104867], [48.12611752, 11.65537132], [48.13018877, 11.6580483], [48.13327647, 11.66064443], [48.13421174, 11.66392328], [48.13211936, 11.66916046], [48.13613618, 11.66821723], [48.13970309, 11.67015759], [48.13967912, 11.67409221], [48.1403625, 11.67997617], [48.1434376, 11.6788982]]",1517,925.95,0.3051,4
3-195-G-015-1,195,Michaelibad - St.-Veit-Straße - Am Hochacker - Neuperlach Süd Bf.,9.16,9.04,27.5,27.5,0.568,0.409,45.0,45.0,"[[48.11869369, 11.63019154], [48.11722439, 11.64018081], [48.12199197, 11.64204032], [48.11974317, 11.65030482], [48.11804001, 11.65373638], [48.11724238, 11.65608997], [48.11594697, 11.6593778], [48.1146815, 11.66245004], [48.11327806, 11.66576483], [48.11414772, 11.6671662], [48.1176442, 11.6702025], [48.11364992, 11.67180151], [48.11108286, 11.67345441], [48.10938541, 11.67104692], [48.1057684, 11.66760637], [48.10794584, 11.66339327], [48.10501858, 11.66165054], [48.10304498, 11.65887475], [48.09881559, 11.6570332], [48.0960078, 11.65498504], [48.09458585, 11.65395198], [48.09228185, 11.64907413], [48.08961172, 11.64476221]]","[[48.08974973, 11.64430407], [48.09217385, 11.64899328], [48.09435786, 11.65412266], [48.09650578, 11.6557037], [48.0987676, 11.6573566], [48.1017612, 11.65911729], [48.1034589, 11.6597012], [48.10508456, 11.66186614], [48.10811979, 11.66371667], [48.10591237, 11.66836096], [48.10967332, 11.67150506], [48.11094491, 11.67349932], [48.11403377, 11.67178354], [48.11776414, 11.6702025], [48.11488542, 11.66753451], [48.11327806, 11.66600737], [48.11451357, 11.66315971], [48.11570107, 11.66024019], [48.11727237, 11.65633252], [48.11800403, 11.65423046], [48.11984512, 11.6503138], [48.12199197, 11.64204032], [48.11723639, 11.63956995], [48.11877165, 11.6314402]]",1306,940.75,0.4608,3
3-196-G-015-1,196,Neuperlach Zentrum - Perlach Bf. - Neuperlach Süd Bf.,7.06,6.59,21.5,20.0,0.637,0.622,50.0,51.0,"[[48.10093933, 11.64736733], [48.1044427, 11.63997419], [48.10255907, 11.63647076], [48.09865961, 11.63625517], [48.09488585, 11.63553652], [48.09373987, 11.63057782], [48.09253986, 11.62800863], [48.0883036, 11.6281344], [48.08884365, 11.63386565], [48.09073379, 11.6354916], [48.0882556, 11.63567126], [48.08605933, 11.63483583], [48.08509918, 11.63982148], [48.08495516, 11.64304643], [48.08974973, 11.64430407]]","[[48.08961172, 11.64476221], [48.08567527, 11.64293863], [48.08517719, 11.63910283], [48.08649139, 11.63489871], [48.08881965, 11.63609347], [48.09067379, 11.63433277], [48.08853763, 11.63302123], [48.08860363, 11.6282961], [48.09250386, 11.6281883], [48.09373987, 11.63057782], [48.09495785, 11.63596771], [48.09918155, 11.63662348], [48.10325494, 11.63746789], [48.10422675, 11.64079166], [48.10104131, 11.64740326]]",1416,782.17,0.3435,3
3-197-G-015-3,197,Neuperlach Innenring,5.88,6.04,19.0,20.0,0.51,0.579,103.0,102.0,"[[48.10093933, 11.64736733], [48.09954151, 11.6403964], [48.10358488, 11.63671331], [48.10756794, 11.63668636], [48.10903752, 11.63979453], [48.10903152, 11.64442086], [48.10907951, 11.64697207], [48.10902552, 11.65038567], [48.10901353, 11.65420351], [48.10624229, 11.65886576], [48.10304498, 11.65887475], [48.09881559, 11.6570332], [48.09653578, 11.65496708], [48.0976577, 11.65273925], [48.09861161, 11.64863395], [48.10093933, 11.64736733]]","[[48.10095733, 11.6478614], [48.09840763, 11.6488765], [48.09739972, 11.65265841], [48.09650578, 11.6557037], [48.0987676, 11.6573566], [48.1017612, 11.65911729], [48.10381883, 11.65920712], [48.10644624, 11.65918916], [48.10921746, 11.65486826], [48.10922946, 11.64938854], [48.10922346, 11.64686427], [48.10922946, 11.64423221], [48.10924146, 11.6389052], [48.1065782, 11.63638093], [48.10255907, 11.63647076], [48.09942752, 11.64149235], [48.10095733, 11.6478614]]",2060,1417.44,0.4042,4
3-198-G-015-1,198,Neuperlach Zentrum - Klinikum Neuperlach - Klara-Ziegler-Bogen,3.1,2.73,9.5,8.5,0.937,0.55,56.0,56.0,"[[48.10104131, 11.64740326], [48.09840763, 11.6488765], [48.09739972, 11.65265841], [48.0960078, 11.65498504], [48.09388386, 11.65445504], [48.09070979, 11.66131817], [48.08646138, 11.66180326], [48.08398298, 11.66133613]]","[[48.08398298, 11.66133613], [48.08642538, 11.66192004], [48.0908118, 11.66148885], [48.09435786, 11.65412266], [48.09653578, 11.65496708], [48.0976577, 11.65273925], [48.09861161, 11.64863395], [48.10093933, 11.64736733]]",861,380.99,0.4485,2
3-199-G-015-1,199,"Michaelibad - Neuperlach Zentrum - Neuperlach Süd Bf. - Neubiberg, Campeon West",10.79,10.71,36.0,32.5,0.575,0.485,43.0,43.0,"[[48.11877165, 11.6314402], [48.11985111, 11.62417283], [48.11645674, 11.62520589], [48.1126483, 11.62634675], [48.11083095, 11.63214987], [48.11015917, 11.63819553], [48.10903752, 11.63979453], [48.10903152, 11.64442086], [48.10854566, 11.64630732], [48.10647623, 11.64621749], [48.1011193, 11.64697207], [48.10087934, 11.64831954], [48.09625979, 11.64610969], [48.08918568, 11.64478916], [48.08197857, 11.6465319], [48.08290877, 11.63806977], [48.08248268, 11.63274276], [48.08261471, 11.6282961], [48.084091, 11.62564607], [48.08142645, 11.61738157], [48.07971002, 11.61159641]]","[[48.07971002, 11.61159641], [48.08142645, 11.61738157], [48.08373694, 11.62442436], [48.08262071, 11.6278649], [48.08274674, 11.63295835], [48.08269873, 11.6386896], [48.08176253, 11.64702597], [48.08974973, 11.64430407], [48.09663177, 11.64680139], [48.10086134, 11.64782547], [48.10665618, 11.64655885], [48.10858165, 11.64657681], [48.10922946, 11.64423221], [48.10963733, 11.63939927], [48.11027313, 11.63736908], [48.11135876, 11.63199715], [48.11319409, 11.62629285], [48.11672662, 11.62522386], [48.11991708, 11.62467589], [48.11869369, 11.63019154]]",1599,1032.25,0.2666,4
3-50-G-015-6,50,"Dessauerstraße - Olympia-Einkaufszentrum - Frankfurter Ring - Studentenstadt - Unterföhring, Feringastraße - Johanneskirchen Bf.",13.53,13.57,45.5,43.5,0.776,0.751,106.0,105.0,"[[48.18073176, 11.53160144], [48.18245081, 11.53017312], [48.18385835, 11.53143076], [48.18690689, 11.53414367], [48.18618819, 11.54246207], [48.18606841, 11.54575889], [48.18593665, 11.55237947], [48.18637985, 11.55789513], [48.18673321, 11.56198246], [48.18713447, 11.56679743], [48.18712849, 11.57258258], [48.1858528, 11.57269936], [48.18434349, 11.57535838], [48.18417579, 11.57857434], [48.18426563, 11.585159], [48.18406798, 11.59123161], [48.182918, 11.5965676], [48.18054608, 11.60153528], [48.17973744, 11.6032331], [48.18346903, 11.60783247], [48.17901266, 11.63278767], [48.17848553, 11.63539279], [48.17597563, 11.63115274], [48.17294441, 11.63653365], [48.17002685, 11.63502448], [48.16839725, 11.64363932], [48.16933787, 11.6446634], [48.16845117, 11.6462085]]","[[48.16845117, 11.6462085], [48.16901435, 11.64335186], [48.16792993, 11.64314525], [48.16991901, 11.63534787], [48.17286054, 11.63684806], [48.17655669, 11.63068561], [48.17823994, 11.63588686], [48.17990516, 11.63134138], [48.18373257, 11.60809299], [48.17988719, 11.60415836], [48.18091745, 11.60125681], [48.18301982, 11.59675625], [48.18425365, 11.59082737], [48.18435547, 11.5841978], [48.1842836, 11.57893367], [48.18446328, 11.57538533], [48.18603247, 11.57284309], [48.18764354, 11.57211546], [48.18726623, 11.56558471], [48.18697277, 11.56176687], [48.18647567, 11.55632308], [48.1861822, 11.55044809], [48.18630798, 11.54568702], [48.18661342, 11.54062951], [48.18676315, 11.53336214], [48.18415782, 11.53139483], [48.18201956, 11.53037075], [48.18073176, 11.53160144]]",6146,3241.74,0.4123,10
3-51-G-015-6,51,Moosach Bf. - Romanplatz - Laim Bf. - Laimer Platz - Holzapfelkreuth - Aidenbachstraße,13.78,12.28,52.5,49.0,0.806,0.415,106.0,106.0,"[[48.18063593, 11.50735591], [48.17907256, 11.50712235], [48.17709582, 11.50600844], [48.17441811, 11.5027206], [48.1726928, 11.5043735], [48.17053009, 11.50901779], [48.16937382, 11.51030238], [48.16726489, 11.50936814], [48.16403543, 11.50699658], [48.16105144, 11.51135341], [48.15794144, 11.51143426], [48.15590396, 11.51122765], [48.14623081, 11.52017487], [48.14338365, 11.51929452], [48.14341362, 11.50205585], [48.14017067, 11.50296315], [48.13604026, 11.50283738], [48.13132195, 11.50265772], [48.1258237, 11.50258585], [48.12087658, 11.50233433], [48.11589299, 11.5022445], [48.11157469, 11.50216365], [48.10817377, 11.50203788], [48.09784368, 11.50908067], [48.09793967, 11.51318598], [48.0987436, 11.51939333], [48.09900757, 11.52312134], [48.09809566, 11.52427119]]","[[48.09809566, 11.52427119], [48.09958951, 11.5229866], [48.09886359, 11.51799196], [48.09829964, 11.51368005], [48.09857562, 11.50771524], [48.10716005, 11.50234331], [48.1126363, 11.50251399], [48.11665465, 11.5026128], [48.1217581, 11.50276552], [48.12584169, 11.503044], [48.13604026, 11.50316078], [48.13951127, 11.50325061], [48.14305397, 11.503574], [48.14740559, 11.50340332], [48.14964119, 11.50358298], [48.15133131, 11.50434655], [48.15297943, 11.50846982], [48.15494512, 11.51174867], [48.15907401, 11.51166782], [48.16119525, 11.51144324], [48.16415527, 11.50745472], [48.16715704, 11.5097095], [48.1708596, 11.50878423], [48.17271676, 11.50349315], [48.17436419, 11.50283738], [48.17655669, 11.50555928], [48.17927023, 11.50713133], [48.18063593, 11.50735591]]",8916,3126.62,0.5231,11
3-52-G-015-1,52,Sendlinger Tor - Kolumbuspl. (Nord) - Candipl. - Tierpark (Alemannenstr.),5.61,5.87,23.5,24.5,1.373,1.363,105.0,103.0,"[[48.13316856, 11.56707591], [48.13533883, 11.57270835], [48.13547672, 11.57377734], [48.13508704, 11.57485532], [48.1331146, 11.57385819], [48.13229922, 11.5750799], [48.12991896, 11.5783857], [48.1266092, 11.58302101], [48.12421669, 11.5806764], [48.1221239, 11.57901452], [48.12070267, 11.57655314], [48.11916746, 11.57499905], [48.11590498, 11.57291496], [48.11382985, 11.57192681], [48.11174263, 11.57056137], [48.11008719, 11.56690523], [48.10786186, 11.56483012], [48.10352489, 11.56138957], [48.10082534, 11.55917073]]","[[48.10060937, 11.55873056], [48.10390881, 11.56181178], [48.10778388, 11.56520741], [48.1100572, 11.56720167], [48.1115447, 11.57032781], [48.11338002, 11.57186393], [48.11531124, 11.57278021], [48.11991708, 11.57578058], [48.12057674, 11.57668788], [48.12162017, 11.57878096], [48.12476836, 11.58170947], [48.12684305, 11.58302999], [48.13006886, 11.5784396], [48.13216732, 11.57546617], [48.13328247, 11.57400192], [48.13518296, 11.57505295], [48.13566856, 11.57365158], [48.13535682, 11.57228614], [48.13316856, 11.56707591]]",2755,1456.53,0.925,7
3-53-G-015-5,53,Münchner Freiheit - Nordbad - Rotkreuzpl. - Schwanthalerhöhe - Harras - Aidenbachstr.,13.17,12.82,52.5,53.5,0.721,0.515,104.0,104.0,"[[48.16233374, 11.58663223], [48.15939759, 11.58502425], [48.15997285, 11.58055064], [48.16050616, 11.57409175], [48.16122522, 11.56817185], [48.16103347, 11.56258433], [48.16147089, 11.55759868], [48.16145891, 11.55369999], [48.15975114, 11.547834], [48.15752197, 11.54376463], [48.15559833, 11.5402073], [48.15260187, 11.53392808], [48.15147515, 11.53667692], [48.14992288, 11.53655116], [48.14606897, 11.53532945], [48.14267034, 11.53442215], [48.13943933, 11.53396401], [48.13633401, 11.53422452], [48.13489519, 11.53446706], [48.13485922, 11.53739557], [48.13363619, 11.53965933], [48.1305605, 11.53910237], [48.12791634, 11.53903949], [48.1259796, 11.54029713], [48.12207592, 11.54104273], [48.11997705, 11.54056663], [48.11692453, 11.53926407], [48.11700249, 11.53653319], [48.11324807, 11.53366756], [48.10966732, 11.53411672], [48.10600834, 11.53266145], [48.10280502, 11.53006532], [48.1004474, 11.52920294], [48.09579781, 11.52755902], [48.09541383, 11.52354355], [48.09799367, 11.52385796]]","[[48.0976097, 11.52403762], [48.09515584, 11.52421729], [48.09553983, 11.52764885], [48.10048339, 11.52935565], [48.1023491, 11.53005634], [48.10530651, 11.53221229], [48.10929544, 11.53435927], [48.11306214, 11.53389214], [48.11678059, 11.53667692], [48.1172004, 11.54018933], [48.12009099, 11.54087205], [48.12189602, 11.5412224], [48.12571577, 11.54064747], [48.12795832, 11.53916525], [48.13102816, 11.53938983], [48.13331244, 11.53983001], [48.13499711, 11.53740456], [48.13526689, 11.53414367], [48.13629804, 11.53442215], [48.13970909, 11.53480842], [48.14253247, 11.53489826], [48.14672829, 11.53661404], [48.1500847, 11.53710811], [48.15200855, 11.53626369], [48.15316522, 11.53425147], [48.15566425, 11.54055764], [48.15719837, 11.5432975], [48.15918187, 11.54697161], [48.16140498, 11.55396051], [48.16138101, 11.55759868], [48.16087767, 11.56431808], [48.16111137, 11.56807304], [48.1603983, 11.57407379], [48.16260338, 11.57686755], [48.1624356, 11.58219456], [48.16186037, 11.5857968]]",8994,3144.18,0.7805,12
3-54-G-015-8,54,Münchner Freiheit - Herkomerpl. - Ostbahnhof - Giesing - Harras - Lorettopl.,20.59,19.76,70.5,70.5,1.0,0.805,102.0,99.0,"[[48.16283706, 11.58618308], [48.15918786, 11.58518595], [48.15707852, 11.58508713], [48.15655117, 11.58937209], [48.15256591, 11.59341451], [48.15097771, 11.59556149], [48.15230221, 11.5988583], [48.14877813, 11.60123884], [48.15049225, 11.6088296], [48.14826867, 11.60799417], [48.14436069, 11.60655687], [48.13914559, 11.60702399], [48.13579446, 11.60940453], [48.1320594, 11.60952131], [48.12793433, 11.60394277], [48.12553588, 11.59975662], [48.12418071, 11.60129274], [48.11923942, 11.60017883], [48.1156411, 11.60164308], [48.11513731, 11.5967832], [48.11457355, 11.5923545], [48.11080096, 11.59398944], [48.10982328, 11.5890487], [48.11092691, 11.58449424], [48.11083095, 11.5791852], [48.11194656, 11.57534041], [48.11176662, 11.56984272], [48.11311612, 11.56608776], [48.11235441, 11.55281066], [48.11214449, 11.54819332], [48.11284023, 11.54022527], [48.11692453, 11.53926407], [48.1169905, 11.53555403], [48.11694852, 11.53129601], [48.11668464, 11.52657087], [48.11518529, 11.5228788], [48.11353596, 11.51746196], [48.11336203, 11.51415616], [48.11259432, 11.50737388], [48.11224645, 11.50172347], [48.11201253, 11.49430339], [48.10834172, 11.49102454], [48.10356088, 11.48849129]]","[[48.10383083, 11.48874282], [48.10803581, 11.4910425], [48.11204852, 11.49543527], [48.11209051, 11.50284637], [48.11247436, 11.50828117], [48.11321209, 11.51344649], [48.1131701, 11.51769552], [48.11482544, 11.522771], [48.11642675, 11.52674155], [48.11674461, 11.53257162], [48.1167746, 11.53593132], [48.11617487, 11.54003662], [48.11311013, 11.5392461], [48.11132278, 11.53938085], [48.11219847, 11.54928028], [48.11209051, 11.55442763], [48.11277425, 11.56597098], [48.11113684, 11.57007628], [48.11249836, 11.57672382], [48.11120882, 11.57991283], [48.11093291, 11.5839822], [48.10970331, 11.58928226], [48.11147872, 11.59428588], [48.11447759, 11.59281264], [48.11495739, 11.59745693], [48.11611489, 11.60208326], [48.11916746, 11.60052917], [48.12122439, 11.5991817], [48.12562583, 11.60019679], [48.12799429, 11.60386192], [48.13212535, 11.60978182], [48.13529087, 11.60986267], [48.13954124, 11.60692518], [48.14410894, 11.60672755], [48.14819076, 11.60816485], [48.1508998, 11.60858706], [48.148892, 11.60021476], [48.15319518, 11.59938831], [48.15101966, 11.5949686], [48.15293149, 11.5934774], [48.15671896, 11.58871632], [48.15723433, 11.58479967], [48.15882832, 11.58538357], [48.16223188, 11.58653342]]",9349,4640.17,0.5564,15
3-55-G-015-1,55,"Ostbahnhof - Karl-Preis-Platz - Neuperlach Zentrum - Waldheimplatz (- Waldperlach Süd) - Putzbrunn, M.-Haslbeck-Straße",14.67,14.17,41.5,42.0,0.77,0.593,51.0,49.0,"[[48.12773047, 11.60365531], [48.12553588, 11.59975662], [48.12418071, 11.60129274], [48.12114643, 11.60561363], [48.11814196, 11.6100064], [48.11474148, 11.61312355], [48.1115327, 11.61760614], [48.1087616, 11.61871107], [48.10625428, 11.62111856], [48.10369885, 11.62460402], [48.09978748, 11.63075748], [48.09865961, 11.63728823], [48.09800567, 11.64027962], [48.09728573, 11.64452865], [48.10104131, 11.64740326], [48.09840763, 11.6488765], [48.09739972, 11.65265841], [48.0960078, 11.65498504], [48.09388386, 11.65445504], [48.09070979, 11.66131817], [48.08796157, 11.66915147], [48.08514119, 11.67502646], [48.08226064, 11.67244829], [48.08553125, 11.67490968], [48.08317283, 11.68029058], [48.08178053, 11.69274123], [48.07978204, 11.70189507], [48.07741135, 11.71121958], [48.07591686, 11.71556743], [48.07421225, 11.72031951], [48.07720728, 11.71996019]]","[[48.07720728, 11.71996019], [48.07446434, 11.72007697], [48.07613893, 11.71569319], [48.07751938, 11.71143518], [48.07996808, 11.7018771], [48.08178053, 11.6937204], [48.08332886, 11.68020075], [48.08514119, 11.67502646], [48.08226064, 11.67244829], [48.08599932, 11.67437967], [48.08804558, 11.66924131], [48.0908118, 11.66148885], [48.09435786, 11.65412266], [48.09653578, 11.65496708], [48.0976577, 11.65273925], [48.09861161, 11.64863395], [48.10101732, 11.64684631], [48.09744771, 11.64416933], [48.09801167, 11.64068386], [48.09902557, 11.63585093], [48.10062737, 11.63046104], [48.10389682, 11.62465792], [48.10638025, 11.62128025], [48.1084317, 11.61906141], [48.11215048, 11.61751631], [48.11568908, 11.61376135], [48.11872368, 11.60926079], [48.12127236, 11.60564058], [48.1251821, 11.59997221], [48.12716084, 11.60249648]]",2050,1634.38,0.3642,5
3-56-G-015-7,56,Schloss Blutenburg - Pasing Bf. - Blumenau - Großhadern - Fürstenried West,11.4,12.55,37.5,39.5,0.938,0.534,117.0,117.0,"[[48.16438295, 11.45453497], [48.1651379, 11.45295394], [48.16442489, 11.44759099], [48.16308872, 11.44357552], [48.16037433, 11.44589318], [48.1571744, 11.45040272], [48.15323713, 11.45581956], [48.14884406, 11.4603291], [48.14629074, 11.45908045], [48.14380324, 11.45793959], [48.13979901, 11.45737365], [48.13744308, 11.46098487], [48.13553667, 11.46318575], [48.13264696, 11.46825224], [48.12779043, 11.47498961], [48.12584769, 11.475313], [48.12572177, 11.47885237], [48.12205194, 11.47871762], [48.12018094, 11.47819659], [48.11523927, 11.47703777], [48.11374588, 11.47672336], [48.11087293, 11.4738757], [48.10850368, 11.47539385], [48.10524053, 11.47516927], [48.09922955, 11.47892423], [48.09358387, 11.48115205], [48.08879565, 11.48008306]]","[[48.08858563, 11.48025374], [48.09323586, 11.48127782], [48.09951151, 11.4789422], [48.10526452, 11.475313], [48.10864164, 11.47541182], [48.11159868, 11.47394756], [48.11361393, 11.47704675], [48.11601294, 11.47755879], [48.12003702, 11.47853795], [48.12179408, 11.47900508], [48.12588366, 11.47885237], [48.12572776, 11.47594182], [48.12809622, 11.47491774], [48.13228123, 11.46927632], [48.13539279, 11.46369779], [48.13726923, 11.46133522], [48.14049438, 11.45675381], [48.14388716, 11.45815518], [48.14626677, 11.45931401], [48.14657245, 11.46100284], [48.14896992, 11.46050877], [48.153351, 11.45592736], [48.15767777, 11.44996255], [48.16039231, 11.44608182], [48.16387365, 11.44376417], [48.16437097, 11.44796829], [48.16502406, 11.45298088], [48.16524575, 11.45632262], [48.16438295, 11.45453497]]",6146,3212.25,0.367,16
3-57-G-015-4,57,Freiham Bf. - Neuaubing West - Altenburgstr. - Westkreuz - Pasing Bf. - Westbad - Laimer Platz,11.82,11.97,43.0,42.5,0.643,0.644,104.0,106.0,"[[48.14063225, 11.41113736], [48.14091399, 11.40953836], [48.14222077, 11.40820885], [48.14493013, 11.40669968], [48.14638065, 11.40590018], [48.14946139, 11.40504678], [48.15201454, 11.40672663], [48.15254194, 11.41023006], [48.15055219, 11.41302382], [48.14831662, 11.41376044], [48.14641062, 11.41505401], [48.14750748, 11.42198002], [48.14839454, 11.42550142], [48.14918569, 11.43097216], [48.14921565, 11.43350541], [48.1501806, 11.43706274], [48.14919767, 11.44102431], [48.14881409, 11.44581233], [48.15069603, 11.44945051], [48.15073798, 11.45453497], [48.14919767, 11.45929604], [48.14629074, 11.45908045], [48.14380324, 11.45793959], [48.14039247, 11.45758026], [48.14031454, 11.46220658], [48.14038048, 11.46884513], [48.14154341, 11.47314806], [48.14157937, 11.48122392], [48.13871397, 11.47965187], [48.13739512, 11.48403564], [48.13608822, 11.49219235], [48.13517697, 11.49972921]]","[[48.13517697, 11.49972921], [48.13621411, 11.49328829], [48.13767688, 11.48376615], [48.13867201, 11.48008306], [48.14178917, 11.4811251], [48.14172324, 11.47337264], [48.14040446, 11.46786597], [48.1404704, 11.46091301], [48.14049438, 11.45675381], [48.14388716, 11.45815518], [48.14626677, 11.45931401], [48.14657245, 11.46100284], [48.14936549, 11.45937689], [48.15087583, 11.45449005], [48.15048626, 11.44855219], [48.14883806, 11.4456686], [48.14934152, 11.44105126], [48.15046229, 11.43670341], [48.14942543, 11.43391863], [48.14936549, 11.43099911], [48.14864627, 11.42595956], [48.14757341, 11.42177341], [48.14654248, 11.41477554], [48.14886803, 11.41377841], [48.15038437, 11.41329332], [48.15258988, 11.40985277], [48.15209245, 11.40660087], [48.14965917, 11.40480424], [48.14598506, 11.40581933], [48.14480425, 11.40645714], [48.14205293, 11.40806512], [48.14063225, 11.41113736]]",6150,2898.42,0.4081,11
3-59-G-015-1,59,Ackermannbogen - Kurfürstenplatz - Münchner Freiheit - Dietlindenstraße - Richard-Strauss-Sraße - Einsteinstraße - Karl-Preis-Platz - Giesing Bf.,13.15,14.51,46.5,51.0,0.882,0.613,103.0,103.0,"[[48.16500609, 11.55628714], [48.16396952, 11.55692495], [48.16138101, 11.55759868], [48.16087767, 11.56431808], [48.16111137, 11.56807304], [48.1603983, 11.57407379], [48.16260338, 11.57686755], [48.1624356, 11.58219456], [48.16223188, 11.58653342], [48.16730084, 11.58701851], [48.16621039, 11.5909711], [48.16360402, 11.59559742], [48.15592793, 11.6071228], [48.15208047, 11.6147495], [48.14864627, 11.61628562], [48.14308394, 11.6154412], [48.1394753, 11.61478543], [48.13645991, 11.61476747], [48.13039862, 11.61523459], [48.12685504, 11.61337508], [48.12449852, 11.61300677], [48.12039683, 11.61261151], [48.11814196, 11.6100064], [48.11474148, 11.61312355], [48.11033311, 11.61195574], [48.10853967, 11.60331395], [48.10731601, 11.59625319], [48.110663, 11.59567827]]","[[48.110663, 11.59567827], [48.10678815, 11.59670235], [48.10853367, 11.60481413], [48.11042308, 11.61269236], [48.11568908, 11.61376135], [48.11858575, 11.61035674], [48.12149424, 11.61312355], [48.12445654, 11.61330321], [48.12648928, 11.61365356], [48.1301408, 11.61562985], [48.13722726, 11.61492916], [48.13940936, 11.61484832], [48.14269432, 11.61539629], [48.14914373, 11.61633054], [48.15271574, 11.61470459], [48.15613768, 11.6072845], [48.16332241, 11.59685506], [48.16654592, 11.59060279], [48.16678558, 11.58619206], [48.16233374, 11.58663223], [48.15939759, 11.58502425], [48.15997285, 11.58055064], [48.16050616, 11.57409175], [48.16122522, 11.56817185], [48.16103347, 11.56258433], [48.16147089, 11.55759868], [48.16145891, 11.55369999], [48.1649941, 11.55552357]]",6823,3222.56,0.6365,11
3-60-G-015-1,60,Dülferstraße - Hasenbergl - Max-Wönner-Straße - OEZ - Dessauerstr.,8.62,8.47,28.5,27.5,0.754,0.626,110.0,106.0,"[[48.2126176, 11.56282688], [48.22002784, 11.56066194], [48.21979442, 11.55670037], [48.21686156, 11.55333169], [48.21288099, 11.5561524], [48.20840921, 11.55580205], [48.20787042, 11.55225371], [48.20411665, 11.55251422], [48.20215884, 11.55342152], [48.2002728, 11.54993605], [48.20087155, 11.54396226], [48.20382927, 11.53874305], [48.19933275, 11.53555403], [48.19794959, 11.53540131], [48.19551848, 11.53478147], [48.18676315, 11.53336214], [48.18415782, 11.53139483], [48.18201956, 11.53037075], [48.18073176, 11.53160144]]","[[48.18073176, 11.53160144], [48.18245081, 11.53017312], [48.18385835, 11.53143076], [48.18736805, 11.53387418], [48.19533285, 11.53495215], [48.1980394, 11.53573369], [48.19941059, 11.53591335], [48.20397296, 11.53881491], [48.20080569, 11.54412395], [48.2001291, 11.55050199], [48.20166189, 11.55357423], [48.20423041, 11.55264897], [48.208056, 11.55260405], [48.20828948, 11.55575714], [48.21358135, 11.55653867], [48.21682565, 11.55352033], [48.21974654, 11.55755377], [48.21996201, 11.56071584], [48.21303663, 11.56215314]]",4807,2102.2,0.4031,9
3-62-G-015-5,62,Rotkreuzplatz - Hirschgarten Bf. - Heimeranplatz Poccistraße - Sendlinger Tor - Viktualienmarkt - Ostbahnhof,13.02,13.06,54.5,57.0,0.991,0.942,121.0,121.0,"[[48.15284159, 11.53398197], [48.15297943, 11.53249975], [48.15197259, 11.5278914], [48.1514332, 11.52371423], [48.15053421, 11.52006707], [48.14623081, 11.52017487], [48.14338365, 11.51929452], [48.13973906, 11.51884536], [48.13726323, 11.52221404], [48.13615416, 11.52375915], [48.13558463, 11.53033481], [48.13316856, 11.53289501], [48.13081232, 11.53113431], [48.1282761, 11.53431435], [48.12573376, 11.53616488], [48.12525406, 11.54121341], [48.12741867, 11.54493244], [48.12553588, 11.54883113], [48.12308935, 11.55405034], [48.1204448, 11.5551912], [48.12137431, 11.55749987], [48.12248369, 11.5591887], [48.12535, 11.56217111], [48.12750861, 11.56394079], [48.13078234, 11.56589912], [48.13364219, 11.56774965], [48.13533883, 11.57270835], [48.13547672, 11.57377734], [48.13508704, 11.57485532], [48.1331146, 11.57385819], [48.13229922, 11.5750799], [48.12991896, 11.5783857], [48.1266092, 11.58302101], [48.12458846, 11.58920141], [48.12337119, 11.59329773], [48.12350911, 11.59603759], [48.12562583, 11.60019679], [48.12829409, 11.60432904]]","[[48.12829409, 11.60432904], [48.12509815, 11.59900203], [48.12383292, 11.59647777], [48.1235211, 11.59313604], [48.12460645, 11.58938108], [48.12684305, 11.58302999], [48.13006886, 11.5784396], [48.13216732, 11.57546617], [48.13328247, 11.57400192], [48.13518296, 11.57505295], [48.13566856, 11.57365158], [48.13535682, 11.57228614], [48.13317455, 11.56567454], [48.12939133, 11.56212619], [48.12756857, 11.56375214], [48.12491826, 11.56156924], [48.12244172, 11.55891921], [48.12136831, 11.55723037], [48.12042681, 11.55555951], [48.12336519, 11.55372694], [48.12576974, 11.54877723], [48.12746065, 11.54455515], [48.12549391, 11.54104273], [48.12668116, 11.53576064], [48.12838403, 11.53465571], [48.13113009, 11.53111635], [48.13389999, 11.5327962], [48.13548272, 11.53064922], [48.13604625, 11.52421729], [48.13771285, 11.5219176], [48.13964914, 11.51926757], [48.14361742, 11.51964486], [48.14689612, 11.52044436], [48.15058215, 11.52044436], [48.15130734, 11.52366931], [48.15188269, 11.52811598], [48.1526618, 11.53376638]]",10295,3731.43,0.7824,18
3-63-G-015-1,63,Rotkreuzplatz - Donnersbergerbrücke - Heimeranplatz - Westpark - Aidenbachstraße - Forstenrieder Allee,12.46,12.56,97.5,44.5,0.779,0.557,106.0,103.0,"[[48.1526618, 11.53376638], [48.15147515, 11.53667692], [48.14992288, 11.53655116], [48.14606897, 11.53532945], [48.14267034, 11.53442215], [48.13943933, 11.53396401], [48.13633401, 11.53422452], [48.13480527, 11.53385621], [48.13316856, 11.53289501], [48.13005686, 11.5276219], [48.12601558, 11.52153132], [48.12054675, 11.51802789], [48.11840583, 11.51711161], [48.11366791, 11.51666246], [48.10955936, 11.51969876], [48.10630227, 11.52260032], [48.10197717, 11.52404661], [48.09972749, 11.52358847], [48.09796967, 11.52436102], [48.09477785, 11.52316626], [48.09337387, 11.52244761], [48.09031977, 11.52081267], [48.08767954, 11.51956401], [48.08343088, 11.51683314], [48.0789238, 11.5126919], [48.08187655, 11.50894593], [48.08227864, 11.5059186], [48.08233265, 11.50393333], [48.08637737, 11.50318773], [48.0894257, 11.50308891], [48.09193384, 11.50632285], [48.09445386, 11.50349315], [48.09483185, 11.50069041], [48.09467585, 11.49867818]]","[[48.09467585, 11.49867818], [48.09463385, 11.50070838], [48.09420786, 11.50467893], [48.09146583, 11.50586471], [48.08961172, 11.50273857], [48.08689944, 11.50284637], [48.08215261, 11.50355604], [48.08226664, 11.50650251], [48.08185255, 11.50877525], [48.07879176, 11.5127458], [48.08383296, 11.51764162], [48.08770954, 11.51986046], [48.09069779, 11.52136064], [48.09343987, 11.52277998], [48.09541383, 11.52354355], [48.09799367, 11.52385796], [48.09891158, 11.52398373], [48.10193517, 11.52445085], [48.10670417, 11.522771], [48.10915148, 11.52053419], [48.11407575, 11.5171206], [48.11835186, 11.51747992], [48.12067868, 11.51853095], [48.12677709, 11.52307643], [48.13017678, 11.52907717], [48.13371413, 11.53366756], [48.13526689, 11.53414367], [48.13629804, 11.53442215], [48.13970909, 11.53480842], [48.14253247, 11.53489826], [48.14672829, 11.53661404], [48.1500847, 11.53710811], [48.15200855, 11.53626369], [48.15284159, 11.53398197]]",10092,3039.58,0.5345,10
3-862-G-015-1,E162,Eichelhäherstraße - Bildungscampus Freiham,7.25,6.88,21.5,20.5,0.662,0.436,4.0,3.0,"[[48.17399278, 11.3906378], [48.17463976, 11.39474311], [48.17541253, 11.39801297], [48.17628114, 11.40354659], [48.17620925, 11.40766088], [48.17299833, 11.40719375], [48.16757644, 11.41091278], [48.16407138, 11.41331128], [48.15979908, 11.41505401], [48.15685679, 11.41588945], [48.15392633, 11.4184227], [48.14970712, 11.42057865], [48.14654248, 11.41477554], [48.14552353, 11.41035582], [48.14091399, 11.40953836], [48.14166929, 11.40350168]]","[[48.14166929, 11.40350168], [48.14246054, 11.40782258], [48.14551753, 11.41053549], [48.14641062, 11.4140479], [48.15000679, 11.42063255], [48.15419601, 11.4184227], [48.1572583, 11.41587148], [48.159859, 11.41517978], [48.16428708, 11.41332925], [48.16761239, 11.41103854], [48.1719739, 11.40711291], [48.17634703, 11.40775969], [48.17637099, 11.40337591], [48.17558026, 11.39811179], [48.17509504, 11.39500362], [48.17399278, 11.3906378]]",721,56.35,0.214,4
3-883-G-015-1,E183,Bruno-Walter-Ring - Daglfing Bf. - Messestadt West,7.3,7.49,23.5,24.0,0.534,0.574,2.0,1.0,"[[48.1622858, 11.64005504], [48.16019456, 11.64029759], [48.15837889, 11.64184269], [48.15643132, 11.64165404], [48.15302138, 11.64115997], [48.15080391, 11.64065691], [48.14838255, 11.64040539], [48.14638665, 11.64059403], [48.14713587, 11.64409746], [48.1485204, 11.64869684], [48.14883207, 11.65041262], [48.14965917, 11.65789558], [48.14696804, 11.65842559], [48.14285616, 11.66128223], [48.14044642, 11.6627375], [48.13970309, 11.67015759], [48.13967912, 11.67409221], [48.1403625, 11.67997617], [48.14087203, 11.68562658], [48.13840824, 11.68921984], [48.13518296, 11.69018104], [48.13351629, 11.68951628]]","[[48.13333043, 11.69015409], [48.13582444, 11.69033375], [48.13851615, 11.68946238], [48.14086603, 11.68520437], [48.1407941, 11.68199738], [48.14045241, 11.67985939], [48.13976304, 11.67402933], [48.13999683, 11.66841486], [48.14070418, 11.6623153], [48.1429161, 11.6614619], [48.14718382, 11.65856932], [48.149815, 11.65803033], [48.14886204, 11.64997244], [48.14846047, 11.64819378], [48.14715984, 11.64339678], [48.14650652, 11.64045928], [48.14797499, 11.640612], [48.15037239, 11.64071081], [48.15356675, 11.6414115], [48.15571819, 11.64169896], [48.1570965, 11.64202235], [48.15881034, 11.64166303], [48.1603204, 11.64085454], [48.1622858, 11.64005504]]",743,26.01,0.3205,1
3-885-G-015-1,E185,Bruno-Walter-Ring - Iltisstraße,10.47,10.57,33.5,34.0,0.736,0.0,1.0,1.0,"[[48.1622858, 11.64005504], [48.16019456, 11.64029759], [48.15837889, 11.64184269], [48.15643132, 11.64165404], [48.15302138, 11.64115997], [48.15080391, 11.64065691], [48.14838255, 11.64040539], [48.14600304, 11.63983046], [48.14274826, 11.63864469], [48.14115377, 11.63691094], [48.13565657, 11.63329971], [48.13299469, 11.63363209], [48.13080633, 11.64539104], [48.12941532, 11.65070906], [48.12770049, 11.65557793], [48.12590165, 11.6613541], [48.12556586, 11.6635909], [48.1235211, 11.66734586], [48.12161418, 11.670472], [48.12010898, 11.67658054], [48.11804001, 11.68291367], [48.11710445, 11.68268909], [48.11462753, 11.68686625], [48.11138875, 11.69075596], [48.10849768, 11.69425939], [48.10650622, 11.69738552], [48.10765192, 11.70029607], [48.10381283, 11.70407797]]","[[48.10381283, 11.70407797], [48.10746597, 11.6995864], [48.10645223, 11.69703518], [48.10852767, 11.69444803], [48.11207251, 11.69073799], [48.11462753, 11.687001], [48.11741031, 11.68248247], [48.1186817, 11.68292265], [48.11991108, 11.6769758], [48.12195599, 11.67013962], [48.123683, 11.66742671], [48.12557186, 11.663007], [48.12608754, 11.66104867], [48.12766451, 11.65619777], [48.12951125, 11.65080788], [48.13109412, 11.64493289], [48.13326448, 11.63306615], [48.13584242, 11.63364107], [48.1382224, 11.63520414], [48.14136357, 11.63752179], [48.14331771, 11.63922859], [48.14797499, 11.640612], [48.15037239, 11.64071081], [48.15356675, 11.6414115], [48.15571819, 11.64169896], [48.1570965, 11.64202235], [48.15881034, 11.64166303], [48.1603204, 11.64085454], [48.1622858, 11.64005504]]",769,24.2,0.3758,1
